Patient_ID,Age,Sex,Chest_Pain_Type,Resting_BP,Systolic_BP,Diastolic_BP,Total_Cholesterol,LDL,HDL,Triglycerides,Fasting_Blood_Sugar,HbA1c,BMI,Waist_Circumference,Resting_Heart_Rate,Maximum_Heart_Rate,Exercise_Induced_Angina,Resting_ECG,ST_Depression,ST_Slope,Major_Vessels,Thalassemia,Smoking_Status,Alcohol_Consumption,Physical_Activity,Daily_Steps,Family_History,Diabetes,Hypertension,Chronic_Kidney_Disease,Stress_Level,Sleep_Hours,Diet_Quality,Heart_Disease
1,39,Male,Asymptomatic,154,154,62,359,209,35,126,137,7.6,34.3,121,56,189,Yes,Normal,1.0,Upsloping,1,Reversible Defect,Never,Occasional,Moderate,7574,No,No,Yes,Yes,Low,8.8,Average,1
2,38,Male,Non-anginal Pain,148,148,65,306,187,64,217,104,8.1,26.4,72,90,183,No,LVH,1.2,Upsloping,4,Fixed Defect,Never,Never,Low,5814,Yes,No,No,No,Medium,6.5,Average,0
3,45,Female,Typical Angina,120,120,89,248,113,64,128,84,8.6,25.8,95,79,177,No,ST-T Abnormality,0.4,Upsloping,2,Normal,Former,Frequent,Low,13762,No,No,No,Yes,High,6.7,Good,0
4,83,Male,Typical Angina,128,128,68,360,219,55,109,160,5.6,23.8,113,87,132,Yes,ST-T Abnormality,0.2,Downsloping,0,Normal,Never,Occasional,Moderate,8252,No,Yes,No,No,High,8.4,Poor,1
5,39,Female,Atypical Angina,164,164,66,261,137,62,208,179,9.1,34.9,128,95,182,No,Normal,0.5,Downsloping,2,Fixed Defect,Never,Occasional,Low,2319,Yes,No,No,No,Medium,5.6,Poor,0
6,35,Male,Atypical Angina,133,133,93,317,191,65,172,165,7.9,34.1,98,93,182,No,LVH,1.2,Flat,4,Normal,Former,Never,Low,5681,Yes,No,No,No,Low,7.1,Poor,0
7,53,Male,Asymptomatic,135,135,102,220,88,62,191,132,5.7,19.6,76,86,171,No,LVH,0.9,Flat,4,Fixed Defect,Current,Occasional,High,8735,No,No,Yes,Yes,High,7.4,Good,1
8,37,Male,Asymptomatic,123,123,77,316,184,38,276,150,5.3,26.9,111,84,186,No,LVH,0.0,Upsloping,0,Normal,Never,Never,Low,4724,No,No,No,No,Medium,5.5,Average,0
9,32,Male,Non-anginal Pain,162,162,69,363,178,74,84,86,7.5,26.3,102,67,189,Yes,LVH,2.7,Upsloping,0,Normal,Current,Frequent,Moderate,3312,Yes,No,No,Yes,High,4.8,Poor,1
10,76,Male,Non-anginal Pain,140,140,76,391,219,66,241,162,6.2,38.7,90,68,133,No,Normal,1.8,Upsloping,1,Fixed Defect,Never,Frequent,Low,11224,Yes,No,No,Yes,High,5.5,Average,1
11,41,Female,Typical Angina,101,101,102,323,147,69,297,93,8.3,37.4,79,90,180,No,ST-T Abnormality,2.8,Flat,2,Reversible Defect,Never,Never,High,13757,No,No,No,Yes,High,7.4,Average,0
12,89,Female,Asymptomatic,116,116,100,193,81,30,213,81,5.3,23.5,130,71,136,No,LVH,2.4,Upsloping,4,Reversible Defect,Former,Never,High,8049,Yes,No,Yes,No,Low,4.7,Average,1
13,30,Female,Atypical Angina,130,130,70,302,174,69,138,100,8.5,22.6,76,66,187,Yes,ST-T Abnormality,1.1,Upsloping,3,Fixed Defect,Current,Never,High,5269,No,No,Yes,No,Medium,8.2,Poor,1
14,53,Male,Non-anginal Pain,151,151,103,335,159,71,115,154,9.3,32.5,86,89,167,No,Normal,0.3,Upsloping,0,Reversible Defect,Never,Occasional,High,7663,No,No,Yes,No,High,8.9,Poor,0
15,74,Male,Non-anginal Pain,108,108,102,268,120,53,240,132,6.3,23.6,114,76,137,No,ST-T Abnormality,2.1,Downsloping,2,Normal,Current,Never,Moderate,8888,No,No,Yes,Yes,High,7.1,Average,1
16,25,Female,Non-anginal Pain,165,165,90,323,183,73,262,110,8.0,24.3,84,65,184,Yes,Normal,0.0,Upsloping,4,Normal,Former,Never,Moderate,6011,No,No,No,Yes,Medium,6.4,Good,1
17,49,Female,Asymptomatic,128,128,71,270,97,79,104,139,7.9,28.9,105,99,165,No,LVH,0.0,Flat,0,Fixed Defect,Never,Frequent,High,13784,No,Yes,No,No,Low,7.8,Average,0
18,82,Female,Typical Angina,109,109,105,274,131,47,105,99,5.9,34.5,114,73,141,No,Normal,0.4,Downsloping,2,Normal,Current,Never,Moderate,8797,No,No,Yes,No,High,6.6,Poor,1
19,51,Female,Atypical Angina,100,100,82,372,217,54,194,108,6.1,26.6,101,74,155,No,Normal,2.7,Flat,4,Fixed Defect,Never,Frequent,High,13127,No,No,No,Yes,Medium,8.6,Good,0
20,28,Female,Non-anginal Pain,148,148,80,222,116,33,282,133,6.0,31.0,75,68,188,No,ST-T Abnormality,0.0,Upsloping,3,Reversible Defect,Never,Frequent,High,2853,No,No,Yes,Yes,High,4.8,Good,0
21,30,Male,Atypical Angina,159,159,104,232,99,66,97,154,4.9,38.9,89,71,176,No,LVH,0.0,Downsloping,0,Fixed Defect,Never,Occasional,Low,13714,Yes,No,Yes,Yes,High,7.6,Good,0
22,56,Male,Non-anginal Pain,144,144,94,339,214,80,177,142,5.3,33.3,93,82,153,No,LVH,0.0,Flat,4,Reversible Defect,Current,Never,High,9135,Yes,No,No,No,High,8.1,Good,1
23,86,Female,Atypical Angina,131,131,108,236,92,47,194,107,6.5,27.6,86,84,126,No,ST-T Abnormality,1.0,Flat,2,Reversible Defect,Current,Frequent,High,6526,Yes,No,Yes,Yes,Low,5.6,Average,1
24,87,Male,Non-anginal Pain,139,139,102,252,126,55,178,175,7.4,33.2,92,92,132,No,LVH,1.4,Flat,4,Fixed Defect,Current,Occasional,Low,6118,Yes,No,No,Yes,High,5.4,Poor,1
25,48,Male,Typical Angina,137,137,74,242,142,36,211,117,8.1,22.8,78,78,177,No,LVH,1.1,Flat,0,Normal,Current,Never,Moderate,11405,No,No,No,No,Medium,6.5,Poor,0
26,31,Female,Atypical Angina,172,172,79,181,83,39,268,146,6.6,38.7,128,60,192,Yes,ST-T Abnormality,0.7,Flat,3,Reversible Defect,Never,Occasional,Low,7003,Yes,No,No,Yes,Low,7.3,Average,1
27,35,Male,Atypical Angina,129,129,78,282,190,48,178,94,7.4,23.3,111,100,186,No,Normal,0.0,Flat,2,Normal,Never,Never,Moderate,2977,Yes,No,No,No,High,7.9,Good,0
28,61,Female,Typical Angina,176,176,62,304,196,58,242,153,7.6,20.7,71,82,146,No,LVH,1.6,Flat,2,Reversible Defect,Current,Never,Moderate,14502,Yes,No,No,No,High,7.4,Average,1
29,48,Female,Asymptomatic,152,152,104,218,96,40,92,120,6.0,32.0,77,86,173,No,ST-T Abnormality,0.0,Downsloping,0,Normal,Never,Frequent,Moderate,10889,No,No,Yes,No,Low,5.3,Average,0
30,88,Female,Typical Angina,180,180,98,274,194,37,211,132,5.2,34.7,123,70,120,Yes,Normal,2.2,Flat,4,Normal,Current,Frequent,Moderate,4522,No,Yes,No,No,High,7.7,Average,1
31,86,Female,Asymptomatic,153,153,81,213,104,34,291,99,6.9,23.4,100,87,136,No,ST-T Abnormality,1.0,Flat,4,Reversible Defect,Current,Frequent,Moderate,8180,No,No,Yes,No,Low,8.9,Poor,1
32,74,Male,Typical Angina,163,163,62,280,167,54,293,136,5.3,36.8,128,63,140,No,ST-T Abnormality,2.0,Upsloping,2,Reversible Defect,Former,Never,High,8717,Yes,No,Yes,Yes,Medium,8.0,Average,1
33,68,Female,Typical Angina,169,169,62,323,151,70,181,92,8.4,32.3,115,94,160,Yes,Normal,0.9,Flat,1,Normal,Current,Frequent,Moderate,6906,Yes,No,No,Yes,Medium,8.1,Average,1
34,70,Female,Atypical Angina,148,148,99,267,114,35,129,139,7.8,27.5,99,98,153,No,ST-T Abnormality,0.4,Downsloping,4,Normal,Former,Occasional,Low,6712,Yes,Yes,Yes,Yes,Medium,8.8,Good,1
35,63,Female,Non-anginal Pain,173,173,82,230,97,45,72,152,8.9,33.2,119,91,158,No,LVH,0.4,Upsloping,3,Reversible Defect,Current,Frequent,High,10138,No,No,Yes,Yes,High,8.1,Poor,1
36,49,Female,Non-anginal Pain,104,104,97,225,80,49,261,133,5.6,32.9,78,78,158,Yes,LVH,3.9,Flat,2,Reversible Defect,Current,Frequent,Moderate,6465,Yes,No,No,No,Medium,8.9,Average,1
37,68,Male,Asymptomatic,111,111,110,322,171,65,165,93,8.0,28.3,100,80,162,No,Normal,1.9,Downsloping,2,Reversible Defect,Never,Occasional,Moderate,11995,Yes,Yes,No,Yes,High,8.2,Good,0
38,63,Female,Asymptomatic,149,149,89,251,130,64,220,175,8.2,20.6,126,78,146,No,ST-T Abnormality,1.9,Downsloping,4,Normal,Current,Occasional,Low,12086,No,Yes,Yes,No,Low,7.6,Poor,1
39,81,Female,Typical Angina,135,135,72,284,161,33,271,122,5.9,38.9,78,62,135,Yes,LVH,1.5,Upsloping,0,Normal,Former,Frequent,Moderate,5394,Yes,No,Yes,Yes,Medium,8.0,Good,1
40,25,Female,Non-anginal Pain,145,145,110,155,76,38,83,96,8.3,36.9,103,70,187,No,Normal,2.6,Downsloping,1,Normal,Never,Occasional,Low,9344,No,No,Yes,Yes,Medium,6.8,Good,1
41,30,Female,Non-anginal Pain,109,109,65,254,97,61,167,156,7.3,28.1,99,75,181,Yes,LVH,2.2,Downsloping,4,Fixed Defect,Former,Never,Moderate,14994,Yes,No,Yes,Yes,Medium,6.5,Poor,1
42,77,Female,Non-anginal Pain,160,160,64,247,135,53,212,87,7.6,36.2,105,60,151,Yes,LVH,2.2,Flat,0,Reversible Defect,Never,Never,Moderate,8730,No,No,No,No,High,4.7,Average,0
43,64,Female,Typical Angina,114,114,108,311,159,65,225,164,8.7,20.3,87,72,148,Yes,Normal,0.0,Upsloping,4,Fixed Defect,Former,Frequent,High,14491,No,No,Yes,No,Medium,4.5,Poor,1
44,76,Male,Typical Angina,120,120,83,319,177,59,296,86,5.5,21.1,118,74,131,No,LVH,1.8,Upsloping,4,Reversible Defect,Current,Never,Low,6458,No,No,Yes,No,Medium,7.2,Average,1
45,59,Male,Non-anginal Pain,105,105,74,336,194,63,144,121,5.4,34.6,101,80,152,Yes,LVH,1.9,Flat,1,Normal,Never,Never,Moderate,8229,Yes,Yes,Yes,No,Low,6.3,Good,1
46,30,Female,Asymptomatic,151,151,61,278,176,48,282,168,9.1,18.4,75,75,195,No,ST-T Abnormality,3.5,Upsloping,4,Normal,Former,Occasional,Moderate,11648,No,No,No,Yes,Medium,8.4,Good,0
47,68,Male,Atypical Angina,130,130,66,269,159,52,230,143,7.0,25.3,106,64,154,Yes,LVH,0.0,Flat,0,Reversible Defect,Never,Frequent,Moderate,12534,No,Yes,No,No,Low,6.5,Average,0
48,81,Female,Asymptomatic,136,136,64,199,79,33,188,154,7.4,35.5,120,96,147,No,LVH,0.2,Upsloping,4,Fixed Defect,Never,Frequent,Moderate,12679,Yes,No,Yes,No,High,6.6,Poor,1
49,32,Female,Asymptomatic,156,156,88,217,114,32,243,156,5.0,20.3,110,88,182,No,LVH,0.0,Flat,3,Normal,Current,Occasional,Moderate,3548,No,No,No,No,Medium,7.8,Good,0
50,44,Female,Atypical Angina,110,110,79,324,170,38,282,174,9.5,19.8,128,90,174,No,LVH,2.9,Upsloping,2,Reversible Defect,Never,Frequent,Moderate,8937,No,No,No,Yes,Medium,5.9,Poor,0
51,68,Female,Atypical Angina,167,167,62,387,199,79,247,178,7.7,22.2,127,97,152,No,Normal,0.2,Downsloping,1,Fixed Defect,Never,Never,High,8731,No,No,Yes,Yes,Medium,7.2,Good,1
52,82,Male,Asymptomatic,156,156,89,350,164,73,111,105,8.6,29.7,78,73,124,No,ST-T Abnormality,0.3,Upsloping,4,Reversible Defect,Former,Occasional,High,8081,Yes,No,No,Yes,Medium,4.9,Poor,0
53,59,Female,Typical Angina,153,153,63,280,185,52,151,92,8.7,37.9,111,80,155,No,ST-T Abnormality,0.9,Upsloping,1,Normal,Current,Never,Low,6700,No,Yes,Yes,Yes,High,6.6,Good,1
54,25,Male,Asymptomatic,130,130,79,291,178,37,86,94,8.7,18.4,101,62,200,Yes,LVH,1.5,Downsloping,4,Normal,Current,Frequent,Moderate,10443,Yes,No,Yes,Yes,Medium,6.4,Good,1
55,70,Male,Non-anginal Pain,164,164,95,372,204,64,261,82,6.5,30.6,74,56,148,No,ST-T Abnormality,2.2,Upsloping,2,Reversible Defect,Former,Frequent,Moderate,12293,Yes,Yes,No,No,Low,4.7,Good,1
56,68,Male,Non-anginal Pain,104,104,78,236,104,34,201,130,9.4,36.3,104,67,161,No,ST-T Abnormality,1.5,Flat,0,Normal,Former,Frequent,Low,5131,No,No,No,No,Low,8.4,Average,0
57,59,Male,Atypical Angina,163,163,83,300,156,41,152,93,5.2,35.6,112,88,163,No,ST-T Abnormality,1.1,Flat,4,Fixed Defect,Never,Frequent,High,13758,No,No,Yes,Yes,High,6.5,Average,1
58,30,Female,Typical Angina,120,120,61,331,173,53,102,88,5.9,31.5,111,64,181,No,ST-T Abnormality,0.8,Flat,3,Fixed Defect,Current,Frequent,Low,2530,Yes,No,No,No,Medium,6.2,Poor,1
59,42,Female,Asymptomatic,171,171,67,349,197,63,121,95,5.4,26.8,74,71,164,No,ST-T Abnormality,0.0,Upsloping,2,Reversible Defect,Never,Occasional,Moderate,3438,No,No,No,No,High,4.8,Good,0
60,62,Female,Non-anginal Pain,125,125,110,299,200,44,164,139,8.6,36.7,105,63,161,No,Normal,2.3,Downsloping,0,Normal,Former,Never,High,7067,No,No,No,No,High,6.3,Average,1
61,34,Male,Atypical Angina,123,123,109,396,211,70,111,121,9.2,39.4,84,63,183,No,ST-T Abnormality,2.5,Downsloping,4,Fixed Defect,Former,Never,Moderate,6105,Yes,No,No,No,Low,7.3,Good,1
62,36,Male,Atypical Angina,103,103,65,267,156,66,266,153,6.8,31.0,110,57,174,No,Normal,0.0,Flat,2,Reversible Defect,Former,Frequent,High,6745,No,No,No,No,Low,8.1,Good,0
63,76,Female,Typical Angina,140,140,105,283,157,68,189,95,6.1,28.0,85,75,131,No,Normal,0.6,Upsloping,2,Normal,Never,Occasional,Moderate,8293,No,No,Yes,Yes,Low,8.2,Good,1
64,65,Male,Typical Angina,164,164,89,200,75,35,142,143,7.6,34.8,123,70,159,No,LVH,2.0,Downsloping,0,Fixed Defect,Former,Occasional,Moderate,10793,Yes,No,No,Yes,Medium,5.1,Average,0
65,71,Female,Typical Angina,157,157,108,246,88,54,170,127,8.5,26.1,91,90,151,No,LVH,0.2,Flat,1,Normal,Never,Never,Moderate,11870,No,No,No,Yes,Low,4.7,Good,0
66,67,Female,Asymptomatic,178,178,107,281,151,40,146,140,8.6,29.4,93,74,145,No,ST-T Abnormality,0.2,Downsloping,4,Normal,Never,Occasional,High,11563,No,Yes,No,Yes,High,6.6,Good,0
67,54,Male,Atypical Angina,104,104,96,251,107,73,175,144,8.4,30.8,128,99,173,Yes,ST-T Abnormality,0.2,Downsloping,3,Reversible Defect,Former,Never,High,13563,Yes,Yes,No,Yes,High,6.0,Good,1
68,86,Female,Non-anginal Pain,124,124,75,307,137,69,246,170,7.1,24.9,100,72,127,No,ST-T Abnormality,1.6,Downsloping,2,Reversible Defect,Never,Occasional,Moderate,6715,Yes,Yes,No,No,Medium,8.2,Poor,0
69,62,Male,Atypical Angina,168,168,77,300,192,43,82,165,9.1,24.3,84,90,146,No,LVH,2.5,Upsloping,1,Normal,Never,Never,Low,8771,No,No,Yes,No,Low,7.6,Poor,1
70,25,Male,Typical Angina,107,107,109,269,143,50,114,133,8.9,27.0,81,60,185,No,Normal,2.2,Flat,4,Fixed Defect,Former,Never,Low,14271,No,No,No,Yes,Low,5.8,Good,0
71,38,Female,Non-anginal Pain,124,124,67,332,199,59,272,117,7.5,24.3,118,76,187,No,Normal,0.3,Upsloping,0,Reversible Defect,Former,Frequent,High,8643,No,No,No,No,Low,6.3,Poor,0
72,48,Male,Atypical Angina,174,174,106,267,138,51,85,165,5.4,28.5,89,91,182,No,Normal,0.0,Flat,2,Reversible Defect,Never,Frequent,Moderate,13527,No,No,Yes,Yes,High,8.6,Average,0
73,72,Male,Typical Angina,160,160,108,360,176,74,204,137,7.3,22.8,93,89,133,No,Normal,1.3,Downsloping,4,Normal,Current,Never,Moderate,10972,Yes,Yes,Yes,Yes,Low,6.0,Good,1
74,81,Male,Non-anginal Pain,165,165,86,199,84,59,255,82,6.7,33.0,122,84,131,Yes,Normal,1.9,Downsloping,3,Normal,Current,Frequent,Moderate,3196,Yes,No,No,No,Medium,7.7,Good,1
75,32,Male,Typical Angina,157,157,84,318,177,53,207,130,7.3,39.7,116,79,196,No,Normal,0.5,Upsloping,2,Normal,Never,Occasional,Low,9585,No,No,No,No,Low,5.6,Average,1
76,44,Female,Atypical Angina,108,108,66,185,74,45,259,85,6.7,22.1,84,93,185,No,LVH,0.1,Upsloping,0,Normal,Never,Never,Moderate,10255,No,No,No,Yes,High,7.1,Good,0
77,66,Male,Non-anginal Pain,122,122,100,265,85,65,174,99,6.2,24.6,81,98,151,No,LVH,2.1,Flat,3,Normal,Never,Never,Moderate,6927,Yes,Yes,No,No,Low,7.0,Average,0
78,42,Female,Typical Angina,106,106,77,221,93,64,118,177,7.6,23.3,112,79,167,No,LVH,1.5,Upsloping,0,Fixed Defect,Current,Never,High,7455,No,No,No,Yes,Low,8.7,Good,0
79,40,Female,Asymptomatic,148,148,89,307,152,79,95,172,7.0,38.1,123,89,170,No,ST-T Abnormality,1.1,Upsloping,3,Fixed Defect,Never,Occasional,Low,8781,Yes,No,No,Yes,High,5.2,Average,0
80,78,Female,Atypical Angina,162,162,89,304,156,46,254,149,7.1,21.4,128,65,129,No,LVH,2.4,Downsloping,1,Normal,Current,Frequent,Moderate,2554,Yes,No,Yes,Yes,Low,6.4,Good,1
81,54,Male,Non-anginal Pain,102,102,60,367,193,72,74,144,8.6,33.6,113,89,159,No,ST-T Abnormality,2.8,Upsloping,4,Normal,Never,Never,Moderate,10591,Yes,Yes,No,Yes,Low,7.3,Average,1
82,70,Female,Typical Angina,104,104,65,226,127,49,233,81,8.1,35.5,75,80,148,No,ST-T Abnormality,1.4,Flat,3,Reversible Defect,Former,Occasional,Low,11270,Yes,Yes,No,Yes,Low,5.5,Good,1
83,85,Female,Non-anginal Pain,102,102,73,199,78,41,131,152,8.7,19.0,94,92,141,No,LVH,1.0,Downsloping,0,Fixed Defect,Current,Occasional,Moderate,14379,Yes,Yes,No,Yes,High,7.9,Average,1
84,31,Male,Atypical Angina,103,103,100,331,171,79,166,135,5.7,27.6,107,72,174,No,LVH,0.2,Flat,3,Normal,Current,Frequent,High,6839,Yes,No,No,Yes,Low,5.7,Average,1
85,44,Female,Non-anginal Pain,111,111,71,231,139,36,222,156,8.5,25.0,125,82,172,No,ST-T Abnormality,0.7,Upsloping,0,Fixed Defect,Never,Occasional,Moderate,8353,Yes,Yes,Yes,Yes,High,6.8,Good,1
86,73,Male,Atypical Angina,109,109,83,327,177,49,187,93,5.4,21.1,70,71,150,No,ST-T Abnormality,1.2,Flat,3,Reversible Defect,Never,Occasional,Moderate,7399,No,No,No,No,Medium,8.2,Good,0
87,42,Female,Atypical Angina,173,173,110,301,151,48,221,149,5.6,25.1,119,70,178,No,LVH,1.6,Upsloping,0,Reversible Defect,Never,Occasional,High,13605,Yes,No,No,No,Medium,8.2,Poor,0
88,77,Female,Typical Angina,176,176,90,297,166,34,272,126,8.1,21.1,121,92,141,No,LVH,0.3,Downsloping,3,Reversible Defect,Never,Never,Moderate,3791,Yes,No,Yes,No,Low,7.4,Poor,1
89,76,Female,Atypical Angina,173,173,74,381,202,65,158,83,7.1,39.2,88,83,143,No,ST-T Abnormality,1.4,Upsloping,4,Normal,Never,Frequent,Moderate,4321,No,No,Yes,No,Medium,6.5,Poor,1
90,86,Female,Atypical Angina,113,113,103,213,99,31,179,139,5.9,28.5,95,65,121,Yes,LVH,0.0,Upsloping,1,Normal,Never,Frequent,Moderate,12769,No,No,No,No,Low,7.8,Poor,1
91,82,Female,Non-anginal Pain,168,168,71,205,86,66,222,129,7.7,26.6,107,78,138,Yes,Normal,2.3,Flat,3,Fixed Defect,Current,Occasional,High,12114,Yes,No,Yes,No,High,7.2,Good,1
92,42,Female,Atypical Angina,173,173,84,302,177,68,212,101,7.1,20.6,78,82,183,No,Normal,2.2,Flat,4,Fixed Defect,Former,Frequent,Moderate,2878,No,No,No,Yes,Medium,5.1,Average,0
93,89,Female,Typical Angina,137,137,62,313,214,31,138,179,7.4,27.0,93,72,134,No,LVH,1.7,Upsloping,3,Reversible Defect,Never,Occasional,Low,10951,Yes,No,No,No,Low,7.8,Good,1
94,56,Female,Asymptomatic,126,126,107,249,100,79,112,158,5.5,37.2,83,92,152,No,Normal,2.2,Upsloping,4,Reversible Defect,Current,Occasional,Low,10720,No,Yes,Yes,Yes,Medium,8.9,Average,1
95,62,Female,Asymptomatic,116,116,104,283,175,33,106,153,7.8,39.0,110,63,161,Yes,ST-T Abnormality,0.9,Flat,3,Fixed Defect,Current,Never,Low,12381,Yes,No,No,No,High,7.9,Good,1
96,72,Female,Atypical Angina,108,108,110,342,187,70,196,114,6.3,38.9,88,89,146,Yes,ST-T Abnormality,1.9,Downsloping,3,Reversible Defect,Current,Never,Moderate,11275,No,No,Yes,No,High,7.9,Poor,1
97,37,Female,Typical Angina,138,138,70,277,179,42,171,160,6.2,18.4,114,72,191,No,Normal,1.2,Flat,1,Reversible Defect,Former,Never,High,13529,Yes,No,No,Yes,Low,6.6,Poor,0
98,53,Female,Non-anginal Pain,129,129,84,212,103,60,164,118,5.4,18.2,119,60,154,No,Normal,2.2,Downsloping,0,Reversible Defect,Current,Never,Moderate,3120,Yes,No,No,Yes,Medium,6.1,Poor,0
99,44,Female,Non-anginal Pain,144,144,87,257,101,67,269,168,4.9,31.6,124,75,161,Yes,LVH,1.1,Flat,4,Normal,Current,Frequent,Low,11943,Yes,No,No,No,Medium,7.4,Poor,1
100,88,Female,Asymptomatic,149,149,96,268,162,50,267,89,4.9,20.5,74,81,131,No,Normal,1.6,Flat,1,Normal,Former,Never,High,2990,No,No,No,No,High,7.7,Average,0
101,79,Female,Non-anginal Pain,168,168,80,302,200,43,248,135,8.2,19.8,124,80,133,No,Normal,2.0,Upsloping,0,Normal,Never,Never,Moderate,9118,Yes,No,No,No,High,7.2,Average,0
102,47,Male,Typical Angina,121,121,83,355,202,80,267,83,6.4,18.3,97,63,160,No,ST-T Abnormality,0.0,Downsloping,2,Normal,Former,Occasional,Moderate,13670,Yes,Yes,Yes,No,Medium,6.8,Poor,1
103,88,Male,Typical Angina,100,100,62,310,128,77,211,171,8.3,26.1,96,55,135,Yes,Normal,0.0,Flat,1,Normal,Former,Occasional,Moderate,13801,No,Yes,Yes,No,Low,7.1,Poor,1
104,89,Male,Non-anginal Pain,141,141,65,316,189,48,214,180,6.2,21.9,109,90,127,Yes,Normal,2.9,Flat,1,Fixed Defect,Current,Frequent,Low,10083,Yes,No,No,Yes,Low,4.5,Average,1
105,28,Male,Non-anginal Pain,113,113,73,322,166,77,93,85,9.1,29.9,127,88,195,No,LVH,3.8,Flat,1,Reversible Defect,Never,Occasional,Moderate,9511,Yes,No,No,Yes,High,5.1,Average,0
106,34,Male,Atypical Angina,140,140,88,325,170,74,269,178,7.5,27.6,79,72,189,Yes,Normal,0.6,Upsloping,1,Fixed Defect,Never,Occasional,Moderate,7145,No,No,No,Yes,High,6.1,Poor,0
107,82,Female,Non-anginal Pain,118,118,65,204,80,43,279,102,4.9,28.2,95,100,141,No,ST-T Abnormality,0.9,Downsloping,2,Reversible Defect,Current,Frequent,Moderate,6093,Yes,No,Yes,No,Low,8.1,Poor,1
108,40,Male,Atypical Angina,133,133,64,273,91,67,93,122,5.4,19.4,130,56,188,Yes,ST-T Abnormality,1.4,Upsloping,3,Normal,Never,Frequent,Moderate,9096,No,No,No,No,Low,6.2,Average,0
109,47,Female,Atypical Angina,163,163,86,280,132,71,231,149,8.5,22.7,94,90,168,Yes,LVH,1.1,Flat,1,Fixed Defect,Current,Frequent,Low,14803,No,Yes,Yes,No,High,6.8,Average,1
110,59,Male,Non-anginal Pain,174,174,74,338,190,63,206,174,5.1,18.6,130,65,168,Yes,Normal,1.7,Downsloping,1,Fixed Defect,Current,Occasional,Low,4846,Yes,No,Yes,Yes,High,5.9,Good,1
111,70,Male,Typical Angina,122,122,91,339,196,64,154,158,5.7,33.5,78,57,158,Yes,ST-T Abnormality,1.0,Downsloping,3,Normal,Never,Occasional,High,2975,Yes,No,No,Yes,High,7.7,Poor,1
112,39,Female,Non-anginal Pain,120,120,106,254,147,50,114,170,9.4,39.1,114,82,166,No,LVH,1.1,Flat,3,Normal,Never,Frequent,Low,11649,Yes,No,No,No,Medium,7.8,Average,0
113,41,Male,Typical Angina,177,177,80,310,215,32,151,101,7.8,34.0,75,94,182,No,LVH,2.1,Downsloping,2,Reversible Defect,Never,Frequent,High,7500,No,No,No,Yes,Medium,5.4,Good,1
114,33,Female,Atypical Angina,148,148,82,271,112,56,111,137,5.1,23.6,124,89,185,Yes,Normal,1.9,Flat,3,Normal,Never,Occasional,Moderate,6278,Yes,Yes,Yes,Yes,Medium,5.3,Average,1
115,45,Male,Atypical Angina,155,155,101,311,193,75,174,169,7.4,30.0,129,65,166,No,LVH,1.5,Downsloping,1,Fixed Defect,Former,Frequent,Moderate,6612,No,No,Yes,Yes,Low,4.7,Good,0
116,87,Male,Asymptomatic,103,103,73,286,192,42,286,94,6.2,19.2,95,65,123,No,ST-T Abnormality,1.6,Flat,0,Reversible Defect,Current,Occasional,Moderate,3493,No,Yes,Yes,Yes,Medium,8.5,Average,1
117,48,Female,Typical Angina,110,110,102,238,108,78,285,129,8.6,19.0,96,77,157,No,LVH,2.5,Downsloping,4,Fixed Defect,Current,Frequent,Moderate,5860,No,No,Yes,No,Low,6.3,Good,1
118,29,Male,Non-anginal Pain,154,154,65,202,119,38,256,88,5.2,20.6,105,98,188,Yes,ST-T Abnormality,1.0,Downsloping,1,Fixed Defect,Current,Occasional,High,10514,No,No,No,Yes,High,7.3,Good,1
119,78,Male,Typical Angina,136,136,94,215,97,66,114,115,6.7,27.1,109,77,139,No,LVH,0.5,Downsloping,3,Reversible Defect,Current,Occasional,High,2635,No,Yes,No,No,High,5.6,Good,1
120,85,Female,Non-anginal Pain,129,129,68,321,195,74,256,133,7.6,37.7,75,74,122,No,Normal,0.1,Flat,2,Normal,Never,Occasional,Low,14139,No,Yes,No,No,Low,6.8,Poor,1
121,33,Female,Asymptomatic,107,107,75,221,114,42,232,95,8.0,33.6,85,57,183,Yes,ST-T Abnormality,0.8,Flat,2,Reversible Defect,Former,Occasional,Moderate,4909,No,No,No,No,Medium,5.2,Average,1
122,36,Female,Asymptomatic,126,126,77,265,126,71,235,102,7.6,18.6,70,96,181,No,Normal,1.7,Flat,0,Reversible Defect,Current,Occasional,Low,13677,No,Yes,No,No,Medium,8.3,Average,0
123,57,Male,Non-anginal Pain,171,171,101,359,200,72,233,121,8.8,28.3,86,93,154,No,LVH,0.7,Downsloping,2,Reversible Defect,Never,Occasional,Low,5086,Yes,No,No,Yes,Low,8.1,Good,0
124,76,Female,Atypical Angina,104,104,97,321,177,55,245,148,7.8,33.0,100,100,136,No,LVH,0.1,Flat,2,Reversible Defect,Current,Occasional,Low,4785,Yes,No,No,No,Low,6.6,Good,1
125,58,Male,Typical Angina,147,147,76,286,148,56,190,104,7.2,38.8,125,92,163,No,LVH,1.4,Flat,4,Reversible Defect,Never,Occasional,Low,8768,Yes,No,No,Yes,Low,9.0,Average,0
126,77,Female,Atypical Angina,100,100,88,212,115,50,195,180,8.4,21.2,75,72,147,No,Normal,1.4,Downsloping,1,Fixed Defect,Never,Frequent,Moderate,9035,No,No,Yes,No,Medium,6.2,Poor,0
127,50,Female,Typical Angina,128,128,104,212,71,70,146,117,6.9,38.9,103,77,171,Yes,LVH,0.2,Downsloping,1,Fixed Defect,Former,Occasional,Low,13252,Yes,No,No,No,Medium,6.1,Poor,0
128,46,Female,Typical Angina,146,146,105,294,199,40,222,86,7.9,18.4,111,96,159,Yes,Normal,2.1,Upsloping,2,Reversible Defect,Never,Never,Low,8828,No,Yes,No,No,Low,7.0,Average,1
129,44,Male,Asymptomatic,117,117,86,325,139,69,120,157,5.7,33.3,86,61,170,No,LVH,1.6,Upsloping,0,Fixed Defect,Former,Frequent,Moderate,8713,No,No,No,Yes,Low,7.0,Poor,0
130,86,Female,Non-anginal Pain,165,165,64,286,196,39,137,139,5.0,23.2,122,61,136,No,Normal,1.5,Upsloping,3,Fixed Defect,Never,Occasional,Moderate,13088,No,Yes,Yes,No,High,5.0,Poor,1
131,26,Male,Asymptomatic,123,123,67,229,93,53,236,101,5.3,32.6,114,80,192,No,LVH,1.1,Upsloping,3,Normal,Never,Never,Moderate,8816,No,No,No,No,Low,7.3,Average,0
132,28,Male,Typical Angina,173,173,106,287,150,30,256,111,7.1,28.6,112,91,195,No,LVH,2.2,Downsloping,2,Fixed Defect,Never,Never,Low,11147,Yes,No,No,Yes,High,8.7,Good,1
133,85,Female,Asymptomatic,170,170,101,212,82,62,92,143,6.9,37.1,77,79,133,No,ST-T Abnormality,2.2,Downsloping,4,Reversible Defect,Never,Never,High,3681,No,Yes,No,No,Low,7.0,Poor,1
134,36,Female,Asymptomatic,142,142,95,225,83,44,99,92,8.4,37.6,84,94,175,No,Normal,1.7,Flat,2,Fixed Defect,Former,Frequent,Moderate,6783,No,No,No,Yes,Low,8.5,Average,0
135,42,Female,Asymptomatic,143,143,66,331,187,80,199,97,9.3,20.4,70,81,187,No,LVH,1.9,Downsloping,3,Normal,Current,Frequent,Moderate,9091,No,No,No,Yes,High,7.1,Good,0
136,41,Male,Non-anginal Pain,143,143,78,270,133,47,285,169,7.4,26.5,90,83,164,Yes,LVH,0.1,Downsloping,3,Reversible Defect,Former,Frequent,Moderate,5560,Yes,No,No,Yes,High,7.7,Good,0
137,69,Male,Non-anginal Pain,145,145,95,281,152,75,294,134,8.6,39.6,103,85,143,No,Normal,0.7,Upsloping,4,Fixed Defect,Former,Never,Moderate,2869,Yes,No,No,Yes,Medium,7.9,Poor,0
138,61,Female,Asymptomatic,178,178,103,272,161,58,270,169,6.2,21.2,112,90,162,No,Normal,0.3,Flat,4,Fixed Defect,Never,Occasional,Moderate,14912,No,Yes,No,Yes,Low,7.8,Poor,1
139,81,Male,Asymptomatic,137,137,88,263,120,79,80,134,6.1,38.1,86,66,128,Yes,Normal,2.8,Upsloping,0,Reversible Defect,Current,Occasional,Moderate,2092,No,No,No,No,High,8.7,Poor,1
140,44,Female,Typical Angina,109,109,110,366,216,65,110,133,7.4,31.1,95,100,176,No,Normal,0.8,Flat,1,Normal,Current,Never,Moderate,12868,No,No,No,No,Medium,5.8,Good,0
141,85,Male,Non-anginal Pain,148,148,110,245,132,32,200,137,7.1,20.5,88,62,133,No,LVH,1.2,Upsloping,4,Fixed Defect,Former,Frequent,High,3349,Yes,No,Yes,Yes,High,6.9,Good,1
142,33,Male,Typical Angina,109,109,107,376,207,74,92,89,5.1,32.7,120,98,193,Yes,ST-T Abnormality,1.0,Downsloping,2,Normal,Never,Frequent,Low,5729,No,No,No,No,Medium,6.5,Average,1
143,80,Female,Asymptomatic,145,145,92,300,219,32,239,83,7.0,18.4,104,61,141,No,Normal,1.1,Upsloping,3,Reversible Defect,Former,Occasional,Moderate,10941,No,No,No,Yes,Medium,7.5,Good,1
144,72,Male,Atypical Angina,139,139,73,322,207,65,111,103,5.8,30.2,123,77,152,No,ST-T Abnormality,1.6,Upsloping,4,Normal,Never,Never,Moderate,12993,Yes,No,Yes,No,High,7.0,Average,1
145,33,Female,Atypical Angina,179,179,64,242,130,36,214,152,6.5,20.2,90,67,187,No,ST-T Abnormality,0.5,Upsloping,4,Normal,Never,Occasional,Low,6033,Yes,No,No,No,Medium,8.3,Poor,0
146,67,Female,Typical Angina,168,168,72,194,90,47,287,144,7.8,28.2,122,71,140,No,LVH,2.5,Downsloping,0,Fixed Defect,Former,Frequent,Low,5485,Yes,No,Yes,No,High,8.5,Good,0
147,85,Male,Atypical Angina,111,111,85,355,188,62,263,145,5.5,26.0,80,78,129,Yes,Normal,1.4,Downsloping,4,Reversible Defect,Current,Frequent,Low,4395,No,Yes,No,No,Low,5.5,Average,1
148,54,Male,Non-anginal Pain,105,105,62,327,169,60,283,174,6.0,23.8,104,96,166,Yes,LVH,3.8,Upsloping,4,Fixed Defect,Former,Frequent,High,8201,No,Yes,No,Yes,High,5.6,Poor,1
149,76,Female,Typical Angina,129,129,64,224,105,58,239,109,6.7,36.0,91,87,134,No,LVH,1.5,Upsloping,4,Fixed Defect,Current,Frequent,Low,9844,No,No,No,Yes,High,5.2,Average,1
150,27,Male,Typical Angina,121,121,76,302,216,39,256,164,8.7,18.9,130,66,187,No,Normal,1.7,Upsloping,4,Fixed Defect,Former,Frequent,Low,9723,No,No,No,Yes,Low,8.2,Good,0
151,43,Male,Atypical Angina,149,149,68,219,87,44,115,140,9.0,31.7,108,61,187,Yes,Normal,2.0,Downsloping,3,Reversible Defect,Former,Never,High,3526,No,No,No,Yes,High,6.9,Poor,0
152,80,Female,Typical Angina,173,173,66,334,167,52,294,149,6.7,26.1,82,82,146,No,Normal,0.3,Downsloping,1,Reversible Defect,Never,Never,High,11469,Yes,Yes,No,Yes,Medium,7.4,Good,1
153,65,Female,Atypical Angina,178,178,77,330,178,66,212,141,6.0,26.0,89,98,153,No,LVH,0.0,Flat,3,Reversible Defect,Never,Occasional,High,14055,Yes,Yes,No,Yes,High,5.5,Good,1
154,45,Male,Typical Angina,100,100,65,212,83,40,126,127,5.2,22.7,72,64,170,No,LVH,2.1,Flat,3,Fixed Defect,Former,Frequent,Moderate,12750,No,No,Yes,Yes,Low,7.4,Average,1
155,26,Male,Non-anginal Pain,178,178,70,332,200,63,269,131,6.5,36.7,95,98,200,No,ST-T Abnormality,0.0,Downsloping,0,Normal,Never,Frequent,High,2251,Yes,No,No,Yes,High,5.8,Good,0
156,69,Female,Non-anginal Pain,122,122,86,320,217,30,157,94,8.6,39.2,86,87,158,No,LVH,0.0,Downsloping,4,Fixed Defect,Never,Frequent,High,9254,No,Yes,No,No,Low,7.9,Average,1
157,83,Male,Non-anginal Pain,145,145,93,270,128,50,89,150,9.2,28.6,100,89,147,No,ST-T Abnormality,1.1,Flat,3,Normal,Current,Frequent,Low,6408,Yes,Yes,Yes,Yes,Medium,7.8,Poor,1
158,55,Female,Asymptomatic,163,163,99,184,97,37,165,159,6.3,22.5,127,55,151,No,LVH,2.0,Flat,0,Fixed Defect,Former,Never,Low,14521,No,Yes,Yes,No,Low,7.9,Poor,1
159,31,Female,Non-anginal Pain,166,166,89,228,114,59,162,158,8.9,28.5,81,75,177,Yes,LVH,0.8,Flat,0,Normal,Never,Occasional,Moderate,9722,No,No,No,No,Low,6.7,Poor,0
160,78,Female,Asymptomatic,130,130,95,238,128,36,115,133,7.1,26.0,127,82,140,Yes,LVH,0.3,Downsloping,1,Reversible Defect,Former,Frequent,High,7172,No,No,No,No,Medium,7.0,Good,0
161,31,Female,Typical Angina,133,133,83,234,94,58,159,166,9.3,20.2,82,78,182,No,LVH,1.5,Downsloping,3,Reversible Defect,Never,Frequent,High,10821,Yes,No,No,No,Medium,6.0,Good,0
162,87,Female,Typical Angina,153,153,100,265,112,70,128,120,6.3,37.6,88,94,125,No,LVH,0.3,Flat,0,Reversible Defect,Former,Frequent,Low,8479,No,No,Yes,No,Medium,7.9,Good,1
163,82,Female,Typical Angina,150,150,66,194,90,43,228,99,5.2,21.7,129,61,146,No,ST-T Abnormality,0.9,Flat,3,Normal,Never,Never,Low,14084,No,No,Yes,No,High,5.1,Good,1
164,46,Male,Asymptomatic,156,156,68,365,208,47,231,175,7.8,18.8,106,99,167,Yes,ST-T Abnormality,1.3,Downsloping,4,Reversible Defect,Current,Frequent,Moderate,10745,No,No,No,No,Medium,6.9,Poor,1
165,81,Female,Asymptomatic,160,160,94,232,104,52,274,117,7.6,26.0,120,55,127,No,Normal,2.3,Downsloping,0,Fixed Defect,Never,Never,High,8745,No,Yes,Yes,No,Low,5.2,Good,1
166,74,Female,Typical Angina,134,134,86,295,139,48,233,138,7.7,22.9,87,67,154,Yes,LVH,0.8,Downsloping,2,Fixed Defect,Former,Never,High,7253,Yes,Yes,No,Yes,Low,8.9,Poor,1
167,48,Male,Non-anginal Pain,143,143,86,201,73,61,90,176,9.3,24.2,73,74,157,No,ST-T Abnormality,2.3,Flat,0,Normal,Never,Frequent,Low,9702,Yes,Yes,Yes,Yes,Medium,8.2,Poor,1
168,40,Male,Typical Angina,160,160,84,223,94,63,260,150,7.2,26.5,86,98,181,No,ST-T Abnormality,1.2,Downsloping,1,Fixed Defect,Current,Never,Low,7905,Yes,No,No,Yes,Low,5.6,Average,0
169,66,Male,Non-anginal Pain,176,176,69,247,80,67,264,160,5.1,21.7,92,78,140,Yes,LVH,1.4,Upsloping,4,Reversible Defect,Current,Frequent,Low,14967,Yes,Yes,Yes,Yes,Medium,5.5,Good,1
170,69,Female,Atypical Angina,171,171,78,237,80,61,209,124,6.3,34.1,99,89,139,No,ST-T Abnormality,1.6,Downsloping,4,Reversible Defect,Current,Never,Low,3128,Yes,Yes,Yes,No,Medium,8.2,Good,1
171,71,Female,Atypical Angina,130,130,80,361,163,79,226,116,6.3,18.0,111,59,138,No,ST-T Abnormality,1.5,Upsloping,3,Normal,Never,Frequent,Low,12795,Yes,No,Yes,Yes,Low,5.3,Poor,1
172,50,Male,Typical Angina,132,132,63,388,204,69,123,163,7.1,28.7,126,78,173,No,Normal,0.6,Flat,0,Reversible Defect,Current,Never,Moderate,7913,No,Yes,No,No,High,4.8,Good,0
173,59,Male,Asymptomatic,168,168,84,240,95,76,261,93,8.4,34.2,106,67,165,No,ST-T Abnormality,1.2,Downsloping,1,Fixed Defect,Never,Frequent,Moderate,12899,No,No,Yes,Yes,Low,8.1,Good,0
174,76,Female,Atypical Angina,152,152,108,347,210,50,214,149,5.8,32.5,119,95,141,No,LVH,2.6,Downsloping,2,Fixed Defect,Current,Occasional,High,9412,No,No,No,No,Low,7.8,Average,1
175,27,Male,Atypical Angina,170,170,92,229,75,79,105,113,6.5,39.9,107,90,185,No,Normal,1.4,Upsloping,2,Fixed Defect,Never,Occasional,High,3505,No,No,No,Yes,High,4.8,Average,0
176,86,Male,Asymptomatic,148,148,65,291,146,32,292,95,8.9,28.7,84,58,120,No,LVH,1.4,Downsloping,3,Reversible Defect,Current,Never,Low,12385,No,No,No,Yes,Medium,6.9,Average,1
177,44,Female,Typical Angina,173,173,92,378,184,78,191,153,8.3,29.1,105,60,179,No,ST-T Abnormality,1.3,Flat,2,Normal,Current,Occasional,Moderate,10221,No,No,Yes,Yes,Low,6.7,Poor,1
178,87,Female,Asymptomatic,141,141,103,230,88,47,163,124,5.7,32.3,92,91,141,Yes,LVH,0.6,Downsloping,3,Normal,Current,Occasional,Low,4773,No,Yes,No,No,High,5.2,Poor,1
179,54,Male,Atypical Angina,136,136,60,259,132,69,124,106,7.4,33.1,118,76,154,No,ST-T Abnormality,0.8,Downsloping,2,Fixed Defect,Never,Frequent,Moderate,13959,Yes,Yes,No,Yes,Medium,7.1,Good,0
180,30,Female,Non-anginal Pain,134,134,102,195,72,34,292,163,6.6,21.7,94,97,189,No,LVH,2.3,Downsloping,0,Normal,Former,Occasional,Low,9940,Yes,No,No,Yes,Low,6.8,Average,0
181,27,Male,Non-anginal Pain,145,145,100,316,158,73,294,129,9.0,23.4,122,74,196,No,Normal,2.0,Downsloping,0,Fixed Defect,Never,Never,Low,4485,No,No,No,No,High,5.1,Good,0
182,73,Male,Atypical Angina,126,126,101,304,184,64,250,147,9.1,27.2,97,63,139,No,Normal,1.1,Downsloping,1,Reversible Defect,Never,Never,Moderate,7201,Yes,No,Yes,Yes,Low,5.9,Poor,1
183,28,Female,Atypical Angina,113,113,68,243,140,39,222,109,5.9,37.4,71,66,200,No,ST-T Abnormality,0.6,Upsloping,4,Reversible Defect,Never,Occasional,High,4196,No,No,No,No,Low,8.3,Average,0
184,85,Male,Non-anginal Pain,126,126,64,284,175,44,291,138,9.0,21.6,97,66,131,No,ST-T Abnormality,0.7,Upsloping,3,Reversible Defect,Current,Frequent,High,8232,No,Yes,Yes,No,High,8.7,Good,1
185,29,Male,Non-anginal Pain,171,171,84,293,171,77,268,116,7.0,27.9,97,88,177,No,ST-T Abnormality,2.0,Downsloping,3,Normal,Current,Frequent,Moderate,10470,Yes,No,Yes,No,High,6.5,Good,1
186,89,Male,Typical Angina,122,122,89,253,152,58,134,121,8.1,22.0,128,92,119,No,LVH,1.5,Upsloping,3,Reversible Defect,Former,Frequent,Moderate,4024,Yes,No,No,Yes,High,6.5,Average,0
187,35,Female,Asymptomatic,142,142,96,221,81,79,256,178,9.3,34.0,88,97,191,Yes,LVH,2.3,Upsloping,0,Normal,Never,Never,Moderate,5323,Yes,No,No,No,Low,6.6,Average,1
188,25,Female,Typical Angina,135,135,99,226,71,45,117,98,5.1,23.2,92,95,188,No,Normal,2.6,Upsloping,1,Normal,Never,Frequent,Low,11471,No,No,No,No,Low,4.7,Average,0
189,47,Male,Asymptomatic,146,146,62,288,115,59,285,150,5.1,32.8,100,60,159,No,Normal,0.5,Upsloping,0,Reversible Defect,Former,Occasional,High,7393,No,No,No,Yes,High,5.4,Poor,0
190,38,Male,Asymptomatic,173,173,99,304,151,46,116,158,5.9,28.6,88,77,188,No,Normal,1.9,Upsloping,3,Normal,Current,Never,Low,9616,Yes,No,No,Yes,High,9.0,Average,1
191,30,Female,Asymptomatic,139,139,79,263,135,80,255,152,7.7,25.7,71,87,183,No,Normal,2.7,Upsloping,2,Fixed Defect,Former,Occasional,Moderate,13017,No,No,No,No,Low,7.4,Average,0
192,44,Female,Atypical Angina,172,172,106,225,84,63,217,167,6.4,37.6,128,98,176,No,ST-T Abnormality,1.3,Upsloping,0,Normal,Current,Occasional,Moderate,2510,No,No,No,No,High,6.9,Poor,0
193,74,Male,Atypical Angina,111,111,91,217,78,47,270,84,8.5,31.1,128,70,145,No,Normal,1.9,Flat,2,Reversible Defect,Current,Never,Moderate,9907,Yes,No,No,Yes,Medium,8.7,Good,1
194,64,Female,Typical Angina,158,158,84,190,103,43,245,156,8.9,21.2,91,100,150,Yes,ST-T Abnormality,1.0,Upsloping,2,Normal,Current,Frequent,Moderate,14553,No,No,No,Yes,High,7.9,Good,1
195,51,Female,Non-anginal Pain,135,135,67,238,139,39,139,98,9.2,22.4,121,55,160,No,ST-T Abnormality,2.2,Downsloping,4,Normal,Current,Never,Moderate,3167,No,Yes,No,No,High,6.5,Poor,1
196,28,Female,Typical Angina,139,139,81,338,184,69,263,177,7.0,37.9,78,67,180,No,Normal,2.0,Downsloping,4,Fixed Defect,Never,Never,Moderate,9464,No,Yes,No,No,Medium,5.5,Poor,0
197,43,Female,Atypical Angina,103,103,64,314,153,59,200,93,6.7,38.1,115,85,184,No,Normal,0.6,Flat,2,Reversible Defect,Former,Frequent,High,3162,No,No,No,No,Medium,7.2,Poor,0
198,56,Male,Asymptomatic,169,169,104,330,181,66,99,155,7.6,39.4,90,70,169,No,LVH,1.3,Upsloping,0,Fixed Defect,Current,Never,Moderate,7046,No,No,Yes,Yes,High,5.0,Good,1
199,73,Female,Non-anginal Pain,119,119,88,206,70,78,215,166,6.2,28.9,130,89,148,No,ST-T Abnormality,0.6,Downsloping,2,Fixed Defect,Current,Never,High,11547,Yes,No,Yes,No,Low,8.3,Poor,1
200,72,Male,Asymptomatic,175,175,85,217,77,45,181,149,5.8,18.0,81,95,148,No,ST-T Abnormality,0.9,Upsloping,3,Normal,Never,Frequent,Low,8301,No,No,No,No,Low,5.8,Good,0
201,41,Male,Asymptomatic,153,153,89,196,104,35,168,125,5.9,18.3,97,99,170,No,LVH,0.4,Upsloping,3,Reversible Defect,Current,Occasional,Moderate,13975,Yes,No,Yes,No,Medium,8.7,Good,1
202,71,Male,Typical Angina,135,135,89,236,90,39,231,174,7.9,39.5,112,88,157,No,Normal,0.4,Downsloping,4,Reversible Defect,Never,Frequent,Moderate,11496,No,No,No,Yes,Medium,6.9,Poor,1
203,85,Female,Atypical Angina,104,104,104,254,145,48,216,86,7.9,29.3,88,93,122,No,LVH,1.4,Downsloping,3,Normal,Never,Occasional,High,9942,Yes,No,No,Yes,High,4.8,Average,0
204,57,Male,Atypical Angina,147,147,71,277,108,72,274,147,8.9,31.5,91,71,148,No,Normal,0.4,Upsloping,3,Reversible Defect,Current,Never,Moderate,10125,No,Yes,Yes,No,Low,7.5,Good,1
205,46,Male,Asymptomatic,151,151,90,222,83,40,107,147,8.9,30.7,70,74,169,No,ST-T Abnormality,1.2,Flat,3,Fixed Defect,Never,Frequent,High,7172,Yes,No,Yes,Yes,High,7.4,Average,1
206,59,Female,Non-anginal Pain,124,124,93,322,131,76,210,81,8.0,23.9,123,76,150,No,Normal,0.0,Upsloping,1,Fixed Defect,Former,Never,Moderate,10605,Yes,No,Yes,No,Medium,5.5,Average,0
207,57,Male,Typical Angina,115,115,65,248,125,68,248,103,6.0,18.7,99,93,169,No,LVH,1.3,Upsloping,1,Reversible Defect,Former,Occasional,High,6528,No,No,Yes,No,Medium,5.2,Poor,0
208,60,Male,Atypical Angina,125,125,99,318,182,34,208,178,6.8,26.4,109,80,165,No,LVH,0.0,Upsloping,0,Fixed Defect,Current,Frequent,Low,6243,Yes,No,Yes,Yes,Low,4.8,Good,1
209,57,Female,Asymptomatic,142,142,85,275,169,47,269,180,5.1,18.4,84,91,173,No,Normal,2.3,Flat,3,Reversible Defect,Never,Occasional,Low,3985,No,No,No,No,High,5.9,Poor,0
210,36,Female,Typical Angina,105,105,84,272,121,41,231,168,6.5,29.8,75,97,188,No,LVH,0.8,Flat,3,Reversible Defect,Former,Never,High,4292,Yes,No,Yes,Yes,Low,7.7,Good,0
211,55,Female,Asymptomatic,143,143,63,260,185,31,243,148,5.5,26.6,107,76,150,No,Normal,0.6,Upsloping,4,Normal,Former,Frequent,High,4319,No,No,No,Yes,Medium,8.6,Good,0
212,30,Male,Atypical Angina,121,121,97,271,94,59,121,134,6.4,33.4,123,59,197,Yes,LVH,1.6,Downsloping,4,Fixed Defect,Never,Occasional,Moderate,3979,Yes,No,No,No,Low,7.9,Good,1
213,47,Female,Typical Angina,174,174,62,241,112,58,295,142,5.2,19.4,70,63,180,No,Normal,0.5,Upsloping,1,Reversible Defect,Never,Frequent,Moderate,11727,No,Yes,No,No,High,8.1,Average,0
214,41,Male,Non-anginal Pain,163,163,99,210,79,68,177,80,7.4,21.1,82,60,169,No,Normal,0.5,Downsloping,2,Normal,Never,Frequent,Low,7929,Yes,No,No,No,High,7.5,Average,0
215,31,Male,Typical Angina,106,106,101,227,110,72,83,148,5.6,20.5,120,78,190,Yes,Normal,1.2,Flat,3,Reversible Defect,Current,Never,Moderate,3160,Yes,No,No,No,High,7.1,Average,1
216,50,Female,Atypical Angina,109,109,90,243,121,54,125,158,6.9,23.1,94,92,165,Yes,ST-T Abnormality,2.6,Upsloping,3,Fixed Defect,Never,Frequent,Moderate,5181,No,Yes,Yes,No,Low,6.0,Poor,1
217,32,Female,Atypical Angina,178,178,70,273,145,68,221,140,8.7,21.0,87,91,181,No,Normal,2.9,Downsloping,3,Fixed Defect,Never,Frequent,Moderate,6041,Yes,No,No,No,Medium,7.1,Good,0
218,44,Male,Typical Angina,161,161,104,331,178,63,247,173,6.7,27.2,83,61,172,No,Normal,2.2,Flat,0,Fixed Defect,Current,Never,Moderate,12610,Yes,Yes,No,Yes,Medium,7.5,Poor,1
219,83,Male,Non-anginal Pain,100,100,100,333,164,70,248,158,7.3,39.5,120,59,135,No,Normal,1.1,Downsloping,3,Normal,Current,Frequent,Low,7500,Yes,No,Yes,No,Low,5.0,Average,1
220,84,Male,Atypical Angina,130,130,94,242,122,38,264,108,6.3,26.0,127,62,126,No,ST-T Abnormality,1.4,Downsloping,4,Reversible Defect,Never,Occasional,Moderate,6540,Yes,Yes,No,Yes,Medium,6.1,Average,0
221,89,Male,Typical Angina,124,124,89,285,164,73,98,169,5.5,28.3,79,60,139,No,Normal,2.3,Downsloping,0,Reversible Defect,Current,Never,Moderate,6803,No,No,No,Yes,Medium,6.1,Average,1
222,27,Female,Asymptomatic,143,143,101,325,155,56,187,118,7.5,22.2,127,96,178,No,ST-T Abnormality,3.5,Upsloping,4,Fixed Defect,Current,Never,Moderate,9933,No,Yes,No,No,Low,5.2,Average,1
223,83,Male,Typical Angina,114,114,62,219,109,40,240,120,9.4,31.6,79,75,129,Yes,ST-T Abnormality,1.2,Flat,4,Reversible Defect,Never,Never,Low,10743,No,Yes,No,Yes,Low,6.3,Average,1
224,43,Female,Non-anginal Pain,173,173,102,282,145,60,246,94,8.2,38.4,127,64,162,No,Normal,1.8,Upsloping,3,Reversible Defect,Former,Frequent,Moderate,3914,No,No,No,Yes,Medium,7.3,Poor,0
225,82,Female,Asymptomatic,110,110,94,225,141,42,224,145,9.2,20.0,128,83,127,No,LVH,2.2,Flat,1,Fixed Defect,Former,Never,Low,13730,No,Yes,No,No,Medium,6.2,Average,1
226,69,Female,Typical Angina,120,120,106,310,176,58,106,106,6.2,24.8,125,82,138,No,LVH,1.8,Flat,1,Normal,Never,Frequent,High,14388,No,No,No,Yes,Low,6.3,Average,0
227,78,Male,Typical Angina,162,162,62,325,167,48,146,161,8.7,30.2,100,74,134,No,Normal,0.2,Downsloping,0,Reversible Defect,Never,Occasional,Low,8834,Yes,No,No,No,High,7.4,Poor,1
228,40,Female,Typical Angina,160,160,104,347,181,46,286,113,5.6,28.8,73,62,179,No,Normal,0.8,Flat,4,Fixed Defect,Never,Frequent,Moderate,4219,No,No,No,Yes,Low,5.7,Average,0
229,70,Male,Non-anginal Pain,176,176,108,246,116,78,245,169,8.0,24.4,76,65,143,No,LVH,0.4,Downsloping,2,Fixed Defect,Former,Never,High,2211,Yes,No,No,No,Medium,8.0,Average,0
230,68,Male,Typical Angina,114,114,86,378,204,64,192,124,6.3,20.3,93,84,160,Yes,Normal,3.0,Flat,1,Reversible Defect,Never,Frequent,High,14510,No,Yes,Yes,Yes,High,5.9,Good,1
231,40,Male,Typical Angina,109,109,61,201,90,57,190,95,9.1,20.8,72,85,166,No,Normal,1.3,Flat,4,Reversible Defect,Never,Never,Low,14362,Yes,No,No,Yes,High,5.4,Poor,0
232,48,Female,Typical Angina,178,178,75,304,160,40,253,104,9.3,18.6,80,87,164,Yes,LVH,1.4,Upsloping,4,Reversible Defect,Never,Never,Moderate,5506,No,Yes,No,No,High,7.2,Average,1
233,38,Male,Typical Angina,114,114,93,286,150,37,153,143,5.3,36.4,88,63,177,No,ST-T Abnormality,0.8,Downsloping,0,Reversible Defect,Former,Occasional,Moderate,13256,No,No,No,Yes,High,6.3,Average,0
234,49,Male,Atypical Angina,150,150,88,321,195,73,171,131,8.1,37.7,76,88,160,No,LVH,0.0,Upsloping,0,Normal,Never,Occasional,Low,5261,No,No,No,Yes,High,8.3,Average,0
235,40,Male,Asymptomatic,145,145,90,308,139,78,134,142,7.1,36.4,110,97,171,No,Normal,2.4,Upsloping,1,Normal,Current,Frequent,Moderate,2865,Yes,No,No,No,High,4.6,Poor,1
236,73,Female,Non-anginal Pain,125,125,78,375,196,80,208,149,4.9,21.4,118,97,142,No,Normal,1.1,Flat,2,Normal,Never,Occasional,High,9374,No,No,Yes,No,Medium,6.6,Poor,0
237,47,Female,Asymptomatic,170,170,103,266,98,66,221,128,7.7,37.5,92,89,165,No,ST-T Abnormality,0.7,Flat,0,Normal,Never,Never,Moderate,11674,Yes,Yes,Yes,Yes,Medium,6.1,Good,1
238,28,Female,Typical Angina,139,139,97,247,132,45,75,148,6.3,26.4,99,60,180,Yes,LVH,1.0,Flat,2,Reversible Defect,Never,Frequent,Low,8900,No,No,No,Yes,High,6.6,Poor,1
239,65,Female,Asymptomatic,164,164,108,276,122,51,232,180,5.2,30.5,124,97,155,Yes,LVH,0.4,Upsloping,1,Fixed Defect,Former,Occasional,Moderate,2778,No,No,Yes,No,Low,7.3,Poor,1
240,37,Female,Asymptomatic,164,164,79,238,89,71,172,112,7.7,24.0,99,82,172,No,LVH,3.7,Downsloping,1,Normal,Never,Never,Moderate,12286,Yes,No,No,No,Low,7.5,Good,0
241,84,Female,Asymptomatic,107,107,93,410,214,76,175,120,8.8,38.6,128,67,135,No,Normal,1.3,Downsloping,2,Normal,Current,Occasional,Moderate,6373,No,No,No,Yes,Medium,7.6,Poor,1
242,76,Male,Non-anginal Pain,104,104,72,364,213,57,238,150,5.6,20.5,124,65,146,Yes,Normal,2.9,Downsloping,2,Fixed Defect,Current,Never,Moderate,2906,Yes,Yes,Yes,No,High,5.8,Poor,1
243,77,Female,Asymptomatic,164,164,67,280,130,37,296,91,5.9,32.8,77,88,132,No,ST-T Abnormality,3.4,Flat,2,Reversible Defect,Current,Frequent,High,8388,Yes,No,Yes,No,Low,5.1,Poor,1
244,52,Female,Non-anginal Pain,154,154,90,257,98,50,191,171,6.5,27.7,89,98,171,No,Normal,0.5,Downsloping,1,Reversible Defect,Former,Never,Moderate,14115,Yes,Yes,No,Yes,Medium,7.0,Average,0
245,71,Male,Typical Angina,130,130,79,235,135,49,140,90,8.7,29.8,130,68,154,No,ST-T Abnormality,0.0,Flat,3,Reversible Defect,Never,Occasional,High,7451,No,Yes,Yes,Yes,Low,7.6,Good,1
246,33,Female,Non-anginal Pain,180,180,88,217,83,71,150,153,5.2,27.3,80,96,193,Yes,Normal,0.0,Downsloping,1,Reversible Defect,Never,Frequent,Moderate,14503,Yes,No,No,No,Medium,6.5,Good,0
247,42,Female,Typical Angina,148,148,96,295,164,41,188,105,6.0,21.8,124,69,188,No,Normal,2.5,Upsloping,1,Fixed Defect,Never,Frequent,Low,9027,No,No,No,Yes,Low,8.8,Poor,0
248,40,Male,Atypical Angina,124,124,110,210,100,44,180,106,7.6,33.8,122,72,181,No,ST-T Abnormality,0.5,Downsloping,3,Reversible Defect,Former,Never,Moderate,8853,Yes,No,No,No,Low,4.6,Average,0
249,55,Female,Typical Angina,127,127,105,244,104,50,83,122,9.2,38.0,100,79,153,No,ST-T Abnormality,0.9,Downsloping,4,Reversible Defect,Former,Frequent,Low,13625,Yes,No,No,Yes,Medium,6.8,Average,0
250,63,Female,Asymptomatic,143,143,89,278,113,62,106,113,5.3,32.8,72,63,165,No,Normal,1.0,Flat,4,Fixed Defect,Never,Frequent,Low,7907,No,Yes,No,No,Medium,7.3,Average,1
251,65,Female,Typical Angina,119,119,63,279,182,33,299,143,5.0,37.6,92,69,160,Yes,LVH,1.1,Downsloping,3,Fixed Defect,Current,Occasional,Low,10077,Yes,No,No,Yes,Low,6.1,Poor,1
252,61,Male,Atypical Angina,167,167,109,231,124,67,266,143,8.0,36.4,126,91,164,No,ST-T Abnormality,2.8,Upsloping,0,Fixed Defect,Former,Frequent,Moderate,13151,Yes,No,No,No,Medium,7.2,Poor,0
253,66,Male,Atypical Angina,142,142,62,246,138,68,124,86,8.6,18.6,88,96,145,No,ST-T Abnormality,0.5,Upsloping,4,Reversible Defect,Former,Never,Moderate,10964,No,No,No,Yes,Medium,5.6,Poor,0
254,76,Male,Typical Angina,162,162,87,224,109,37,283,127,7.2,18.5,101,74,133,No,ST-T Abnormality,2.6,Flat,2,Fixed Defect,Never,Occasional,Moderate,11225,No,Yes,Yes,Yes,Medium,8.1,Good,1
255,48,Female,Non-anginal Pain,180,180,101,277,109,61,108,96,8.0,31.9,89,88,180,No,Normal,0.0,Downsloping,3,Fixed Defect,Current,Occasional,Moderate,11314,Yes,Yes,No,Yes,Low,6.8,Good,1
256,79,Female,Asymptomatic,102,102,67,273,90,79,176,170,6.2,20.1,107,97,137,Yes,LVH,2.0,Flat,1,Reversible Defect,Never,Occasional,Low,12220,No,No,No,No,Low,5.4,Poor,1
257,58,Male,Non-anginal Pain,177,177,106,352,187,74,92,96,5.4,27.5,82,86,163,No,Normal,2.1,Upsloping,3,Reversible Defect,Never,Never,Moderate,2439,Yes,Yes,Yes,No,High,5.2,Poor,1
258,80,Male,Non-anginal Pain,162,162,90,282,109,77,283,130,5.0,19.9,70,56,136,No,Normal,1.0,Downsloping,1,Reversible Defect,Never,Occasional,Low,8810,No,No,Yes,No,Low,6.7,Average,1
259,90,Female,Atypical Angina,160,160,67,302,138,71,119,140,6.4,23.1,84,86,121,No,LVH,0.3,Upsloping,0,Reversible Defect,Former,Frequent,Moderate,7556,No,Yes,Yes,Yes,Medium,7.8,Average,1
260,78,Female,Asymptomatic,116,116,71,265,92,72,196,118,5.9,35.5,105,67,147,No,Normal,2.5,Upsloping,0,Fixed Defect,Former,Occasional,Low,7849,Yes,No,No,Yes,High,4.6,Poor,0
261,68,Female,Asymptomatic,171,171,77,284,160,79,274,138,9.3,20.5,118,64,140,No,Normal,0.8,Upsloping,0,Reversible Defect,Former,Frequent,High,14814,Yes,Yes,No,Yes,High,5.0,Good,0
262,40,Male,Typical Angina,142,142,68,220,95,39,132,140,6.4,38.0,102,62,184,No,Normal,0.9,Upsloping,3,Fixed Defect,Never,Occasional,Moderate,13717,No,No,No,No,High,7.5,Poor,0
263,78,Male,Non-anginal Pain,103,103,88,368,202,80,150,131,9.4,21.0,80,64,128,Yes,ST-T Abnormality,2.0,Upsloping,0,Fixed Defect,Current,Never,High,12816,Yes,No,No,Yes,High,8.9,Good,1
264,62,Female,Asymptomatic,167,167,99,263,158,30,248,124,9.0,26.8,120,64,146,No,LVH,0.0,Flat,1,Normal,Never,Occasional,Moderate,3380,Yes,No,No,No,Medium,7.8,Good,0
265,41,Female,Non-anginal Pain,175,175,76,215,75,31,136,160,7.2,22.7,77,70,165,No,Normal,0.2,Downsloping,0,Normal,Never,Occasional,Moderate,6881,Yes,No,No,No,Medium,8.9,Good,0
266,54,Female,Asymptomatic,113,113,80,300,166,63,252,134,8.7,24.6,75,88,158,Yes,Normal,1.8,Upsloping,2,Fixed Defect,Former,Never,Low,9802,Yes,No,No,No,Low,6.2,Good,1
267,76,Female,Typical Angina,120,120,69,364,195,76,247,107,6.9,37.2,72,87,150,No,LVH,0.0,Upsloping,4,Reversible Defect,Current,Occasional,Moderate,3945,No,No,No,Yes,Low,6.2,Average,1
268,30,Male,Typical Angina,153,153,63,260,106,39,159,88,8.9,20.6,96,74,191,Yes,ST-T Abnormality,1.9,Downsloping,3,Fixed Defect,Never,Frequent,Low,9411,No,No,No,No,Medium,8.3,Good,1
269,41,Male,Non-anginal Pain,179,179,86,307,153,35,235,91,8.9,29.1,115,79,182,No,Normal,1.0,Downsloping,3,Reversible Defect,Never,Frequent,High,7060,Yes,No,No,Yes,Low,8.8,Good,0
270,31,Male,Non-anginal Pain,131,131,105,187,74,47,172,155,5.0,34.5,125,92,185,Yes,Normal,1.5,Flat,4,Fixed Defect,Former,Never,Moderate,8798,Yes,No,Yes,No,Medium,5.7,Poor,1
271,37,Male,Non-anginal Pain,141,141,71,264,113,33,281,95,5.0,24.3,85,56,171,Yes,LVH,0.5,Downsloping,3,Normal,Never,Occasional,High,10333,No,No,No,Yes,Medium,4.8,Average,1
272,77,Male,Asymptomatic,131,131,108,345,220,73,184,90,8.8,28.7,102,90,133,No,Normal,1.8,Upsloping,2,Fixed Defect,Current,Frequent,Low,4755,Yes,No,Yes,No,High,6.5,Poor,1
273,84,Female,Typical Angina,144,144,100,295,134,73,146,91,6.7,32.4,77,68,128,No,Normal,1.1,Downsloping,4,Reversible Defect,Current,Occasional,Low,9077,Yes,Yes,Yes,No,High,8.8,Good,1
274,58,Female,Asymptomatic,100,100,98,242,154,31,212,169,8.1,24.0,118,85,172,No,ST-T Abnormality,1.8,Downsloping,1,Normal,Never,Frequent,High,12670,Yes,No,Yes,Yes,High,6.5,Poor,0
275,70,Female,Atypical Angina,147,147,72,208,72,37,93,158,7.7,36.2,121,83,160,Yes,LVH,2.0,Upsloping,2,Normal,Current,Occasional,Moderate,7947,Yes,No,Yes,No,Medium,8.6,Good,1
276,51,Male,Atypical Angina,124,124,102,346,196,40,86,155,5.4,22.3,74,91,158,No,Normal,1.3,Flat,4,Reversible Defect,Current,Never,Moderate,10570,No,No,Yes,Yes,High,4.6,Good,1
277,57,Female,Typical Angina,135,135,67,301,152,57,141,133,7.3,18.0,90,98,157,No,Normal,0.1,Flat,1,Normal,Former,Occasional,High,3340,Yes,No,No,Yes,High,6.4,Poor,0
278,56,Male,Typical Angina,142,142,76,263,76,67,280,122,7.2,21.6,85,70,171,No,Normal,2.5,Downsloping,2,Reversible Defect,Never,Occasional,Moderate,14518,Yes,No,No,No,High,5.1,Poor,0
279,29,Female,Asymptomatic,178,178,100,294,183,33,94,159,8.3,24.9,84,82,199,Yes,LVH,1.5,Downsloping,3,Reversible Defect,Never,Never,High,9428,No,No,Yes,No,Medium,8.5,Good,1
280,37,Female,Atypical Angina,176,176,105,174,97,36,135,125,6.8,32.3,116,59,175,No,LVH,1.3,Flat,1,Normal,Former,Never,Moderate,4255,Yes,No,Yes,Yes,Low,5.9,Average,0
281,90,Female,Typical Angina,101,101,93,292,157,48,178,124,5.7,24.8,82,92,119,No,LVH,2.3,Upsloping,4,Normal,Never,Occasional,Moderate,5102,No,No,No,No,High,7.6,Good,0
282,67,Female,Asymptomatic,129,129,89,224,126,30,122,131,5.7,27.2,70,94,157,Yes,ST-T Abnormality,1.6,Upsloping,2,Normal,Current,Occasional,Low,2491,Yes,Yes,No,Yes,Medium,6.5,Good,1
283,71,Male,Asymptomatic,131,131,71,275,114,51,237,180,9.0,39.5,91,67,159,Yes,Normal,1.2,Flat,1,Fixed Defect,Never,Never,Low,8056,No,Yes,Yes,Yes,High,8.9,Good,1
284,80,Male,Atypical Angina,154,154,100,331,165,50,145,99,6.3,20.6,73,70,149,No,LVH,1.7,Flat,4,Normal,Never,Frequent,Moderate,11569,No,No,Yes,Yes,High,4.9,Average,0
285,33,Male,Typical Angina,147,147,93,310,188,41,123,108,9.0,29.2,98,99,182,No,Normal,0.4,Flat,3,Normal,Former,Occasional,Moderate,8963,No,No,No,Yes,Medium,5.6,Poor,0
286,42,Male,Non-anginal Pain,159,159,87,310,156,57,167,83,5.6,24.5,84,81,177,No,ST-T Abnormality,1.2,Downsloping,2,Normal,Never,Occasional,Moderate,3350,No,No,No,Yes,Medium,8.7,Poor,0
287,40,Male,Non-anginal Pain,117,117,108,299,140,42,270,131,9.2,25.9,122,100,167,No,LVH,1.1,Downsloping,2,Normal,Former,Occasional,Low,12716,Yes,No,No,No,Low,5.5,Good,0
288,51,Female,Atypical Angina,140,140,72,287,157,80,182,137,8.8,23.1,71,82,155,No,ST-T Abnormality,2.9,Upsloping,3,Reversible Defect,Former,Never,High,7006,Yes,No,No,No,High,8.3,Average,0
289,53,Female,Asymptomatic,104,104,68,363,220,31,122,130,5.1,27.4,94,64,167,No,Normal,1.9,Flat,4,Normal,Former,Occasional,Low,11330,No,No,No,No,Low,5.3,Good,0
290,47,Male,Non-anginal Pain,129,129,78,282,168,48,202,81,5.6,36.2,125,97,167,Yes,ST-T Abnormality,0.0,Flat,0,Normal,Never,Never,High,4115,No,No,Yes,No,High,4.8,Poor,1
291,41,Male,Asymptomatic,164,164,105,281,149,67,224,111,7.3,24.8,128,98,175,No,LVH,1.8,Flat,0,Fixed Defect,Never,Occasional,Moderate,11439,Yes,No,No,Yes,Medium,7.4,Average,0
292,69,Female,Atypical Angina,123,123,104,328,180,59,296,100,6.1,26.6,110,91,158,No,LVH,1.2,Flat,0,Reversible Defect,Never,Never,Low,13436,Yes,No,No,No,Medium,9.0,Good,0
293,40,Female,Asymptomatic,105,105,89,281,134,43,289,104,6.7,19.7,70,56,188,No,ST-T Abnormality,0.7,Upsloping,2,Reversible Defect,Never,Never,Moderate,7359,No,Yes,No,No,Medium,4.8,Good,0
294,56,Female,Non-anginal Pain,115,115,94,213,95,41,109,136,6.5,21.1,83,80,169,Yes,LVH,0.2,Upsloping,0,Reversible Defect,Never,Frequent,Low,5541,No,No,No,Yes,High,8.2,Good,0
295,38,Female,Typical Angina,130,130,72,253,121,45,126,92,8.5,33.2,123,60,192,No,LVH,2.1,Upsloping,1,Reversible Defect,Never,Never,Moderate,2721,No,No,No,Yes,Medium,6.0,Good,0
296,49,Male,Atypical Angina,151,151,101,234,152,41,278,115,7.9,38.6,93,75,181,No,Normal,1.1,Upsloping,3,Normal,Never,Occasional,Low,6940,No,No,Yes,Yes,High,6.9,Good,1
297,46,Female,Atypical Angina,140,140,102,217,104,51,198,155,8.1,39.1,70,85,182,No,Normal,0.2,Upsloping,3,Reversible Defect,Former,Never,Moderate,7060,Yes,No,No,No,Low,7.3,Poor,0
298,42,Female,Asymptomatic,117,117,77,342,183,77,235,116,8.3,29.0,84,75,168,No,LVH,0.4,Flat,0,Fixed Defect,Former,Never,Low,5372,Yes,No,No,Yes,High,7.6,Poor,0
299,73,Female,Typical Angina,126,126,68,211,83,70,189,119,5.6,22.0,82,60,152,No,Normal,2.3,Flat,1,Normal,Former,Frequent,High,6079,No,No,Yes,No,High,6.5,Good,1
300,50,Female,Typical Angina,164,164,99,342,190,58,179,90,8.4,37.0,128,82,156,Yes,ST-T Abnormality,0.0,Downsloping,3,Reversible Defect,Never,Never,Moderate,11057,Yes,No,No,No,Medium,6.6,Average,0
301,61,Female,Asymptomatic,164,164,106,189,118,30,195,119,7.8,30.4,107,78,154,No,Normal,0.3,Flat,2,Normal,Current,Never,Low,8304,Yes,No,Yes,Yes,Medium,8.8,Good,1
302,69,Female,Non-anginal Pain,104,104,83,279,133,45,244,98,6.0,32.0,108,95,139,No,LVH,1.7,Downsloping,1,Normal,Never,Never,Moderate,3912,Yes,No,Yes,No,Medium,7.7,Poor,0
303,49,Female,Non-anginal Pain,152,152,108,313,167,67,261,106,9.2,21.6,95,60,178,No,LVH,1.4,Flat,1,Normal,Former,Never,Moderate,10056,Yes,No,No,Yes,Low,8.0,Average,0
304,78,Female,Atypical Angina,157,157,96,232,116,62,136,132,6.9,34.1,128,68,147,Yes,LVH,0.3,Upsloping,1,Reversible Defect,Current,Never,Low,3307,No,Yes,Yes,Yes,Medium,5.1,Poor,1
305,68,Male,Asymptomatic,105,105,66,257,71,72,156,157,6.8,30.9,93,68,146,No,LVH,0.3,Flat,2,Fixed Defect,Never,Never,Low,7918,No,No,No,No,High,4.8,Average,1
306,67,Male,Asymptomatic,167,167,77,199,76,68,228,167,7.9,18.1,100,99,139,No,LVH,2.1,Flat,2,Reversible Defect,Current,Never,High,2051,No,No,Yes,Yes,High,6.1,Poor,1
307,66,Female,Typical Angina,149,149,78,315,191,72,102,143,8.5,23.1,89,93,158,No,LVH,2.6,Downsloping,4,Fixed Defect,Current,Never,Moderate,9311,Yes,No,No,No,High,6.9,Poor,1
308,52,Male,Atypical Angina,135,135,74,250,111,50,206,161,8.2,34.6,75,71,157,No,LVH,0.0,Flat,0,Normal,Never,Frequent,Moderate,14555,Yes,No,Yes,No,Medium,8.6,Good,0
309,73,Female,Atypical Angina,173,173,83,249,118,77,286,129,9.4,35.8,90,63,147,No,ST-T Abnormality,1.1,Downsloping,0,Normal,Never,Frequent,Low,12874,Yes,Yes,Yes,Yes,Medium,4.5,Average,1
310,65,Male,Non-anginal Pain,176,176,80,225,142,39,287,170,7.5,36.0,110,74,149,No,Normal,1.2,Flat,0,Fixed Defect,Former,Frequent,Low,8171,Yes,Yes,Yes,No,Low,8.2,Poor,1
311,53,Male,Non-anginal Pain,150,150,81,251,110,31,119,169,8.8,38.3,95,82,156,No,Normal,0.6,Upsloping,0,Fixed Defect,Current,Frequent,Low,2886,No,No,No,No,High,5.2,Poor,1
312,81,Female,Atypical Angina,113,113,103,238,72,53,84,92,6.5,24.4,100,64,137,No,Normal,2.0,Upsloping,3,Normal,Current,Frequent,Moderate,12651,No,Yes,Yes,No,Low,7.3,Average,1
313,56,Male,Typical Angina,159,159,101,296,166,79,234,165,9.1,20.6,84,79,166,No,Normal,1.1,Downsloping,0,Reversible Defect,Former,Frequent,Low,9856,No,No,Yes,Yes,High,5.3,Average,1
314,80,Female,Typical Angina,150,150,95,214,117,55,202,154,7.3,30.6,122,89,125,No,LVH,1.3,Upsloping,3,Normal,Current,Frequent,High,3922,Yes,Yes,Yes,Yes,Low,7.0,Average,1
315,40,Male,Non-anginal Pain,164,164,79,168,78,35,202,180,6.2,20.8,104,78,173,Yes,ST-T Abnormality,2.7,Upsloping,1,Reversible Defect,Former,Occasional,High,13388,No,No,No,No,High,6.9,Poor,1
316,37,Male,Non-anginal Pain,145,145,77,369,211,43,136,128,7.9,23.2,80,63,170,No,ST-T Abnormality,1.0,Flat,0,Normal,Current,Occasional,High,13084,No,No,No,Yes,High,5.4,Good,0
317,59,Male,Asymptomatic,148,148,61,254,109,50,233,91,6.5,33.7,91,93,164,Yes,ST-T Abnormality,1.5,Upsloping,4,Normal,Former,Occasional,Low,2161,Yes,No,No,No,Low,6.2,Poor,1
318,40,Male,Atypical Angina,136,136,95,346,159,74,262,129,5.6,29.6,121,72,171,Yes,LVH,1.5,Downsloping,0,Reversible Defect,Current,Frequent,Low,11742,No,No,No,No,High,5.1,Poor,1
319,90,Male,Non-anginal Pain,177,177,86,310,164,75,140,134,7.2,32.5,115,100,126,Yes,Normal,3.0,Flat,4,Reversible Defect,Never,Never,High,7007,No,Yes,No,No,Low,7.4,Poor,1
320,55,Male,Typical Angina,117,117,90,234,72,57,173,81,7.7,21.6,128,86,159,No,LVH,1.0,Upsloping,4,Reversible Defect,Former,Occasional,Moderate,13511,No,Yes,No,Yes,High,7.5,Good,0
321,30,Female,Atypical Angina,165,165,82,199,89,53,287,178,8.8,39.2,88,58,187,No,ST-T Abnormality,2.5,Flat,2,Fixed Defect,Former,Occasional,Low,5490,Yes,No,No,No,Low,8.7,Good,0
322,90,Male,Asymptomatic,145,145,66,316,187,51,95,135,7.1,38.6,75,55,129,No,LVH,3.5,Downsloping,1,Normal,Never,Occasional,Low,4029,No,No,No,Yes,Low,8.0,Average,1
323,53,Female,Typical Angina,120,120,68,251,97,58,80,97,6.7,26.7,117,77,154,No,ST-T Abnormality,0.0,Upsloping,1,Normal,Never,Frequent,High,5260,No,Yes,Yes,No,Low,6.4,Good,1
324,88,Male,Typical Angina,113,113,110,261,169,38,266,167,5.9,25.1,113,56,138,Yes,ST-T Abnormality,2.8,Flat,4,Reversible Defect,Former,Frequent,High,2131,No,No,No,No,Medium,5.8,Poor,1
325,79,Male,Atypical Angina,154,154,72,282,137,74,118,155,7.8,31.6,79,85,129,No,Normal,2.5,Upsloping,4,Normal,Never,Occasional,Low,2628,No,No,Yes,Yes,Low,6.4,Good,1
326,50,Male,Typical Angina,161,161,63,271,126,51,141,124,8.1,37.0,85,87,167,No,ST-T Abnormality,2.2,Upsloping,2,Normal,Current,Never,High,2008,Yes,No,No,No,Low,5.8,Average,1
327,37,Female,Non-anginal Pain,116,116,81,256,73,73,130,163,6.1,22.1,107,78,170,No,ST-T Abnormality,1.1,Upsloping,4,Normal,Never,Never,Low,12314,Yes,No,No,Yes,High,8.9,Good,0
328,49,Male,Non-anginal Pain,168,168,106,334,191,78,298,177,8.8,33.5,128,64,180,Yes,LVH,0.0,Flat,3,Fixed Defect,Former,Occasional,Moderate,12319,Yes,No,Yes,No,Low,6.7,Good,1
329,89,Male,Asymptomatic,150,150,91,229,85,80,169,131,7.7,21.7,83,98,124,No,Normal,1.8,Upsloping,4,Normal,Never,Frequent,High,5568,Yes,Yes,No,No,High,7.7,Good,1
330,58,Female,Typical Angina,105,105,100,328,206,45,234,111,9.5,36.8,83,64,164,No,LVH,1.1,Upsloping,2,Normal,Never,Frequent,Low,7692,No,Yes,Yes,No,Low,8.8,Good,1
331,58,Male,Typical Angina,122,122,76,280,161,44,246,128,9.2,27.0,86,56,155,No,LVH,2.8,Downsloping,4,Reversible Defect,Never,Frequent,High,5377,No,No,Yes,Yes,Medium,5.7,Good,0
332,75,Male,Non-anginal Pain,123,123,71,335,196,41,111,102,8.6,27.8,113,67,137,No,LVH,0.0,Upsloping,1,Normal,Never,Never,Moderate,3180,No,No,Yes,Yes,Medium,8.6,Average,1
333,37,Male,Typical Angina,116,116,75,196,73,78,279,123,8.8,34.0,75,60,185,Yes,Normal,1.1,Upsloping,0,Fixed Defect,Never,Frequent,Low,9279,Yes,No,No,No,Medium,6.7,Poor,1
334,32,Female,Non-anginal Pain,100,100,74,314,200,56,237,116,5.9,31.8,126,56,191,No,LVH,1.1,Flat,1,Reversible Defect,Never,Frequent,Low,3841,No,No,No,Yes,Low,5.5,Average,0
335,70,Male,Non-anginal Pain,167,167,81,243,108,41,159,93,6.1,31.5,101,93,155,No,LVH,2.1,Flat,2,Fixed Defect,Current,Frequent,High,3251,Yes,Yes,No,Yes,High,5.2,Poor,1
336,74,Female,Asymptomatic,141,141,68,231,141,39,247,132,7.6,33.9,110,66,132,No,ST-T Abnormality,2.4,Upsloping,2,Reversible Defect,Never,Never,Moderate,8278,No,No,No,No,High,6.9,Good,1
337,54,Female,Typical Angina,130,130,83,251,126,74,85,124,6.5,19.8,124,55,170,No,Normal,2.5,Flat,1,Fixed Defect,Current,Never,High,11035,No,No,No,Yes,Low,8.2,Poor,0
338,42,Male,Atypical Angina,174,174,64,251,165,33,163,98,5.2,39.2,74,85,169,No,Normal,1.3,Downsloping,0,Fixed Defect,Never,Never,High,14540,Yes,No,No,No,High,5.1,Good,0
339,63,Female,Non-anginal Pain,177,177,108,186,109,33,216,144,6.2,27.1,84,66,151,Yes,ST-T Abnormality,0.4,Upsloping,3,Fixed Defect,Former,Never,Low,10544,No,No,No,Yes,High,5.5,Good,1
340,32,Male,Atypical Angina,151,151,84,329,189,60,139,93,5.3,26.6,93,65,197,No,LVH,1.8,Flat,3,Normal,Former,Never,Low,6623,Yes,No,No,Yes,Low,5.5,Poor,0
341,64,Male,Asymptomatic,161,161,62,358,214,32,198,104,6.3,30.1,95,58,156,Yes,LVH,0.2,Flat,2,Normal,Never,Frequent,High,13054,Yes,No,Yes,No,Medium,8.5,Good,1
342,37,Male,Atypical Angina,110,110,100,249,111,39,266,171,5.6,18.5,102,60,171,Yes,LVH,3.8,Downsloping,1,Reversible Defect,Current,Frequent,Low,10573,No,No,No,No,Low,6.0,Average,1
343,80,Male,Asymptomatic,180,180,91,240,89,39,94,138,6.3,37.6,129,61,125,Yes,ST-T Abnormality,1.3,Upsloping,0,Normal,Never,Occasional,Moderate,11445,No,No,Yes,No,Low,4.8,Good,1
344,83,Female,Atypical Angina,105,105,83,269,101,66,182,126,7.2,39.7,109,73,135,No,ST-T Abnormality,0.3,Flat,4,Normal,Never,Frequent,High,8769,No,No,No,No,High,4.7,Good,0
345,32,Male,Typical Angina,128,128,84,319,215,55,257,93,9.1,33.4,129,84,177,Yes,ST-T Abnormality,0.0,Flat,3,Normal,Never,Occasional,Moderate,7385,Yes,No,No,No,Medium,9.0,Average,1
346,52,Female,Asymptomatic,104,104,98,286,124,50,124,86,5.8,20.5,71,79,177,No,LVH,1.5,Flat,2,Fixed Defect,Current,Occasional,Low,12415,Yes,No,No,Yes,Low,4.8,Average,0
347,35,Female,Atypical Angina,154,154,81,201,117,33,248,135,6.5,37.2,114,74,190,Yes,LVH,2.3,Flat,4,Normal,Never,Frequent,High,14829,Yes,No,No,Yes,High,7.5,Good,1
348,43,Female,Non-anginal Pain,118,118,91,210,73,39,70,137,9.2,32.6,124,75,184,No,Normal,0.8,Downsloping,3,Fixed Defect,Current,Frequent,Moderate,11476,Yes,No,No,Yes,Low,7.9,Poor,1
349,78,Male,Asymptomatic,102,102,79,212,73,53,175,125,6.5,31.2,104,74,136,No,ST-T Abnormality,2.0,Downsloping,3,Fixed Defect,Never,Never,Moderate,4880,No,Yes,Yes,No,Medium,5.3,Good,1
350,45,Female,Asymptomatic,111,111,101,183,95,35,261,176,7.7,26.4,104,56,166,No,Normal,2.0,Downsloping,0,Fixed Defect,Never,Frequent,Low,11522,Yes,No,No,No,Medium,5.5,Average,0
351,73,Male,Atypical Angina,100,100,83,336,175,71,71,133,5.0,22.3,71,69,141,No,Normal,1.8,Flat,3,Reversible Defect,Current,Frequent,High,11829,No,No,Yes,No,Low,8.8,Average,1
352,55,Female,Typical Angina,122,122,85,261,102,70,102,144,5.4,22.2,106,75,159,Yes,ST-T Abnormality,0.7,Downsloping,1,Fixed Defect,Current,Frequent,Moderate,4605,No,No,No,Yes,Low,4.9,Average,0
353,26,Male,Asymptomatic,145,145,71,282,103,59,267,113,7.9,18.6,87,70,184,No,Normal,0.8,Upsloping,1,Reversible Defect,Never,Never,Moderate,12459,Yes,No,No,Yes,Medium,8.7,Poor,0
354,38,Male,Atypical Angina,162,162,110,230,123,55,166,120,7.8,24.2,98,56,179,Yes,Normal,2.4,Upsloping,0,Fixed Defect,Former,Never,Moderate,4927,Yes,No,Yes,Yes,Medium,9.0,Average,0
355,25,Male,Non-anginal Pain,127,127,83,323,202,62,121,91,6.4,29.5,105,62,199,Yes,LVH,1.5,Flat,1,Fixed Defect,Former,Frequent,Moderate,10123,No,No,Yes,No,Low,5.6,Poor,1
356,60,Female,Asymptomatic,154,154,98,348,194,57,179,105,7.5,20.3,93,72,160,No,LVH,1.5,Upsloping,4,Fixed Defect,Never,Never,Low,2553,No,No,No,No,Medium,7.2,Good,0
357,70,Female,Asymptomatic,147,147,69,218,88,43,215,121,9.0,18.7,105,75,157,Yes,Normal,0.6,Flat,1,Fixed Defect,Current,Frequent,Moderate,5476,Yes,Yes,Yes,Yes,High,5.8,Good,1
358,34,Female,Non-anginal Pain,135,135,86,302,196,61,130,153,4.9,33.0,71,62,193,No,LVH,0.0,Downsloping,4,Normal,Never,Occasional,Low,6659,Yes,No,No,No,Low,8.5,Good,1
359,30,Female,Asymptomatic,151,151,65,274,140,50,287,162,9.3,32.2,77,90,176,No,ST-T Abnormality,0.4,Downsloping,3,Normal,Current,Never,Moderate,5670,Yes,Yes,Yes,Yes,Low,5.0,Average,1
360,80,Male,Typical Angina,133,133,110,191,71,74,137,122,8.0,21.7,120,57,147,Yes,ST-T Abnormality,0.6,Flat,2,Reversible Defect,Never,Never,High,4257,No,Yes,No,Yes,Low,5.9,Poor,1
361,77,Female,Atypical Angina,128,128,65,292,141,50,89,143,5.1,32.7,70,71,129,No,LVH,2.3,Upsloping,1,Fixed Defect,Former,Occasional,Moderate,5078,No,No,Yes,Yes,Medium,5.4,Good,0
362,90,Female,Atypical Angina,149,149,88,233,103,44,178,101,8.0,34.7,130,94,124,Yes,LVH,1.8,Downsloping,3,Normal,Never,Never,Moderate,9552,Yes,No,No,Yes,Low,4.6,Average,1
363,48,Female,Typical Angina,127,127,69,238,91,52,82,163,6.6,18.6,129,80,166,No,ST-T Abnormality,0.7,Upsloping,2,Fixed Defect,Never,Never,High,8597,Yes,No,No,No,High,7.2,Good,0
364,80,Male,Asymptomatic,130,130,64,219,79,66,95,108,8.2,33.0,126,89,147,No,LVH,2.1,Flat,4,Fixed Defect,Never,Never,Low,4802,Yes,No,No,No,High,5.8,Good,1
365,61,Male,Asymptomatic,108,108,70,251,131,40,155,82,5.6,20.1,86,66,159,No,Normal,1.3,Upsloping,3,Reversible Defect,Former,Never,Moderate,11732,No,No,No,No,High,4.5,Poor,0
366,85,Male,Asymptomatic,112,112,66,296,198,40,258,124,9.5,19.0,86,74,120,No,LVH,1.3,Flat,3,Fixed Defect,Never,Occasional,Low,9516,Yes,Yes,No,No,Medium,7.7,Good,1
367,86,Male,Typical Angina,145,145,91,256,126,72,119,128,7.8,23.9,87,56,137,No,LVH,0.8,Downsloping,1,Reversible Defect,Never,Occasional,Moderate,10632,Yes,No,No,No,High,6.1,Average,0
368,75,Female,Asymptomatic,172,172,110,256,101,57,245,98,7.0,38.8,79,77,146,Yes,LVH,0.2,Flat,0,Reversible Defect,Former,Frequent,Moderate,12884,Yes,Yes,Yes,No,Medium,5.8,Average,1
369,26,Female,Atypical Angina,106,106,76,272,180,52,92,171,6.1,18.9,116,63,193,No,Normal,1.5,Flat,4,Reversible Defect,Never,Never,Moderate,6764,Yes,No,No,Yes,Medium,8.7,Poor,0
370,74,Female,Atypical Angina,141,141,97,275,114,66,121,118,6.2,26.8,89,63,135,No,LVH,0.0,Downsloping,2,Fixed Defect,Current,Frequent,Moderate,5004,No,No,No,No,Low,5.1,Average,1
371,65,Female,Atypical Angina,111,111,108,337,213,31,228,149,9.0,28.3,126,63,146,No,ST-T Abnormality,1.5,Upsloping,2,Fixed Defect,Never,Never,Low,8601,Yes,No,Yes,No,High,6.6,Poor,1
372,35,Male,Atypical Angina,107,107,67,356,214,60,202,98,7.4,23.9,101,92,174,No,Normal,0.0,Upsloping,0,Reversible Defect,Former,Frequent,High,4535,No,No,Yes,No,High,9.0,Poor,0
373,87,Male,Atypical Angina,103,103,92,258,122,36,285,149,6.0,20.5,109,83,131,Yes,LVH,1.9,Flat,1,Reversible Defect,Never,Frequent,Low,4018,No,Yes,No,Yes,High,4.6,Poor,1
374,55,Male,Asymptomatic,147,147,102,265,95,67,176,134,5.5,29.3,88,72,163,No,ST-T Abnormality,1.9,Upsloping,0,Reversible Defect,Former,Occasional,Low,2180,No,No,Yes,Yes,High,7.4,Good,0
375,81,Male,Atypical Angina,164,164,92,197,72,40,160,163,8.2,38.0,91,68,138,No,ST-T Abnormality,0.0,Downsloping,1,Normal,Current,Occasional,Moderate,14860,No,No,Yes,No,Low,8.6,Good,1
376,86,Female,Typical Angina,141,141,97,306,204,46,81,83,8.8,39.2,80,92,133,No,Normal,1.0,Upsloping,3,Reversible Defect,Current,Never,Moderate,10182,No,No,Yes,No,Low,8.9,Good,1
377,55,Male,Atypical Angina,132,132,67,237,86,33,152,93,8.1,37.8,94,57,152,Yes,Normal,1.3,Downsloping,0,Reversible Defect,Current,Frequent,Moderate,5272,Yes,Yes,No,No,Medium,6.5,Average,1
378,53,Male,Typical Angina,126,126,62,198,76,70,244,173,9.3,34.3,116,63,177,No,LVH,0.0,Downsloping,3,Fixed Defect,Current,Never,Low,5399,No,No,No,No,Medium,7.3,Good,1
379,42,Male,Non-anginal Pain,115,115,91,303,202,49,169,170,6.5,27.7,125,69,187,No,Normal,0.9,Flat,2,Normal,Former,Frequent,Low,11426,Yes,No,No,No,Medium,7.3,Good,0
380,39,Female,Atypical Angina,117,117,73,219,121,51,196,89,8.6,38.6,106,90,168,No,LVH,1.8,Downsloping,0,Normal,Never,Occasional,Moderate,3159,No,No,No,Yes,High,6.7,Poor,0
381,59,Male,Asymptomatic,103,103,109,206,128,31,83,129,8.4,20.3,114,67,154,No,Normal,0.1,Flat,0,Reversible Defect,Never,Occasional,Moderate,11003,Yes,No,Yes,Yes,Medium,5.0,Good,0
382,72,Female,Typical Angina,172,172,62,292,128,56,84,96,6.9,22.3,88,55,135,Yes,Normal,2.2,Flat,0,Fixed Defect,Never,Frequent,Moderate,12734,Yes,No,Yes,No,Low,7.2,Average,1
383,40,Male,Typical Angina,146,146,109,262,126,58,83,124,9.0,19.7,115,90,181,No,LVH,1.3,Flat,2,Fixed Defect,Current,Never,High,5335,Yes,No,No,Yes,Medium,7.8,Poor,0
384,40,Female,Typical Angina,163,163,62,265,186,37,85,115,8.8,33.9,94,72,182,No,ST-T Abnormality,3.3,Upsloping,2,Fixed Defect,Never,Occasional,Moderate,9274,Yes,No,Yes,Yes,Low,6.2,Good,1
385,80,Male,Typical Angina,127,127,108,317,156,46,211,129,9.3,32.5,129,56,140,No,LVH,0.0,Flat,0,Reversible Defect,Current,Occasional,High,8944,No,Yes,No,Yes,Medium,6.6,Poor,1
386,41,Male,Typical Angina,150,150,62,309,145,51,101,119,7.5,24.2,90,94,181,No,ST-T Abnormality,0.0,Upsloping,2,Fixed Defect,Current,Occasional,High,2282,No,No,No,Yes,Medium,4.7,Average,0
387,86,Male,Typical Angina,133,133,109,207,86,58,129,94,7.9,27.0,81,72,136,No,LVH,2.2,Downsloping,1,Fixed Defect,Current,Frequent,Moderate,7199,Yes,No,Yes,Yes,Low,8.8,Average,1
388,57,Male,Non-anginal Pain,164,164,88,244,159,36,216,127,8.7,32.9,113,62,157,Yes,ST-T Abnormality,2.2,Upsloping,1,Reversible Defect,Current,Occasional,Moderate,6638,Yes,No,Yes,Yes,Medium,7.2,Average,1
389,67,Female,Non-anginal Pain,119,119,97,273,164,32,125,128,8.7,37.7,72,56,160,No,LVH,1.6,Downsloping,4,Normal,Never,Occasional,Low,14494,Yes,No,No,Yes,Low,7.0,Good,1
390,78,Male,Atypical Angina,124,124,96,306,182,50,186,120,8.3,36.6,77,73,145,No,LVH,0.1,Upsloping,2,Fixed Defect,Former,Frequent,Moderate,8716,No,No,Yes,Yes,Medium,7.0,Poor,1
391,71,Female,Typical Angina,152,152,103,237,102,64,90,132,6.8,31.3,79,92,138,Yes,LVH,1.1,Flat,2,Reversible Defect,Former,Never,High,4947,No,No,Yes,Yes,Low,5.0,Average,1
392,85,Male,Atypical Angina,149,149,87,272,103,62,252,117,5.4,20.8,127,77,141,No,ST-T Abnormality,2.0,Downsloping,4,Reversible Defect,Former,Frequent,High,3765,Yes,Yes,Yes,Yes,High,8.6,Average,1
393,77,Female,Atypical Angina,119,119,60,332,220,62,200,172,7.6,34.3,130,92,135,No,Normal,0.6,Upsloping,3,Fixed Defect,Current,Occasional,Moderate,7588,Yes,No,No,No,Medium,6.0,Average,1
394,47,Male,Non-anginal Pain,140,140,66,325,141,66,127,101,6.2,18.9,128,77,174,Yes,ST-T Abnormality,0.4,Downsloping,2,Normal,Current,Never,Moderate,12918,No,No,No,Yes,Low,5.4,Good,1
395,46,Male,Typical Angina,126,126,78,313,195,31,253,170,9.1,31.2,77,91,171,No,ST-T Abnormality,0.0,Flat,2,Fixed Defect,Former,Occasional,Low,3423,Yes,Yes,No,No,High,7.5,Average,1
396,35,Male,Non-anginal Pain,140,140,62,323,201,73,118,151,7.9,34.0,126,82,192,No,LVH,1.0,Upsloping,4,Reversible Defect,Never,Frequent,Moderate,2130,Yes,No,No,Yes,High,6.2,Poor,0
397,50,Female,Non-anginal Pain,100,100,87,222,92,63,231,154,5.9,28.3,92,59,165,No,ST-T Abnormality,1.4,Downsloping,3,Reversible Defect,Former,Never,Low,6916,Yes,No,Yes,No,High,6.7,Good,0
398,75,Female,Non-anginal Pain,141,141,75,296,143,56,239,94,6.4,30.0,95,97,142,Yes,LVH,1.8,Upsloping,3,Fixed Defect,Current,Occasional,High,11847,No,Yes,Yes,Yes,Low,5.8,Good,1
399,52,Female,Asymptomatic,133,133,63,331,183,57,216,101,7.3,19.3,119,72,163,No,LVH,0.2,Upsloping,2,Reversible Defect,Never,Frequent,Moderate,7401,Yes,No,Yes,Yes,High,4.6,Average,1
400,36,Female,Non-anginal Pain,120,120,94,291,162,64,125,150,8.2,38.1,130,80,172,Yes,Normal,2.8,Upsloping,1,Normal,Former,Frequent,Moderate,3679,No,No,No,No,Low,5.2,Average,1
401,28,Male,Typical Angina,116,116,107,328,166,71,73,175,8.7,31.9,108,72,200,Yes,Normal,0.0,Upsloping,3,Reversible Defect,Current,Frequent,High,14986,No,No,Yes,Yes,High,8.4,Average,1
402,79,Male,Atypical Angina,111,111,74,308,166,48,167,82,9.5,24.6,116,81,134,No,ST-T Abnormality,1.2,Flat,2,Reversible Defect,Current,Frequent,Moderate,3774,No,No,Yes,Yes,High,8.9,Average,1
403,54,Female,Atypical Angina,121,121,73,238,91,36,196,112,6.7,26.1,117,86,158,Yes,ST-T Abnormality,2.1,Upsloping,3,Normal,Never,Occasional,High,13288,No,No,No,Yes,Medium,7.6,Good,1
404,87,Female,Typical Angina,109,109,84,220,90,36,112,105,6.9,24.9,77,63,119,Yes,Normal,2.3,Flat,4,Fixed Defect,Current,Never,Moderate,12259,No,No,Yes,Yes,High,8.4,Average,1
405,76,Male,Non-anginal Pain,147,147,96,371,203,50,202,157,6.0,24.5,99,96,149,Yes,Normal,0.5,Flat,4,Reversible Defect,Current,Frequent,Moderate,4217,Yes,No,Yes,No,Low,5.9,Poor,1
406,44,Female,Non-anginal Pain,112,112,63,348,207,59,232,151,9.0,19.5,92,94,172,No,LVH,1.1,Upsloping,0,Normal,Never,Occasional,Moderate,6656,No,No,No,No,Medium,7.3,Average,0
407,57,Male,Asymptomatic,175,175,101,240,96,38,70,180,5.9,19.7,83,79,163,No,Normal,2.0,Downsloping,4,Normal,Never,Never,Low,4700,No,Yes,No,Yes,Medium,4.9,Poor,1
408,42,Female,Atypical Angina,160,160,82,313,170,54,232,115,8.1,27.4,123,74,172,No,ST-T Abnormality,0.1,Downsloping,0,Fixed Defect,Current,Occasional,Low,13388,No,No,No,Yes,High,8.5,Good,0
409,69,Male,Atypical Angina,124,124,84,304,124,69,71,155,6.3,18.6,76,78,156,No,ST-T Abnormality,1.9,Flat,2,Reversible Defect,Former,Never,Moderate,11941,No,No,No,Yes,High,5.7,Average,0
410,75,Male,Typical Angina,177,177,100,252,77,75,79,127,4.9,39.9,127,84,140,Yes,LVH,1.2,Upsloping,4,Reversible Defect,Never,Frequent,Moderate,4898,Yes,No,Yes,Yes,Medium,8.3,Poor,1
411,32,Female,Typical Angina,102,102,81,308,119,71,240,131,6.8,32.0,112,98,188,No,LVH,2.6,Upsloping,2,Normal,Former,Never,High,14473,Yes,Yes,Yes,No,Low,5.3,Poor,1
412,60,Male,Asymptomatic,144,144,67,307,149,47,93,103,8.2,33.2,81,76,156,No,ST-T Abnormality,3.8,Downsloping,0,Reversible Defect,Current,Never,High,14561,Yes,No,No,Yes,Low,7.4,Average,1
413,35,Male,Non-anginal Pain,148,148,105,198,103,49,296,105,5.6,24.8,88,73,190,No,ST-T Abnormality,0.3,Downsloping,1,Fixed Defect,Current,Occasional,Moderate,3514,No,No,No,No,High,6.1,Good,0
414,82,Male,Typical Angina,126,126,81,309,181,52,201,178,5.8,18.8,83,99,132,No,ST-T Abnormality,0.8,Flat,2,Normal,Former,Never,Low,10471,Yes,No,Yes,No,Low,6.6,Average,1
415,72,Female,Asymptomatic,160,160,81,205,72,40,262,82,6.9,32.5,109,76,138,No,ST-T Abnormality,1.6,Downsloping,1,Reversible Defect,Never,Frequent,Moderate,9126,No,No,Yes,No,Low,5.6,Average,1
416,68,Female,Atypical Angina,154,154,109,328,199,36,201,101,9.1,32.9,126,72,144,No,LVH,2.1,Downsloping,0,Reversible Defect,Current,Never,High,11305,Yes,No,No,Yes,High,6.0,Poor,1
417,36,Female,Atypical Angina,138,138,79,211,107,42,245,151,8.8,35.4,93,60,189,Yes,Normal,1.3,Flat,1,Normal,Never,Occasional,Moderate,3636,No,No,No,No,High,5.5,Average,0
418,73,Female,Non-anginal Pain,136,136,103,240,104,55,259,155,4.9,33.5,126,82,138,No,LVH,1.6,Upsloping,0,Normal,Never,Occasional,High,7935,No,No,Yes,Yes,High,7.2,Average,1
419,34,Male,Atypical Angina,136,136,79,232,116,57,111,130,8.0,21.0,123,79,175,No,Normal,3.7,Flat,3,Normal,Never,Occasional,Moderate,13240,Yes,No,No,No,Low,5.2,Poor,0
420,89,Female,Non-anginal Pain,133,133,107,226,83,49,252,122,8.8,33.1,93,95,138,No,Normal,1.7,Upsloping,3,Fixed Defect,Former,Frequent,Moderate,14445,No,Yes,No,Yes,Low,4.5,Good,0
421,58,Male,Typical Angina,158,158,83,219,80,37,208,114,5.6,29.3,92,58,153,No,ST-T Abnormality,1.2,Upsloping,2,Fixed Defect,Never,Occasional,Moderate,6877,Yes,No,No,Yes,Medium,7.8,Good,0
422,75,Male,Non-anginal Pain,179,179,75,290,140,52,107,157,9.4,21.9,110,88,137,No,Normal,2.1,Flat,0,Reversible Defect,Never,Frequent,Moderate,3290,No,No,Yes,No,Medium,6.3,Poor,1
423,57,Male,Non-anginal Pain,169,169,110,321,147,69,269,103,6.1,36.4,112,70,151,No,Normal,0.4,Downsloping,3,Fixed Defect,Never,Never,Low,13111,No,No,Yes,No,Low,6.3,Poor,0
424,78,Male,Asymptomatic,128,128,64,239,127,31,232,156,6.3,24.0,94,94,143,No,ST-T Abnormality,2.0,Downsloping,4,Normal,Former,Occasional,Low,7580,No,No,No,No,Medium,5.2,Good,1
425,88,Male,Non-anginal Pain,162,162,95,371,216,35,185,166,7.0,29.7,79,77,140,Yes,LVH,2.2,Downsloping,2,Normal,Never,Frequent,Moderate,7761,No,Yes,Yes,No,Low,7.9,Average,1
426,87,Male,Asymptomatic,114,114,96,281,171,43,160,176,5.8,26.3,127,73,138,No,LVH,1.1,Flat,3,Fixed Defect,Current,Occasional,Low,12326,Yes,No,Yes,No,High,6.9,Average,1
427,53,Female,Asymptomatic,100,100,94,246,115,55,177,132,5.7,28.9,71,76,153,No,LVH,2.2,Upsloping,3,Normal,Never,Frequent,High,12156,Yes,No,No,No,Low,6.0,Poor,0
428,46,Female,Atypical Angina,124,124,70,339,169,65,252,105,6.3,33.1,88,84,173,No,Normal,3.1,Upsloping,1,Normal,Former,Frequent,High,9555,No,No,Yes,Yes,High,7.2,Poor,1
429,47,Female,Typical Angina,108,108,60,254,110,45,136,171,7.3,29.0,115,57,162,No,LVH,3.4,Downsloping,3,Reversible Defect,Never,Frequent,High,2388,No,Yes,No,No,High,4.8,Average,0
430,30,Female,Non-anginal Pain,174,174,108,208,96,39,132,141,5.8,26.8,76,62,177,Yes,ST-T Abnormality,0.0,Downsloping,3,Reversible Defect,Never,Never,High,9507,No,No,No,Yes,Medium,6.0,Good,1
431,81,Female,Non-anginal Pain,103,103,74,246,107,63,191,171,6.9,35.3,88,78,131,No,Normal,0.6,Downsloping,1,Reversible Defect,Former,Never,High,4400,No,No,No,No,Medium,7.4,Poor,0
432,52,Female,Non-anginal Pain,179,179,70,358,202,55,203,127,6.6,21.3,129,77,158,Yes,ST-T Abnormality,3.5,Downsloping,4,Normal,Former,Frequent,High,9897,Yes,Yes,Yes,No,Medium,4.6,Poor,1
433,68,Male,Atypical Angina,158,158,96,275,120,52,259,105,6.5,24.8,72,95,162,No,ST-T Abnormality,2.2,Downsloping,4,Normal,Current,Occasional,High,10313,Yes,Yes,Yes,No,High,8.8,Good,1
434,35,Male,Atypical Angina,122,122,62,274,132,44,257,88,9.1,27.8,78,93,187,No,LVH,0.0,Flat,0,Normal,Current,Never,Low,5728,Yes,No,No,No,Medium,4.9,Poor,0
435,65,Male,Atypical Angina,138,138,96,295,125,68,220,161,7.7,22.3,99,55,147,No,Normal,2.5,Flat,3,Fixed Defect,Never,Frequent,Moderate,6435,No,Yes,Yes,Yes,Medium,6.8,Good,1
436,61,Female,Atypical Angina,162,162,60,282,182,37,180,166,6.2,23.8,129,75,153,No,ST-T Abnormality,0.3,Flat,1,Reversible Defect,Former,Frequent,Moderate,10824,Yes,No,Yes,Yes,Low,7.9,Poor,1
437,64,Female,Non-anginal Pain,141,141,70,348,216,73,191,163,7.6,25.0,96,67,142,No,LVH,1.5,Flat,1,Normal,Never,Occasional,Moderate,9732,No,No,Yes,No,Low,5.9,Good,0
438,70,Female,Atypical Angina,145,145,101,298,173,33,253,112,6.2,27.9,93,63,146,No,Normal,1.7,Flat,0,Fixed Defect,Never,Occasional,High,7336,Yes,No,Yes,Yes,High,6.8,Average,1
439,38,Male,Non-anginal Pain,162,162,75,249,81,79,207,127,6.9,23.3,88,72,173,No,Normal,1.5,Flat,2,Normal,Current,Frequent,Moderate,3212,No,No,No,No,Low,8.4,Good,0
440,63,Male,Non-anginal Pain,102,102,68,352,212,63,267,137,8.3,30.4,83,59,142,No,Normal,1.3,Flat,2,Fixed Defect,Former,Never,Moderate,9549,No,No,Yes,No,Low,7.5,Good,1
441,58,Female,Asymptomatic,107,107,92,334,194,33,142,153,6.4,31.3,74,78,172,No,LVH,3.7,Upsloping,2,Reversible Defect,Former,Never,Moderate,11147,Yes,No,Yes,Yes,High,8.3,Poor,1
442,84,Male,Asymptomatic,109,109,71,261,108,71,172,153,6.2,34.5,109,96,128,No,ST-T Abnormality,1.1,Upsloping,4,Normal,Never,Never,Moderate,7281,No,No,Yes,Yes,Medium,8.4,Good,0
443,66,Female,Atypical Angina,118,118,73,320,217,39,208,124,9.3,32.4,90,74,159,Yes,ST-T Abnormality,0.0,Upsloping,0,Reversible Defect,Current,Never,High,5304,No,Yes,No,Yes,Medium,9.0,Poor,1
444,52,Female,Asymptomatic,148,148,63,200,76,58,221,95,5.2,18.6,81,83,164,No,LVH,0.7,Downsloping,1,Reversible Defect,Never,Frequent,High,3993,Yes,No,No,Yes,Low,8.7,Good,0
445,70,Female,Non-anginal Pain,102,102,60,335,200,37,284,88,6.8,27.1,124,79,135,No,LVH,1.6,Flat,2,Normal,Former,Frequent,Moderate,3383,No,Yes,Yes,No,Low,8.8,Average,1
446,66,Male,Asymptomatic,107,107,98,312,190,78,280,100,6.8,21.1,81,68,141,No,LVH,1.1,Upsloping,2,Reversible Defect,Never,Frequent,Low,4975,No,Yes,No,Yes,Low,4.6,Poor,1
447,64,Female,Atypical Angina,104,104,107,285,154,31,110,92,4.9,31.8,127,64,153,Yes,Normal,0.2,Upsloping,4,Fixed Defect,Never,Never,High,3841,No,No,Yes,No,Medium,8.4,Good,1
448,81,Male,Asymptomatic,169,169,83,254,135,38,261,153,5.7,36.9,84,94,128,No,LVH,2.1,Upsloping,3,Normal,Former,Never,High,12800,Yes,No,Yes,Yes,High,6.3,Good,1
449,38,Male,Asymptomatic,134,134,108,379,203,63,231,86,8.5,23.0,81,63,182,No,Normal,0.5,Upsloping,0,Reversible Defect,Never,Never,High,5896,Yes,No,No,No,Medium,4.6,Average,0
450,86,Female,Non-anginal Pain,169,169,88,328,186,69,156,103,6.0,22.1,121,62,121,No,ST-T Abnormality,0.1,Downsloping,4,Fixed Defect,Never,Frequent,High,3581,No,No,No,No,Low,8.0,Average,0
451,28,Male,Atypical Angina,157,157,87,233,102,52,106,167,5.8,20.1,71,90,200,No,Normal,1.8,Downsloping,4,Reversible Defect,Never,Occasional,Moderate,10611,Yes,No,No,Yes,High,6.1,Poor,0
452,46,Female,Non-anginal Pain,154,154,72,290,108,64,203,133,9.0,21.5,99,72,183,No,ST-T Abnormality,1.1,Upsloping,3,Reversible Defect,Current,Occasional,Low,2005,Yes,No,No,No,High,7.0,Average,1
453,51,Male,Atypical Angina,153,153,85,247,132,55,298,131,5.4,19.3,117,92,173,Yes,LVH,0.8,Downsloping,2,Normal,Current,Never,High,9264,Yes,No,Yes,No,Medium,4.5,Poor,1
454,64,Male,Non-anginal Pain,158,158,69,403,208,77,80,128,8.7,35.0,86,59,142,No,Normal,1.8,Downsloping,2,Fixed Defect,Never,Occasional,High,11584,Yes,No,Yes,No,Medium,5.5,Poor,1
455,36,Female,Non-anginal Pain,135,135,106,207,84,70,91,81,5.3,23.3,121,72,186,No,ST-T Abnormality,0.5,Upsloping,2,Reversible Defect,Current,Occasional,Moderate,5627,No,No,No,No,Low,9.0,Good,0
456,87,Female,Asymptomatic,115,115,108,213,95,66,253,175,5.0,31.3,111,70,132,No,ST-T Abnormality,2.5,Flat,4,Reversible Defect,Never,Frequent,Low,2610,No,No,No,No,High,8.6,Poor,0
457,48,Male,Atypical Angina,144,144,82,317,186,46,123,151,8.4,31.9,105,70,174,No,LVH,2.3,Flat,2,Reversible Defect,Never,Occasional,Low,14342,No,No,Yes,Yes,Medium,8.4,Average,1
458,70,Male,Asymptomatic,148,148,72,330,197,70,299,126,8.3,25.0,80,71,138,No,ST-T Abnormality,1.5,Upsloping,2,Normal,Never,Never,Moderate,11532,No,No,No,No,High,6.9,Average,0
459,34,Male,Typical Angina,168,168,82,265,107,75,152,108,6.9,20.1,72,80,192,No,Normal,3.2,Downsloping,2,Normal,Former,Frequent,High,6485,Yes,No,No,No,Low,8.2,Poor,0
460,56,Male,Asymptomatic,171,171,95,344,193,58,297,129,8.3,27.7,115,91,168,No,ST-T Abnormality,2.7,Flat,4,Fixed Defect,Never,Occasional,High,7972,Yes,No,Yes,No,High,6.1,Good,0
461,42,Female,Atypical Angina,168,168,80,374,199,75,217,86,7.0,36.9,98,61,163,No,ST-T Abnormality,1.3,Downsloping,4,Fixed Defect,Former,Never,Low,4807,Yes,No,No,No,High,7.4,Average,1
462,86,Male,Atypical Angina,162,162,87,268,77,75,149,148,8.1,19.4,89,100,120,No,ST-T Abnormality,2.1,Upsloping,3,Reversible Defect,Never,Frequent,Low,8670,Yes,No,No,No,Low,8.9,Poor,0
463,70,Male,Asymptomatic,122,122,71,280,119,45,216,169,9.3,35.0,94,56,140,No,ST-T Abnormality,1.1,Flat,0,Reversible Defect,Never,Occasional,Low,4269,No,Yes,Yes,Yes,Low,5.9,Poor,1
464,80,Female,Typical Angina,112,112,93,238,90,51,94,101,4.8,29.0,103,71,150,No,Normal,0.3,Upsloping,0,Fixed Defect,Never,Occasional,High,7017,Yes,Yes,Yes,No,Low,8.8,Poor,0
465,88,Male,Typical Angina,156,156,105,293,165,66,276,119,9.2,29.8,76,66,126,Yes,ST-T Abnormality,1.3,Downsloping,0,Normal,Former,Frequent,Low,10494,Yes,No,Yes,Yes,Medium,5.4,Poor,1
466,68,Female,Atypical Angina,131,131,83,328,211,34,273,131,5.0,38.4,73,64,155,No,ST-T Abnormality,1.0,Downsloping,3,Reversible Defect,Never,Frequent,Low,3618,Yes,No,Yes,No,High,7.0,Good,1
467,75,Male,Asymptomatic,110,110,91,318,173,57,271,178,6.1,24.2,113,56,140,Yes,LVH,0.0,Upsloping,2,Reversible Defect,Never,Never,Moderate,5081,Yes,Yes,No,No,High,7.9,Good,1
468,47,Female,Atypical Angina,165,165,93,335,207,33,95,138,9.3,34.3,127,66,167,No,Normal,0.7,Downsloping,0,Fixed Defect,Never,Never,Low,13698,Yes,No,Yes,No,Low,7.1,Good,1
469,26,Male,Atypical Angina,122,122,84,285,131,72,136,134,8.0,38.3,115,69,193,No,LVH,0.7,Flat,4,Normal,Current,Frequent,Low,14069,No,No,No,No,High,4.5,Average,0
470,73,Female,Typical Angina,116,116,102,300,171,32,110,142,5.1,36.5,104,99,150,Yes,ST-T Abnormality,1.5,Upsloping,0,Reversible Defect,Never,Occasional,Low,13155,No,Yes,No,No,High,5.8,Good,1
471,58,Male,Typical Angina,166,166,62,295,197,42,276,88,5.9,34.7,109,85,157,Yes,ST-T Abnormality,1.5,Flat,1,Reversible Defect,Never,Never,Low,9242,Yes,No,No,Yes,Low,7.8,Poor,0
472,26,Male,Non-anginal Pain,119,119,78,227,84,55,182,83,8.9,25.5,74,87,200,Yes,Normal,3.1,Downsloping,1,Reversible Defect,Never,Occasional,Low,11123,Yes,No,No,Yes,High,8.8,Poor,0
473,39,Male,Typical Angina,113,113,103,254,164,32,289,108,8.4,27.0,72,69,191,No,LVH,0.0,Downsloping,4,Normal,Never,Never,High,12630,No,No,No,No,Medium,7.6,Average,0
474,82,Male,Asymptomatic,146,146,74,276,109,59,135,100,6.5,33.0,71,64,139,No,ST-T Abnormality,0.5,Flat,1,Normal,Current,Never,Moderate,9535,No,No,Yes,Yes,Medium,5.1,Good,1
475,70,Male,Atypical Angina,143,143,80,314,169,59,293,173,7.9,38.7,109,97,148,Yes,ST-T Abnormality,0.5,Flat,1,Reversible Defect,Current,Occasional,Moderate,8140,No,No,Yes,Yes,Medium,5.1,Poor,1
476,82,Female,Atypical Angina,149,149,93,281,156,65,168,152,7.9,37.9,87,82,143,No,LVH,1.1,Downsloping,0,Reversible Defect,Never,Never,Low,12506,No,No,No,Yes,Low,6.4,Average,0
477,56,Male,Non-anginal Pain,108,108,65,204,79,73,300,125,5.8,34.8,79,56,174,No,Normal,1.8,Flat,0,Normal,Current,Occasional,Moderate,12211,No,No,No,No,Medium,6.0,Poor,0
478,62,Female,Atypical Angina,120,120,95,367,206,69,99,164,9.2,20.2,128,90,148,No,ST-T Abnormality,0.5,Upsloping,2,Normal,Never,Never,Moderate,8241,No,No,No,No,Medium,5.3,Poor,0
479,71,Female,Typical Angina,110,110,83,350,215,52,272,165,5.7,30.9,110,59,154,Yes,ST-T Abnormality,0.9,Flat,1,Reversible Defect,Current,Never,High,7811,No,Yes,No,Yes,High,8.5,Average,1
480,46,Female,Asymptomatic,106,106,101,306,195,50,156,85,6.1,36.7,118,70,162,No,LVH,2.2,Flat,3,Reversible Defect,Former,Never,High,7454,Yes,Yes,Yes,Yes,High,4.5,Good,1
481,27,Female,Atypical Angina,165,165,110,303,166,51,195,116,6.1,26.4,128,82,190,No,ST-T Abnormality,1.8,Downsloping,2,Normal,Never,Frequent,Moderate,7220,Yes,No,No,Yes,Low,8.1,Poor,0
482,56,Male,Non-anginal Pain,143,143,99,160,89,30,97,158,5.4,21.9,115,59,170,No,Normal,1.9,Upsloping,3,Reversible Defect,Never,Never,Low,5040,Yes,Yes,No,Yes,Low,6.4,Good,0
483,54,Male,Asymptomatic,177,177,105,298,120,75,71,90,5.6,19.1,82,66,161,No,ST-T Abnormality,0.3,Upsloping,0,Reversible Defect,Former,Frequent,Moderate,5102,Yes,Yes,Yes,Yes,Low,5.3,Average,1
484,54,Male,Non-anginal Pain,144,144,107,254,125,57,86,87,5.1,26.7,92,70,160,Yes,LVH,0.0,Upsloping,2,Reversible Defect,Never,Occasional,Moderate,3309,No,No,Yes,Yes,High,7.5,Average,0
485,71,Male,Asymptomatic,162,162,80,303,164,61,189,139,6.3,30.5,120,89,136,Yes,ST-T Abnormality,0.9,Flat,2,Fixed Defect,Never,Occasional,High,4501,Yes,No,Yes,No,Medium,8.8,Poor,1
486,65,Female,Non-anginal Pain,123,123,73,268,114,39,75,143,6.6,39.8,89,61,165,No,LVH,1.0,Flat,1,Normal,Never,Never,High,9971,No,No,Yes,No,Medium,8.8,Poor,1
487,87,Male,Asymptomatic,163,163,73,257,106,45,226,95,7.6,25.8,103,81,128,Yes,ST-T Abnormality,1.0,Flat,2,Reversible Defect,Current,Occasional,Moderate,13280,Yes,Yes,No,No,High,8.9,Poor,1
488,27,Female,Atypical Angina,135,135,95,320,150,70,152,180,7.8,26.1,128,76,185,No,Normal,1.7,Downsloping,1,Reversible Defect,Former,Frequent,High,5883,Yes,No,No,No,High,6.6,Poor,0
489,65,Male,Asymptomatic,149,149,109,269,138,34,133,108,7.8,26.5,90,67,140,No,ST-T Abnormality,1.0,Downsloping,0,Fixed Defect,Former,Frequent,Moderate,4394,No,Yes,Yes,No,Medium,8.9,Good,1
490,50,Male,Non-anginal Pain,136,136,75,286,119,63,106,117,4.9,39.1,111,79,167,No,LVH,0.3,Flat,0,Normal,Current,Occasional,Moderate,9617,Yes,No,Yes,No,High,6.2,Poor,1
491,81,Female,Asymptomatic,141,141,61,234,111,67,210,83,7.8,20.4,111,62,148,No,ST-T Abnormality,0.3,Flat,2,Normal,Current,Occasional,Moderate,12044,Yes,Yes,Yes,No,Medium,7.0,Good,1
492,30,Male,Non-anginal Pain,130,130,65,219,96,63,196,131,7.4,33.9,103,78,189,No,ST-T Abnormality,0.9,Downsloping,3,Fixed Defect,Current,Frequent,Low,4539,Yes,No,No,Yes,Medium,5.2,Average,0
493,54,Male,Asymptomatic,128,128,108,269,192,32,265,117,7.1,19.2,112,69,172,No,LVH,1.8,Downsloping,3,Fixed Defect,Former,Frequent,Moderate,3113,Yes,No,Yes,Yes,High,4.7,Poor,1
494,87,Male,Non-anginal Pain,168,168,60,273,171,43,110,105,8.3,25.7,86,95,120,No,ST-T Abnormality,1.9,Upsloping,2,Fixed Defect,Former,Occasional,High,8432,Yes,Yes,No,No,Medium,4.6,Good,1
495,90,Female,Atypical Angina,138,138,104,276,122,42,296,112,5.8,22.5,71,98,134,No,ST-T Abnormality,1.6,Upsloping,0,Normal,Never,Never,High,7471,Yes,Yes,Yes,No,High,6.2,Average,1
496,83,Female,Non-anginal Pain,113,113,60,285,133,34,70,118,6.9,31.2,116,56,128,Yes,LVH,0.3,Upsloping,0,Normal,Former,Never,Low,8030,Yes,Yes,No,Yes,Medium,7.8,Average,1
497,34,Female,Typical Angina,115,115,100,262,137,59,92,172,5.9,27.2,125,98,171,Yes,LVH,2.2,Downsloping,0,Reversible Defect,Current,Occasional,Moderate,6424,Yes,Yes,No,No,Low,7.8,Poor,1
498,52,Male,Asymptomatic,105,105,102,257,114,30,138,83,8.0,26.7,125,59,154,No,Normal,0.7,Upsloping,2,Reversible Defect,Never,Occasional,Moderate,2031,Yes,No,Yes,No,High,8.8,Average,1
499,54,Male,Non-anginal Pain,170,170,94,324,165,72,189,124,8.4,24.3,79,64,166,No,LVH,0.8,Flat,3,Reversible Defect,Current,Frequent,Moderate,8681,No,Yes,Yes,No,Low,7.2,Poor,1
500,67,Female,Atypical Angina,118,118,98,339,157,62,278,106,8.7,32.2,95,76,146,No,Normal,1.7,Flat,1,Normal,Former,Frequent,High,10912,Yes,No,No,Yes,High,4.5,Good,0
501,46,Male,Atypical Angina,166,166,102,320,165,65,233,162,6.9,33.0,123,80,177,No,LVH,1.2,Upsloping,0,Reversible Defect,Never,Never,High,10265,Yes,No,No,No,Low,8.6,Good,0
502,64,Male,Typical Angina,103,103,78,191,118,31,134,137,9.3,34.6,97,62,160,Yes,ST-T Abnormality,0.0,Downsloping,0,Fixed Defect,Former,Never,High,13433,No,No,Yes,No,Medium,6.2,Average,1
503,79,Female,Asymptomatic,160,160,84,262,159,31,76,128,5.0,32.0,101,89,127,Yes,Normal,0.7,Flat,2,Fixed Defect,Current,Frequent,Moderate,3508,Yes,No,No,Yes,High,8.2,Good,1
504,37,Female,Typical Angina,127,127,99,387,211,79,199,136,5.1,26.4,81,81,190,Yes,ST-T Abnormality,0.0,Flat,1,Reversible Defect,Former,Frequent,Moderate,8359,Yes,No,No,No,High,5.0,Good,0
505,87,Male,Asymptomatic,109,109,72,230,98,73,81,118,5.7,37.8,91,85,128,Yes,LVH,0.0,Downsloping,1,Fixed Defect,Never,Never,Moderate,13695,No,Yes,Yes,Yes,Low,5.2,Poor,1
506,28,Female,Asymptomatic,113,113,86,343,164,70,92,113,8.9,28.9,112,85,200,No,ST-T Abnormality,2.3,Flat,4,Fixed Defect,Current,Frequent,High,5985,Yes,No,No,Yes,Low,5.2,Good,1
507,48,Male,Typical Angina,114,114,95,276,117,67,165,87,7.2,27.8,70,57,175,Yes,Normal,0.7,Downsloping,3,Reversible Defect,Never,Occasional,Low,11594,Yes,No,Yes,No,Low,5.9,Poor,1
508,86,Male,Typical Angina,116,116,92,300,208,34,214,101,6.0,22.2,118,64,120,Yes,ST-T Abnormality,2.8,Downsloping,4,Fixed Defect,Never,Never,Moderate,6300,No,No,No,Yes,Medium,4.7,Average,1
509,75,Male,Non-anginal Pain,161,161,99,260,127,77,89,135,7.6,22.2,96,87,142,No,Normal,1.2,Downsloping,4,Normal,Never,Frequent,High,14731,Yes,No,Yes,Yes,Medium,5.7,Average,1
510,84,Female,Atypical Angina,175,175,104,350,200,61,93,168,7.1,24.7,91,90,125,No,LVH,0.6,Downsloping,4,Reversible Defect,Never,Frequent,High,3031,No,No,Yes,No,Medium,8.4,Good,1
511,90,Male,Atypical Angina,166,166,103,272,148,42,275,178,8.0,24.9,82,81,132,No,LVH,0.0,Downsloping,4,Fixed Defect,Former,Frequent,Moderate,10892,No,No,No,Yes,Medium,7.1,Poor,0
512,40,Female,Non-anginal Pain,150,150,90,321,197,53,107,112,7.6,32.0,86,100,182,No,Normal,1.9,Flat,3,Reversible Defect,Current,Occasional,Low,2053,Yes,No,No,Yes,Medium,8.7,Average,1
513,60,Female,Typical Angina,140,140,67,337,191,57,141,93,7.4,22.4,87,63,165,Yes,Normal,1.4,Upsloping,0,Reversible Defect,Current,Frequent,Moderate,8934,Yes,Yes,Yes,Yes,High,7.0,Poor,1
514,39,Female,Non-anginal Pain,170,170,82,368,216,78,265,108,5.6,39.5,122,70,187,Yes,ST-T Abnormality,0.0,Upsloping,4,Reversible Defect,Never,Frequent,Low,2285,Yes,No,No,Yes,High,7.8,Average,1
515,87,Male,Asymptomatic,113,113,60,233,114,44,95,90,6.7,20.1,98,70,122,No,ST-T Abnormality,0.0,Upsloping,3,Reversible Defect,Former,Occasional,Low,12077,No,No,Yes,Yes,High,7.9,Poor,1
516,87,Female,Atypical Angina,147,147,69,317,183,68,271,131,5.8,35.4,90,100,141,No,ST-T Abnormality,0.6,Flat,3,Fixed Defect,Former,Never,Moderate,13713,No,No,Yes,Yes,Medium,7.2,Average,1
517,28,Male,Non-anginal Pain,162,162,87,258,162,54,192,100,5.6,32.2,124,83,189,Yes,LVH,1.2,Downsloping,2,Reversible Defect,Never,Frequent,Moderate,10698,Yes,Yes,No,Yes,Medium,6.1,Poor,1
518,36,Male,Atypical Angina,118,118,87,301,185,39,203,88,5.9,20.0,75,72,189,Yes,LVH,1.9,Upsloping,2,Reversible Defect,Never,Frequent,High,14830,Yes,No,Yes,No,High,6.6,Average,1
519,46,Male,Atypical Angina,168,168,67,280,138,80,271,81,6.3,18.4,80,84,167,No,ST-T Abnormality,1.1,Downsloping,1,Normal,Never,Frequent,High,10265,Yes,No,No,No,Low,5.3,Average,0
520,44,Male,Asymptomatic,131,131,70,281,186,41,104,80,6.1,23.3,103,95,167,No,ST-T Abnormality,0.6,Downsloping,0,Fixed Defect,Current,Frequent,Moderate,10871,No,No,No,No,High,8.7,Average,0
521,76,Female,Non-anginal Pain,147,147,79,272,122,34,194,105,8.3,29.5,83,62,135,No,ST-T Abnormality,0.6,Downsloping,0,Normal,Former,Occasional,High,11673,Yes,No,No,No,Medium,5.6,Poor,0
522,54,Female,Non-anginal Pain,131,131,69,205,103,56,189,129,9.0,23.6,125,95,173,No,ST-T Abnormality,1.8,Upsloping,0,Reversible Defect,Never,Occasional,Low,7812,No,No,No,Yes,Medium,4.8,Average,0
523,49,Female,Asymptomatic,165,165,73,215,139,33,153,116,6.5,38.3,121,95,165,No,LVH,0.3,Downsloping,4,Normal,Never,Occasional,Moderate,14427,No,Yes,No,No,High,4.7,Good,1
524,89,Male,Typical Angina,125,125,65,235,138,39,73,97,5.7,40.0,106,94,129,No,Normal,1.5,Flat,1,Normal,Never,Occasional,Moderate,10962,No,Yes,No,Yes,Low,9.0,Poor,1
525,29,Female,Non-anginal Pain,158,158,81,283,196,37,231,165,6.3,34.0,79,94,178,No,LVH,2.7,Downsloping,2,Reversible Defect,Current,Frequent,Low,10520,No,No,No,Yes,Low,8.2,Average,1
526,86,Female,Asymptomatic,118,118,95,245,146,46,95,169,7.3,25.2,93,69,119,Yes,ST-T Abnormality,0.0,Downsloping,1,Fixed Defect,Current,Occasional,Moderate,11282,No,No,No,No,Low,5.6,Good,0
527,86,Male,Atypical Angina,142,142,83,279,176,60,173,135,8.8,35.0,88,62,135,Yes,Normal,2.0,Downsloping,3,Normal,Never,Occasional,Moderate,4608,No,No,Yes,No,Low,5.0,Poor,1
528,26,Male,Non-anginal Pain,160,160,71,181,108,33,240,153,5.2,29.9,80,57,200,No,ST-T Abnormality,0.4,Flat,2,Normal,Current,Never,High,11549,Yes,No,Yes,Yes,High,4.5,Poor,1
529,46,Female,Typical Angina,117,117,64,233,88,69,127,168,6.1,36.1,95,84,165,No,ST-T Abnormality,2.2,Downsloping,4,Normal,Never,Frequent,High,9744,No,No,Yes,No,High,5.9,Good,1
530,76,Female,Atypical Angina,119,119,62,249,131,59,184,96,5.5,35.8,74,60,153,No,ST-T Abnormality,2.6,Flat,0,Reversible Defect,Never,Occasional,Moderate,11490,Yes,Yes,No,No,Medium,6.3,Good,1
531,63,Male,Asymptomatic,149,149,71,186,82,32,104,121,8.3,37.7,115,86,153,No,ST-T Abnormality,0.0,Downsloping,2,Fixed Defect,Never,Frequent,Moderate,13466,Yes,No,Yes,Yes,Low,8.8,Average,1
532,36,Female,Non-anginal Pain,123,123,86,308,196,47,274,158,6.6,37.3,70,57,170,Yes,Normal,2.1,Flat,2,Reversible Defect,Never,Never,Moderate,5458,Yes,No,Yes,No,High,7.5,Good,1
533,89,Female,Non-anginal Pain,158,158,106,305,181,79,220,160,9.3,29.7,74,92,124,No,ST-T Abnormality,2.3,Flat,2,Fixed Defect,Former,Frequent,Moderate,11369,Yes,No,No,No,High,5.5,Average,1
534,63,Male,Non-anginal Pain,157,157,75,228,128,32,300,149,9.2,36.0,71,80,167,No,LVH,1.2,Downsloping,0,Reversible Defect,Never,Occasional,Low,14597,Yes,No,No,No,High,5.5,Good,1
535,61,Male,Atypical Angina,110,110,81,245,121,30,238,117,8.0,36.8,96,96,162,No,Normal,1.7,Flat,2,Normal,Current,Frequent,Low,4685,No,No,Yes,Yes,Medium,5.9,Good,1
536,33,Male,Asymptomatic,157,157,81,234,139,41,200,95,7.1,39.6,109,62,181,No,ST-T Abnormality,1.3,Upsloping,4,Fixed Defect,Never,Never,Low,7787,Yes,No,No,No,Low,7.0,Average,0
537,27,Male,Atypical Angina,144,144,61,299,119,60,112,104,7.7,39.8,100,76,191,No,LVH,0.0,Downsloping,3,Reversible Defect,Former,Never,Moderate,14200,Yes,No,No,No,High,8.0,Average,0
538,66,Female,Atypical Angina,153,153,107,319,165,71,222,146,7.4,22.4,77,55,154,No,LVH,1.9,Upsloping,0,Fixed Defect,Never,Occasional,Moderate,11069,No,Yes,No,Yes,High,8.1,Good,0
539,65,Male,Non-anginal Pain,133,133,84,275,146,72,89,143,6.2,24.9,89,64,157,No,ST-T Abnormality,0.9,Upsloping,4,Normal,Current,Occasional,Low,7369,Yes,No,Yes,Yes,Low,8.7,Good,1
540,37,Female,Typical Angina,110,110,74,374,217,43,277,171,7.4,20.5,106,58,185,No,LVH,1.4,Downsloping,4,Fixed Defect,Never,Frequent,Low,12779,No,No,No,Yes,Medium,7.9,Poor,0
541,64,Female,Atypical Angina,161,161,62,303,220,30,113,103,7.8,20.0,106,85,141,No,LVH,0.4,Upsloping,4,Reversible Defect,Never,Never,Low,9705,Yes,No,No,Yes,Low,7.8,Good,1
542,90,Male,Atypical Angina,130,130,63,289,118,61,144,124,5.4,39.8,107,82,134,No,ST-T Abnormality,1.0,Downsloping,3,Fixed Defect,Never,Occasional,High,6080,Yes,Yes,No,No,Medium,7.4,Average,0
543,25,Male,Atypical Angina,116,116,105,326,218,37,140,94,7.5,26.9,111,57,198,No,Normal,1.1,Downsloping,3,Normal,Never,Frequent,Low,2225,No,No,No,Yes,Medium,5.4,Poor,0
544,43,Male,Asymptomatic,118,118,73,320,183,72,140,135,5.0,37.1,70,79,176,Yes,ST-T Abnormality,0.0,Flat,1,Normal,Former,Never,Moderate,14802,Yes,No,No,No,High,5.8,Average,1
545,39,Female,Asymptomatic,158,158,82,354,205,34,192,108,6.9,21.1,78,74,171,Yes,Normal,1.8,Upsloping,3,Reversible Defect,Never,Occasional,High,8300,Yes,No,No,Yes,Low,5.7,Average,1
546,57,Male,Atypical Angina,136,136,76,321,215,36,230,143,9.4,24.0,70,70,149,No,Normal,3.1,Upsloping,4,Fixed Defect,Current,Frequent,Low,14610,No,No,No,No,Low,6.7,Poor,1
547,38,Female,Typical Angina,172,172,96,361,172,72,161,140,8.4,33.9,104,77,189,No,ST-T Abnormality,0.0,Flat,2,Normal,Never,Occasional,Low,11214,Yes,No,No,Yes,Low,7.0,Poor,0
548,54,Female,Non-anginal Pain,128,128,107,325,210,58,72,155,6.7,37.1,87,68,170,No,LVH,0.0,Downsloping,0,Fixed Defect,Current,Never,Low,3531,No,Yes,Yes,Yes,High,5.0,Average,1
549,55,Male,Non-anginal Pain,142,142,66,330,195,43,161,176,6.9,28.5,114,60,159,No,Normal,1.9,Upsloping,3,Reversible Defect,Current,Never,Moderate,12276,Yes,Yes,Yes,No,Low,5.3,Poor,1
550,54,Male,Non-anginal Pain,117,117,62,348,185,44,230,176,8.9,34.1,89,62,153,No,LVH,0.8,Flat,1,Normal,Never,Frequent,Moderate,3036,Yes,Yes,Yes,No,Medium,4.5,Average,1
551,29,Male,Non-anginal Pain,155,155,74,218,109,56,296,137,5.5,33.1,108,99,196,No,LVH,0.0,Downsloping,4,Reversible Defect,Current,Never,Low,9357,No,No,Yes,Yes,High,8.3,Average,1
552,60,Female,Typical Angina,168,168,89,309,173,48,128,174,8.1,23.7,130,60,152,Yes,Normal,1.0,Downsloping,1,Fixed Defect,Current,Occasional,Low,12643,Yes,Yes,No,Yes,High,5.3,Poor,1
553,41,Male,Asymptomatic,167,167,94,329,211,35,195,106,5.5,38.0,120,60,181,No,Normal,0.0,Downsloping,0,Reversible Defect,Current,Never,Low,10486,Yes,No,No,No,Low,6.4,Good,1
554,35,Female,Typical Angina,103,103,106,194,72,79,91,168,5.7,28.1,130,56,193,No,Normal,0.6,Flat,4,Reversible Defect,Never,Frequent,Low,8087,Yes,No,No,Yes,High,5.2,Average,0
555,65,Female,Atypical Angina,118,118,98,254,110,35,265,116,7.2,32.8,120,97,147,No,Normal,0.9,Flat,0,Fixed Defect,Never,Occasional,Low,2661,No,No,No,No,Low,4.7,Poor,1
556,25,Female,Non-anginal Pain,151,151,84,262,140,63,152,127,7.9,37.5,93,91,200,Yes,ST-T Abnormality,2.4,Upsloping,1,Reversible Defect,Never,Occasional,Moderate,13953,Yes,No,No,Yes,High,6.6,Average,1
557,51,Male,Non-anginal Pain,167,167,71,272,74,79,283,147,5.4,27.0,105,63,177,Yes,LVH,1.9,Downsloping,3,Normal,Former,Occasional,High,12249,No,No,No,Yes,High,8.8,Average,0
558,56,Male,Non-anginal Pain,118,118,104,230,109,73,174,118,5.5,26.3,85,80,155,No,ST-T Abnormality,0.0,Downsloping,1,Normal,Never,Occasional,Low,13833,No,No,No,Yes,Low,5.9,Average,0
559,35,Female,Atypical Angina,137,137,62,325,160,78,291,173,4.9,37.2,75,66,183,No,ST-T Abnormality,1.0,Flat,4,Fixed Defect,Current,Occasional,Moderate,14977,No,No,No,No,High,7.1,Good,1
560,89,Male,Typical Angina,117,117,89,244,115,47,144,167,7.8,35.0,124,94,119,Yes,ST-T Abnormality,0.3,Upsloping,2,Normal,Former,Never,Moderate,5423,No,No,Yes,Yes,High,5.7,Average,1
561,40,Female,Asymptomatic,115,115,94,348,186,63,125,97,6.7,34.0,90,58,171,No,Normal,1.2,Upsloping,1,Fixed Defect,Never,Never,Moderate,13851,Yes,No,No,Yes,High,7.9,Average,0
562,66,Female,Non-anginal Pain,123,123,73,275,204,30,269,133,5.3,20.1,78,56,139,Yes,LVH,1.6,Downsloping,0,Normal,Current,Never,Moderate,13278,No,No,No,No,Medium,7.4,Average,1
563,58,Female,Non-anginal Pain,178,178,110,266,124,55,144,108,5.9,36.1,103,77,168,No,ST-T Abnormality,2.4,Flat,0,Normal,Current,Frequent,High,4282,No,No,No,Yes,Low,8.2,Poor,1
564,52,Male,Non-anginal Pain,116,116,93,230,79,74,231,82,8.5,19.6,91,89,165,No,Normal,1.8,Flat,0,Fixed Defect,Never,Occasional,Low,9133,Yes,No,Yes,Yes,Low,7.9,Average,0
565,27,Male,Atypical Angina,103,103,84,290,171,68,266,107,6.0,38.8,91,64,182,No,ST-T Abnormality,0.5,Upsloping,0,Fixed Defect,Current,Frequent,Moderate,11015,Yes,No,Yes,No,High,5.0,Good,1
566,87,Female,Asymptomatic,114,114,75,230,137,48,269,104,6.4,34.8,85,74,126,Yes,ST-T Abnormality,2.7,Downsloping,4,Reversible Defect,Never,Frequent,Moderate,10660,Yes,No,Yes,No,Low,5.5,Good,1
567,72,Male,Asymptomatic,172,172,97,231,82,62,135,154,8.6,19.2,95,100,156,No,LVH,1.1,Downsloping,0,Reversible Defect,Former,Frequent,Moderate,12255,No,No,No,No,High,5.8,Good,0
568,83,Male,Non-anginal Pain,142,142,96,318,215,45,215,159,8.5,37.6,124,61,138,Yes,Normal,1.8,Upsloping,4,Normal,Never,Never,Moderate,5030,Yes,Yes,No,No,Low,8.0,Average,1
569,76,Male,Atypical Angina,103,103,101,252,100,59,153,165,7.9,27.0,128,83,149,No,ST-T Abnormality,0.3,Downsloping,1,Normal,Former,Frequent,Moderate,4269,Yes,No,No,No,Low,8.5,Average,0
570,40,Male,Typical Angina,145,145,94,277,107,55,270,150,6.6,37.8,94,98,186,No,ST-T Abnormality,3.4,Flat,2,Reversible Defect,Never,Never,High,5549,Yes,No,No,No,Medium,4.9,Good,0
571,43,Male,Typical Angina,151,151,94,272,119,79,283,101,7.0,35.8,84,64,180,No,Normal,1.5,Upsloping,2,Reversible Defect,Current,Frequent,Low,9114,No,No,No,No,Low,9.0,Poor,0
572,74,Male,Non-anginal Pain,148,148,93,157,76,33,231,157,5.1,19.7,117,58,137,No,ST-T Abnormality,0.0,Upsloping,0,Fixed Defect,Never,Occasional,High,14675,Yes,No,No,Yes,High,8.8,Good,0
573,77,Male,Asymptomatic,136,136,85,356,182,58,241,96,7.6,19.1,92,65,152,No,Normal,0.7,Downsloping,3,Normal,Never,Frequent,High,10062,No,No,No,No,Low,8.9,Good,0
574,33,Female,Atypical Angina,129,129,65,260,120,42,158,131,5.3,18.5,104,63,187,No,Normal,1.4,Flat,1,Normal,Never,Never,High,4691,Yes,No,No,Yes,High,5.2,Average,0
575,39,Male,Non-anginal Pain,144,144,84,373,196,64,137,155,5.0,34.5,80,62,185,Yes,LVH,2.5,Flat,2,Normal,Former,Never,Low,8481,No,No,No,Yes,Low,6.4,Average,1
576,31,Male,Typical Angina,165,165,70,268,106,59,294,142,9.0,27.9,107,66,197,Yes,LVH,1.9,Upsloping,1,Normal,Never,Frequent,Moderate,5168,No,No,No,No,Low,7.1,Average,0
577,87,Female,Asymptomatic,169,169,103,223,99,62,220,149,8.2,23.1,97,75,130,Yes,ST-T Abnormality,1.4,Downsloping,0,Normal,Current,Occasional,Moderate,9836,Yes,No,No,No,Medium,5.6,Average,0
578,43,Male,Non-anginal Pain,144,144,80,280,116,44,73,179,6.4,26.0,98,98,182,Yes,Normal,2.9,Downsloping,3,Fixed Defect,Never,Occasional,High,11329,Yes,Yes,No,Yes,High,7.4,Poor,1
579,34,Male,Atypical Angina,130,130,87,359,206,79,298,84,8.8,25.2,121,94,177,No,Normal,1.6,Downsloping,1,Reversible Defect,Former,Frequent,Low,5765,No,No,No,No,High,8.9,Good,0
580,41,Female,Asymptomatic,157,157,100,223,91,48,93,125,9.1,37.4,85,89,173,No,LVH,0.0,Flat,0,Fixed Defect,Former,Occasional,Moderate,9825,Yes,No,No,Yes,Low,8.7,Average,0
581,60,Female,Atypical Angina,163,163,84,373,196,69,103,120,7.2,35.2,82,89,166,No,ST-T Abnormality,0.2,Downsloping,3,Normal,Former,Frequent,High,10718,No,No,Yes,Yes,Medium,7.4,Good,0
582,55,Female,Atypical Angina,142,142,103,342,169,54,141,149,5.6,19.1,117,84,157,Yes,ST-T Abnormality,0.7,Flat,0,Fixed Defect,Current,Occasional,Moderate,4990,No,Yes,Yes,No,High,6.3,Poor,1
583,70,Female,Non-anginal Pain,128,128,72,308,138,80,117,148,8.4,22.1,116,89,142,No,ST-T Abnormality,0.9,Upsloping,0,Fixed Defect,Former,Occasional,Moderate,4747,Yes,Yes,No,No,High,5.5,Good,0
584,53,Female,Non-anginal Pain,150,150,83,346,199,36,287,151,6.3,29.7,109,78,177,No,ST-T Abnormality,1.7,Flat,3,Reversible Defect,Never,Occasional,High,6287,Yes,No,Yes,Yes,Low,5.9,Good,0
585,40,Male,Typical Angina,174,174,75,360,203,75,153,117,6.9,38.4,90,72,165,Yes,ST-T Abnormality,1.6,Upsloping,2,Normal,Former,Never,Low,13942,Yes,Yes,No,No,High,8.5,Average,1
586,85,Male,Asymptomatic,136,136,109,230,138,39,168,158,7.3,23.2,77,60,144,No,LVH,0.6,Downsloping,1,Reversible Defect,Never,Occasional,High,11199,Yes,No,No,Yes,Medium,4.5,Average,0
587,41,Male,Asymptomatic,154,154,86,267,105,51,141,118,8.9,36.6,78,58,179,No,ST-T Abnormality,0.3,Downsloping,3,Fixed Defect,Never,Frequent,Low,7526,No,No,No,No,High,7.1,Average,0
588,65,Female,Non-anginal Pain,117,117,60,273,179,51,233,109,7.6,21.9,126,57,164,Yes,Normal,0.7,Upsloping,2,Normal,Current,Never,High,12529,Yes,Yes,No,No,Medium,4.8,Poor,1
589,66,Female,Atypical Angina,136,136,93,221,95,48,197,168,9.5,28.6,84,88,145,No,ST-T Abnormality,0.0,Flat,3,Reversible Defect,Never,Occasional,Moderate,13786,No,No,No,No,Low,7.9,Poor,0
590,71,Male,Atypical Angina,113,113,107,298,114,75,294,162,4.8,38.2,89,63,153,No,LVH,0.0,Upsloping,1,Normal,Never,Occasional,Low,14096,Yes,Yes,No,Yes,High,5.6,Average,0
591,87,Male,Non-anginal Pain,158,158,71,287,173,63,167,99,8.9,22.5,130,66,132,No,Normal,0.5,Flat,2,Normal,Former,Frequent,High,3478,No,No,Yes,No,High,7.0,Good,1
592,38,Female,Atypical Angina,127,127,72,246,114,34,77,121,5.7,19.2,79,83,167,No,LVH,2.7,Downsloping,1,Reversible Defect,Current,Never,Moderate,14140,No,No,No,Yes,Low,7.8,Average,0
593,34,Female,Asymptomatic,169,169,73,325,132,80,126,100,8.6,23.2,88,75,179,No,Normal,1.1,Upsloping,3,Reversible Defect,Never,Occasional,Moderate,6276,No,No,No,No,High,7.7,Poor,0
594,48,Female,Asymptomatic,107,107,81,276,182,34,124,142,8.1,31.3,122,70,161,No,ST-T Abnormality,1.7,Upsloping,3,Reversible Defect,Never,Frequent,Moderate,10502,Yes,No,No,Yes,Low,4.6,Good,0
595,37,Male,Asymptomatic,133,133,108,191,114,32,159,167,5.8,35.5,117,90,178,No,LVH,3.1,Downsloping,4,Fixed Defect,Current,Frequent,Moderate,10426,No,No,No,Yes,Low,7.4,Average,1
596,32,Male,Atypical Angina,141,141,67,409,216,80,293,173,7.5,22.4,129,84,196,No,Normal,0.4,Upsloping,1,Normal,Current,Frequent,Moderate,11456,Yes,No,No,No,High,4.6,Average,0
597,50,Female,Asymptomatic,160,160,65,230,71,66,82,161,5.5,24.1,79,68,159,No,Normal,3.4,Upsloping,1,Normal,Never,Never,High,13252,No,No,No,No,Medium,7.9,Poor,0
598,31,Male,Asymptomatic,115,115,99,189,103,41,133,105,9.1,31.3,117,57,185,Yes,LVH,2.6,Upsloping,2,Normal,Never,Occasional,Moderate,11369,Yes,No,Yes,No,Medium,6.0,Good,1
599,26,Male,Typical Angina,111,111,78,235,142,41,153,97,5.5,28.0,88,56,179,No,ST-T Abnormality,0.2,Upsloping,2,Normal,Current,Frequent,Low,5172,No,No,No,No,High,6.2,Poor,1
600,25,Male,Non-anginal Pain,129,129,89,205,74,79,208,126,6.6,33.7,118,62,200,No,Normal,1.9,Upsloping,3,Normal,Current,Occasional,Moderate,3227,Yes,No,No,Yes,Low,9.0,Poor,1
601,79,Male,Typical Angina,155,155,87,193,85,58,157,120,6.0,26.0,125,92,151,No,Normal,2.6,Downsloping,4,Reversible Defect,Former,Frequent,Low,2124,Yes,Yes,Yes,No,Low,5.6,Poor,1
602,27,Female,Non-anginal Pain,179,179,64,300,164,57,142,134,8.8,38.0,130,78,189,No,Normal,2.6,Flat,2,Fixed Defect,Current,Never,Moderate,4242,No,No,No,No,Medium,4.5,Poor,1
603,32,Male,Typical Angina,112,112,88,309,175,65,202,92,8.6,35.5,112,80,190,No,ST-T Abnormality,1.7,Flat,4,Normal,Never,Never,High,11711,Yes,No,Yes,Yes,Medium,7.7,Average,1
604,35,Male,Asymptomatic,136,136,83,236,155,35,114,94,8.1,29.2,71,88,187,No,Normal,1.5,Downsloping,1,Fixed Defect,Never,Never,Moderate,7716,No,No,Yes,No,Medium,7.7,Good,0
605,57,Female,Typical Angina,120,120,88,280,121,68,282,97,8.1,18.7,100,71,160,No,Normal,0.7,Upsloping,2,Normal,Never,Occasional,Moderate,8602,No,Yes,Yes,No,Low,5.9,Average,1
606,28,Male,Typical Angina,133,133,97,208,134,32,280,171,7.4,35.5,114,70,185,No,LVH,1.4,Downsloping,4,Reversible Defect,Former,Occasional,Low,11407,Yes,Yes,No,No,Low,7.5,Good,1
607,33,Female,Asymptomatic,163,163,85,333,146,71,221,136,8.0,35.3,122,93,181,No,ST-T Abnormality,0.3,Flat,1,Reversible Defect,Former,Frequent,High,14286,No,Yes,No,Yes,Medium,8.6,Poor,0
608,44,Male,Non-anginal Pain,155,155,71,273,114,78,219,152,9.1,28.7,109,68,163,No,ST-T Abnormality,0.1,Upsloping,4,Normal,Former,Frequent,Low,6327,Yes,No,No,No,High,5.1,Poor,0
609,84,Male,Atypical Angina,180,180,102,167,84,40,249,176,7.7,29.3,102,95,138,Yes,LVH,3.3,Downsloping,0,Reversible Defect,Never,Occasional,Low,4401,Yes,No,No,Yes,Medium,8.8,Good,1
610,89,Female,Atypical Angina,168,168,68,296,172,46,216,136,9.4,38.4,93,65,117,Yes,ST-T Abnormality,0.2,Upsloping,2,Reversible Defect,Current,Never,High,3011,Yes,No,No,No,High,4.7,Average,1
611,65,Female,Non-anginal Pain,111,111,108,305,146,68,272,101,7.6,32.7,97,96,144,Yes,LVH,2.4,Downsloping,4,Normal,Never,Occasional,Moderate,13898,No,No,Yes,No,High,7.4,Average,1
612,30,Female,Non-anginal Pain,105,105,91,244,98,52,242,168,7.4,23.0,84,90,180,Yes,ST-T Abnormality,3.0,Downsloping,3,Fixed Defect,Never,Occasional,Moderate,3753,No,Yes,No,No,Low,5.8,Poor,1
613,78,Female,Asymptomatic,157,157,92,284,179,31,106,100,9.4,36.4,92,74,148,Yes,LVH,2.5,Upsloping,0,Reversible Defect,Current,Occasional,High,6509,Yes,No,No,Yes,High,8.9,Poor,1
614,59,Female,Asymptomatic,119,119,108,292,136,55,75,159,8.7,29.7,75,88,157,No,ST-T Abnormality,1.3,Upsloping,0,Normal,Current,Never,Low,11609,Yes,No,No,No,High,7.9,Good,0
615,45,Male,Atypical Angina,105,105,76,269,157,41,162,115,8.3,33.7,101,75,168,No,Normal,0.0,Flat,0,Normal,Current,Frequent,High,3595,No,Yes,Yes,No,High,4.6,Poor,1
616,62,Female,Typical Angina,166,166,68,318,193,77,209,149,9.3,18.6,116,99,160,No,Normal,2.2,Flat,4,Fixed Defect,Never,Frequent,High,4383,Yes,No,Yes,No,Low,6.5,Average,1
617,38,Male,Non-anginal Pain,168,168,99,384,209,57,199,128,7.5,36.5,114,70,170,No,Normal,0.1,Flat,3,Fixed Defect,Former,Frequent,High,6279,No,No,No,Yes,Low,5.1,Poor,0
618,48,Male,Atypical Angina,109,109,90,187,81,52,283,156,7.3,36.6,119,60,169,No,LVH,2.0,Flat,0,Normal,Never,Occasional,High,7150,Yes,No,No,No,High,7.4,Poor,0
619,90,Female,Non-anginal Pain,138,138,93,322,216,49,271,174,8.8,25.2,109,92,132,Yes,ST-T Abnormality,0.9,Flat,3,Fixed Defect,Never,Occasional,Low,2819,No,No,Yes,No,Medium,5.2,Average,1
620,65,Female,Typical Angina,140,140,74,344,185,80,178,96,5.9,37.0,120,67,140,No,ST-T Abnormality,2.1,Flat,4,Fixed Defect,Former,Occasional,Low,14833,Yes,No,Yes,Yes,Medium,6.0,Average,1
621,31,Male,Asymptomatic,115,115,71,281,178,40,104,177,6.3,26.7,74,64,190,Yes,ST-T Abnormality,1.3,Upsloping,3,Normal,Never,Never,Low,4897,No,No,No,Yes,Low,6.2,Good,1
622,57,Female,Atypical Angina,161,161,105,373,220,63,217,156,8.9,39.9,92,86,156,Yes,ST-T Abnormality,0.1,Upsloping,0,Fixed Defect,Former,Occasional,Low,4210,No,Yes,No,No,Low,7.4,Average,1
623,34,Male,Non-anginal Pain,155,155,82,312,192,51,279,161,5.6,34.1,86,99,178,No,LVH,2.0,Upsloping,3,Fixed Defect,Former,Never,Low,4021,Yes,No,Yes,No,Medium,6.1,Average,1
624,31,Male,Asymptomatic,125,125,64,291,156,77,143,178,7.3,32.9,118,62,195,No,LVH,0.3,Downsloping,1,Fixed Defect,Never,Frequent,Moderate,12171,Yes,No,No,No,Medium,8.6,Average,0
625,51,Male,Typical Angina,148,148,103,292,119,65,275,88,7.7,32.6,94,65,177,No,Normal,1.1,Upsloping,4,Fixed Defect,Never,Occasional,Low,13710,Yes,No,No,Yes,Medium,7.2,Poor,0
626,66,Male,Non-anginal Pain,165,165,64,206,79,74,87,134,6.4,23.9,81,100,152,No,ST-T Abnormality,1.3,Flat,4,Fixed Defect,Never,Frequent,Moderate,7889,No,No,Yes,No,Medium,4.7,Good,1
627,51,Female,Asymptomatic,130,130,101,208,97,30,215,154,6.8,33.1,107,93,176,Yes,LVH,0.1,Downsloping,2,Normal,Former,Frequent,High,11811,Yes,No,No,No,Medium,6.7,Good,0
628,42,Female,Atypical Angina,169,169,107,284,92,76,122,151,7.8,20.3,107,79,166,No,ST-T Abnormality,1.5,Upsloping,2,Reversible Defect,Never,Never,Low,5903,Yes,No,No,Yes,Low,8.9,Good,0
629,88,Male,Atypical Angina,173,173,95,310,202,62,70,82,5.1,26.6,103,68,137,Yes,ST-T Abnormality,1.7,Flat,1,Fixed Defect,Former,Occasional,High,3877,Yes,No,No,Yes,High,8.3,Good,1
630,86,Female,Typical Angina,130,130,95,188,93,48,271,141,6.1,20.7,120,73,134,No,LVH,1.3,Downsloping,0,Normal,Never,Never,Moderate,7158,No,No,No,No,High,5.9,Good,0
631,37,Male,Asymptomatic,135,135,81,233,116,30,180,165,6.6,18.1,87,92,181,No,Normal,1.4,Upsloping,0,Normal,Former,Frequent,High,8438,No,No,No,No,Low,7.7,Good,0
632,53,Female,Atypical Angina,160,160,62,336,138,79,210,105,6.2,18.0,79,88,158,Yes,ST-T Abnormality,1.3,Downsloping,4,Reversible Defect,Never,Frequent,High,11250,No,No,Yes,Yes,Medium,7.2,Poor,1
633,54,Female,Asymptomatic,109,109,83,392,194,80,299,128,4.9,30.3,108,56,165,No,Normal,0.3,Upsloping,0,Normal,Never,Never,Moderate,4174,No,No,No,No,Medium,8.3,Good,0
634,48,Female,Typical Angina,109,109,110,326,216,53,187,142,6.9,18.3,115,84,171,No,Normal,1.6,Downsloping,2,Reversible Defect,Never,Never,High,9999,No,No,No,No,High,5.3,Poor,0
635,37,Male,Non-anginal Pain,177,177,90,213,115,40,138,96,5.3,24.2,105,76,177,No,ST-T Abnormality,0.0,Downsloping,2,Fixed Defect,Current,Occasional,Moderate,9964,Yes,No,No,No,Medium,8.0,Poor,0
636,25,Male,Asymptomatic,151,151,74,236,82,34,113,107,8.7,20.8,87,100,195,No,ST-T Abnormality,1.8,Upsloping,0,Reversible Defect,Never,Never,Moderate,11174,No,No,No,No,Low,4.8,Average,0
637,48,Male,Typical Angina,100,100,90,320,169,64,165,80,7.7,33.2,124,59,181,No,ST-T Abnormality,2.5,Upsloping,0,Reversible Defect,Never,Never,Moderate,7160,Yes,No,Yes,No,Low,7.9,Poor,1
638,71,Male,Asymptomatic,109,109,87,212,81,32,135,169,8.7,38.8,111,92,149,No,Normal,0.7,Downsloping,0,Reversible Defect,Current,Occasional,Low,11204,No,No,Yes,No,Low,8.1,Poor,1
639,84,Female,Atypical Angina,114,114,86,282,135,47,277,148,5.2,31.0,127,60,127,No,LVH,0.7,Upsloping,3,Normal,Never,Occasional,Low,7444,Yes,No,No,Yes,Medium,8.0,Good,0
640,76,Male,Asymptomatic,167,167,108,292,162,58,173,114,9.4,33.1,97,70,144,No,Normal,1.1,Downsloping,1,Fixed Defect,Never,Occasional,High,5174,Yes,Yes,No,No,Medium,8.7,Good,1
641,49,Female,Asymptomatic,169,169,63,258,146,55,162,137,7.7,39.3,92,76,171,Yes,Normal,2.1,Flat,0,Fixed Defect,Current,Never,High,5374,Yes,No,Yes,Yes,High,4.7,Average,1
642,66,Male,Typical Angina,110,110,66,192,96,44,245,82,5.5,18.9,121,84,140,No,ST-T Abnormality,0.0,Downsloping,3,Fixed Defect,Never,Frequent,High,8374,Yes,No,Yes,Yes,Low,7.4,Average,0
643,72,Male,Typical Angina,123,123,88,162,70,35,110,133,8.4,24.9,114,75,133,No,Normal,0.0,Upsloping,0,Fixed Defect,Current,Never,Moderate,7525,Yes,No,Yes,Yes,Medium,8.8,Good,1
644,58,Female,Non-anginal Pain,124,124,68,328,196,36,234,83,9.1,31.9,112,84,153,No,Normal,0.4,Upsloping,2,Normal,Never,Occasional,High,6716,Yes,No,Yes,No,High,4.6,Good,1
645,40,Male,Atypical Angina,169,169,79,225,142,34,209,125,6.4,24.1,118,95,171,No,Normal,4.1,Flat,2,Reversible Defect,Never,Frequent,Low,7578,Yes,No,Yes,Yes,Medium,6.2,Poor,1
646,32,Female,Typical Angina,109,109,94,291,179,65,269,169,9.0,39.2,100,79,176,No,LVH,0.4,Flat,2,Reversible Defect,Former,Frequent,Moderate,4053,Yes,No,No,Yes,High,8.3,Average,0
647,72,Male,Non-anginal Pain,127,127,70,246,155,50,300,130,5.7,18.5,76,95,147,No,ST-T Abnormality,1.8,Downsloping,3,Fixed Defect,Current,Never,High,11537,Yes,No,No,Yes,High,8.8,Good,1
648,44,Male,Asymptomatic,153,153,103,189,78,66,132,81,5.5,35.4,127,57,175,Yes,Normal,1.5,Upsloping,4,Fixed Defect,Never,Occasional,Moderate,9275,Yes,No,No,Yes,High,8.7,Average,1
649,67,Female,Atypical Angina,111,111,70,281,152,66,285,110,6.8,25.3,121,92,140,No,Normal,0.7,Upsloping,0,Reversible Defect,Current,Never,Moderate,9496,No,No,No,No,High,5.3,Average,0
650,84,Female,Typical Angina,170,170,60,266,158,40,235,157,8.2,37.6,80,66,140,No,Normal,1.5,Flat,1,Reversible Defect,Current,Never,Low,10556,No,No,Yes,Yes,High,6.1,Poor,1
651,80,Male,Typical Angina,140,140,96,281,90,76,262,178,6.4,35.0,85,84,128,No,ST-T Abnormality,2.0,Downsloping,3,Reversible Defect,Never,Frequent,Moderate,5538,Yes,No,Yes,No,High,8.7,Good,0
652,86,Male,Atypical Angina,121,121,106,213,94,62,227,117,7.3,35.7,110,85,139,Yes,Normal,2.5,Upsloping,1,Reversible Defect,Never,Never,Low,2969,No,Yes,No,Yes,Medium,5.8,Average,1
653,52,Male,Atypical Angina,125,125,104,345,162,66,140,171,8.1,38.3,84,55,157,Yes,Normal,1.1,Upsloping,0,Reversible Defect,Never,Occasional,High,10159,No,No,No,Yes,High,8.4,Poor,0
654,72,Male,Non-anginal Pain,150,150,72,210,82,56,253,156,5.9,18.9,123,55,137,No,ST-T Abnormality,1.1,Flat,0,Fixed Defect,Never,Occasional,Moderate,8518,Yes,No,Yes,Yes,Low,8.0,Good,0
655,27,Male,Non-anginal Pain,148,148,98,226,88,60,259,149,8.7,39.8,74,57,198,No,LVH,1.9,Flat,0,Fixed Defect,Current,Never,High,4471,Yes,Yes,No,Yes,Low,6.4,Poor,1
656,89,Male,Asymptomatic,149,149,74,274,170,59,162,126,5.1,26.1,107,99,129,No,ST-T Abnormality,1.0,Flat,0,Fixed Defect,Current,Frequent,High,2592,No,No,Yes,No,Medium,8.9,Good,1
657,64,Male,Non-anginal Pain,116,116,70,235,112,59,175,165,5.4,33.8,123,79,162,No,LVH,1.4,Flat,1,Reversible Defect,Never,Frequent,Moderate,13393,No,No,Yes,No,High,5.2,Good,1
658,90,Male,Non-anginal Pain,139,139,105,283,174,39,126,105,7.4,29.7,121,60,119,No,Normal,0.8,Upsloping,3,Reversible Defect,Current,Occasional,Moderate,9551,Yes,No,No,No,High,4.8,Good,1
659,55,Male,Asymptomatic,167,167,91,210,89,35,246,152,8.0,23.4,101,80,175,No,ST-T Abnormality,1.0,Flat,3,Fixed Defect,Never,Frequent,Moderate,13667,No,No,No,No,Low,6.1,Poor,0
660,80,Female,Non-anginal Pain,155,155,73,300,198,54,164,82,7.3,30.4,128,72,146,Yes,Normal,0.3,Downsloping,2,Fixed Defect,Never,Frequent,Moderate,7019,Yes,No,Yes,No,Low,7.9,Good,1
661,43,Female,Atypical Angina,158,158,77,184,98,45,168,95,9.2,35.3,88,63,180,No,Normal,0.6,Downsloping,2,Fixed Defect,Never,Frequent,Moderate,10920,Yes,No,No,Yes,Low,8.7,Poor,0
662,63,Female,Asymptomatic,102,102,61,284,187,44,280,125,9.1,37.5,79,89,147,No,Normal,0.0,Upsloping,0,Fixed Defect,Former,Frequent,Moderate,10994,No,Yes,No,Yes,High,5.8,Poor,0
663,51,Female,Typical Angina,134,134,103,331,199,59,247,147,6.7,35.9,91,96,158,No,LVH,1.7,Upsloping,1,Normal,Never,Occasional,High,9582,No,No,No,Yes,High,6.4,Good,0
664,66,Female,Non-anginal Pain,145,145,69,279,81,78,236,146,7.9,22.1,72,83,147,Yes,Normal,1.6,Upsloping,2,Normal,Current,Occasional,Moderate,13180,Yes,No,Yes,Yes,Low,5.9,Average,1
665,84,Male,Typical Angina,150,150,93,247,101,79,120,128,7.7,20.6,92,95,124,Yes,LVH,3.4,Upsloping,1,Reversible Defect,Current,Occasional,Moderate,4883,Yes,Yes,Yes,Yes,High,7.8,Average,1
666,56,Female,Atypical Angina,121,121,69,227,124,45,249,158,5.7,20.8,103,95,152,No,LVH,1.1,Downsloping,3,Normal,Current,Never,High,6707,No,No,No,No,High,7.6,Poor,0
667,70,Male,Atypical Angina,170,170,89,252,171,35,282,105,6.6,20.8,76,57,144,Yes,Normal,0.0,Flat,0,Normal,Never,Never,Low,8495,Yes,No,Yes,No,High,8.3,Good,1
668,53,Male,Atypical Angina,151,151,90,274,137,64,125,168,9.4,33.5,79,67,167,No,Normal,0.1,Downsloping,2,Reversible Defect,Current,Never,Moderate,12399,Yes,No,No,No,Medium,9.0,Average,1
669,44,Male,Typical Angina,106,106,84,286,156,43,206,87,6.1,21.9,113,70,166,No,ST-T Abnormality,0.0,Flat,0,Normal,Never,Never,High,2103,No,No,No,No,Low,8.4,Average,0
670,40,Female,Asymptomatic,151,151,74,222,84,62,86,120,8.2,21.3,120,91,167,No,ST-T Abnormality,1.4,Upsloping,2,Fixed Defect,Current,Occasional,Low,6119,Yes,No,Yes,Yes,High,7.5,Average,1
671,36,Female,Non-anginal Pain,102,102,96,285,154,57,185,150,7.1,39.5,121,97,192,No,Normal,0.0,Upsloping,4,Fixed Defect,Current,Never,Moderate,4246,Yes,No,Yes,No,Low,6.5,Poor,1
672,26,Male,Asymptomatic,173,173,75,247,148,34,188,148,7.5,31.7,99,100,191,No,ST-T Abnormality,3.2,Upsloping,4,Reversible Defect,Current,Frequent,Low,9775,Yes,No,Yes,Yes,Low,6.4,Average,1
673,54,Male,Non-anginal Pain,173,173,93,219,77,59,121,94,7.6,35.6,110,89,157,No,ST-T Abnormality,0.3,Flat,1,Fixed Defect,Never,Never,Moderate,2505,No,No,Yes,Yes,Low,5.1,Poor,0
674,45,Male,Atypical Angina,158,158,78,299,139,48,177,151,7.0,30.9,89,85,185,No,ST-T Abnormality,0.9,Downsloping,0,Reversible Defect,Never,Occasional,High,10133,No,No,Yes,No,High,6.5,Average,0
675,64,Male,Asymptomatic,102,102,86,230,135,51,214,134,7.7,27.2,99,70,155,No,ST-T Abnormality,1.3,Upsloping,4,Normal,Never,Frequent,High,11264,No,Yes,No,Yes,High,7.6,Poor,0
676,66,Male,Atypical Angina,120,120,89,245,98,40,288,120,7.7,19.1,128,81,143,Yes,LVH,1.9,Downsloping,2,Reversible Defect,Never,Frequent,Moderate,14508,No,No,No,No,Medium,8.7,Average,0
677,80,Male,Atypical Angina,109,109,110,247,126,49,283,170,9.2,24.6,86,74,131,Yes,ST-T Abnormality,0.0,Downsloping,1,Fixed Defect,Current,Occasional,High,5709,No,No,Yes,No,Medium,4.6,Good,1
678,46,Male,Typical Angina,166,166,97,299,125,66,298,177,7.5,22.9,78,72,181,Yes,Normal,0.6,Downsloping,0,Normal,Never,Never,Moderate,9843,Yes,No,No,No,Medium,5.9,Good,0
679,69,Male,Typical Angina,104,104,75,238,103,79,226,108,7.5,24.3,122,55,160,No,Normal,0.0,Upsloping,3,Reversible Defect,Never,Occasional,High,3747,Yes,No,Yes,Yes,Low,7.8,Average,1
680,67,Female,Non-anginal Pain,155,155,65,331,190,30,250,126,7.4,37.0,82,91,144,Yes,ST-T Abnormality,0.4,Downsloping,0,Fixed Defect,Never,Occasional,Moderate,8355,Yes,No,No,Yes,Low,5.5,Good,1
681,72,Male,Non-anginal Pain,124,124,79,207,104,32,129,164,6.9,37.5,107,84,149,Yes,ST-T Abnormality,0.0,Downsloping,0,Reversible Defect,Current,Frequent,Low,13055,No,Yes,Yes,Yes,Low,7.0,Good,1
682,65,Male,Non-anginal Pain,156,156,78,265,92,71,123,120,5.1,30.5,84,59,151,No,LVH,2.0,Flat,0,Normal,Current,Never,Low,4653,No,Yes,No,No,Medium,6.0,Average,1
683,68,Male,Atypical Angina,142,142,85,192,104,31,134,132,7.0,22.4,74,91,159,Yes,LVH,1.7,Downsloping,1,Normal,Former,Frequent,Low,9008,No,Yes,No,No,Low,6.5,Average,1
684,43,Female,Non-anginal Pain,126,126,63,248,114,47,278,142,5.6,31.4,71,60,182,No,Normal,0.7,Flat,4,Reversible Defect,Never,Never,Moderate,2764,Yes,No,No,No,Medium,4.8,Good,0
685,27,Male,Asymptomatic,152,152,76,294,165,33,152,113,6.7,28.0,109,97,186,No,LVH,1.3,Upsloping,3,Fixed Defect,Current,Never,Low,8329,No,No,No,Yes,High,8.4,Average,1
686,44,Female,Atypical Angina,149,149,85,230,80,67,133,142,6.0,31.8,82,89,177,No,ST-T Abnormality,0.7,Downsloping,4,Normal,Never,Never,Low,3633,Yes,No,No,Yes,Low,8.9,Poor,0
687,83,Male,Atypical Angina,158,158,63,203,82,72,160,93,7.6,23.2,109,86,138,No,LVH,1.9,Flat,4,Reversible Defect,Never,Occasional,High,4919,No,No,No,Yes,Medium,5.0,Poor,0
688,43,Female,Non-anginal Pain,119,119,69,205,75,53,235,128,8.8,38.8,82,62,175,Yes,Normal,0.0,Downsloping,2,Reversible Defect,Former,Never,Low,13343,Yes,No,No,Yes,Medium,5.8,Average,1
689,27,Female,Non-anginal Pain,121,121,60,240,139,59,118,180,8.0,29.0,101,78,184,No,ST-T Abnormality,1.4,Downsloping,0,Reversible Defect,Former,Never,Moderate,8508,No,No,No,Yes,Low,8.8,Good,0
690,65,Female,Typical Angina,119,119,61,274,110,52,224,97,4.9,23.1,93,81,163,No,LVH,0.0,Downsloping,2,Normal,Former,Never,High,11707,No,Yes,No,Yes,Low,6.0,Average,1
691,52,Male,Typical Angina,119,119,101,325,181,45,180,128,5.2,21.3,112,81,173,No,ST-T Abnormality,0.9,Downsloping,1,Reversible Defect,Current,Never,Moderate,12589,No,No,No,Yes,Low,5.4,Poor,0
692,53,Male,Non-anginal Pain,122,122,69,207,86,71,200,164,9.1,19.0,77,61,172,No,LVH,0.0,Flat,2,Reversible Defect,Never,Never,High,9134,No,No,No,No,Medium,5.8,Poor,0
693,38,Male,Asymptomatic,105,105,110,217,104,73,132,120,7.2,29.7,119,79,187,No,LVH,0.0,Flat,3,Reversible Defect,Never,Occasional,High,6616,No,No,No,No,High,5.0,Average,0
694,41,Male,Non-anginal Pain,124,124,71,197,107,41,111,158,6.0,24.5,83,56,180,No,Normal,1.2,Flat,0,Reversible Defect,Current,Occasional,Moderate,10373,Yes,No,No,Yes,Medium,8.4,Average,0
695,44,Female,Atypical Angina,114,114,107,238,111,62,250,80,5.1,30.9,92,90,186,Yes,Normal,1.9,Downsloping,0,Normal,Former,Frequent,Moderate,7515,Yes,No,No,No,Low,8.4,Poor,0
696,66,Male,Typical Angina,120,120,86,232,70,52,85,137,6.7,25.2,114,94,159,No,ST-T Abnormality,0.5,Upsloping,4,Fixed Defect,Former,Occasional,Low,5998,Yes,Yes,Yes,Yes,High,9.0,Poor,1
697,89,Female,Typical Angina,114,114,100,236,91,62,133,135,7.4,32.8,119,89,116,No,Normal,1.3,Upsloping,3,Normal,Current,Never,Moderate,4540,Yes,No,Yes,Yes,Low,7.7,Poor,1
698,37,Male,Asymptomatic,151,151,90,284,192,50,263,160,8.2,25.7,122,86,181,Yes,LVH,0.6,Upsloping,0,Normal,Current,Frequent,Low,10818,Yes,No,No,No,Low,8.0,Good,1
699,41,Female,Typical Angina,174,174,94,320,160,67,280,173,5.5,31.3,95,96,182,No,ST-T Abnormality,0.8,Flat,1,Reversible Defect,Current,Occasional,Moderate,10746,No,No,Yes,Yes,High,8.4,Good,0
700,37,Male,Asymptomatic,128,128,98,243,111,51,258,118,9.0,25.1,107,72,172,No,LVH,2.6,Upsloping,0,Fixed Defect,Former,Occasional,High,12279,No,No,No,Yes,High,6.4,Good,0
701,63,Male,Atypical Angina,132,132,95,339,187,49,275,157,8.6,34.8,124,77,146,No,ST-T Abnormality,0.3,Upsloping,0,Fixed Defect,Never,Occasional,Low,5973,No,No,Yes,No,High,8.7,Average,1
702,51,Female,Asymptomatic,133,133,78,326,219,64,153,101,5.4,34.1,126,75,179,No,Normal,0.8,Upsloping,1,Fixed Defect,Current,Never,Low,9515,Yes,No,No,No,Medium,5.8,Good,0
703,32,Male,Atypical Angina,169,169,96,267,126,30,228,156,8.3,36.5,86,90,192,No,LVH,1.5,Upsloping,2,Reversible Defect,Never,Occasional,Moderate,8815,Yes,No,No,Yes,Low,8.7,Average,0
704,72,Male,Asymptomatic,176,176,82,324,173,36,144,92,7.4,19.0,119,96,152,Yes,LVH,0.4,Upsloping,2,Fixed Defect,Current,Frequent,High,12894,No,Yes,No,No,Medium,7.1,Good,1
705,86,Male,Non-anginal Pain,126,126,87,234,77,37,103,156,7.6,32.4,72,78,122,Yes,ST-T Abnormality,1.5,Flat,2,Fixed Defect,Current,Frequent,High,7618,No,No,Yes,No,Medium,5.2,Poor,1
706,73,Male,Typical Angina,154,154,109,310,192,38,225,81,6.4,35.3,83,66,152,No,LVH,3.4,Downsloping,1,Reversible Defect,Never,Occasional,Moderate,9202,Yes,Yes,Yes,No,Medium,5.9,Average,1
707,63,Female,Atypical Angina,128,128,80,246,94,44,96,101,8.1,33.1,125,55,152,No,LVH,2.0,Upsloping,2,Normal,Former,Frequent,Moderate,6081,No,No,No,Yes,High,5.3,Poor,0
708,33,Female,Non-anginal Pain,168,168,101,331,178,79,252,166,6.3,23.2,90,89,174,Yes,Normal,1.0,Upsloping,2,Reversible Defect,Current,Frequent,Moderate,7001,Yes,No,Yes,No,Low,7.7,Average,1
709,37,Female,Non-anginal Pain,167,167,100,181,84,51,190,109,8.4,20.5,110,58,182,No,Normal,2.1,Flat,2,Normal,Former,Occasional,Moderate,9182,No,No,No,Yes,Medium,5.0,Good,0
710,63,Female,Typical Angina,103,103,74,365,195,62,87,168,5.7,22.4,122,67,164,No,LVH,1.8,Downsloping,3,Reversible Defect,Never,Never,Moderate,8997,Yes,Yes,No,No,High,6.9,Poor,0
711,33,Female,Non-anginal Pain,108,108,80,302,181,41,256,108,7.1,35.5,121,66,194,No,LVH,0.9,Upsloping,1,Normal,Never,Frequent,High,11249,Yes,No,No,No,Medium,7.6,Poor,0
712,62,Female,Atypical Angina,175,175,64,268,111,67,217,112,9.0,37.1,110,74,161,Yes,ST-T Abnormality,2.0,Flat,3,Fixed Defect,Never,Never,Moderate,11987,Yes,No,No,Yes,Low,4.7,Good,1
713,68,Female,Asymptomatic,110,110,94,249,157,40,140,174,9.2,23.0,119,93,149,No,LVH,1.0,Flat,2,Reversible Defect,Current,Frequent,Moderate,12077,No,Yes,No,No,Medium,5.3,Average,1
714,87,Female,Typical Angina,122,122,69,211,98,67,279,97,6.2,32.0,104,59,129,No,Normal,2.0,Downsloping,3,Reversible Defect,Never,Occasional,Moderate,3342,No,No,No,Yes,Medium,7.9,Good,0
715,63,Female,Non-anginal Pain,166,166,85,335,197,78,262,135,8.8,38.4,77,88,164,Yes,Normal,1.0,Downsloping,1,Normal,Current,Frequent,Low,10055,Yes,No,No,No,Medium,7.1,Poor,1
716,46,Male,Typical Angina,128,128,110,311,178,67,188,175,4.9,27.8,123,78,182,No,LVH,0.0,Flat,2,Normal,Never,Never,High,13031,No,No,Yes,Yes,High,7.8,Poor,0
717,55,Male,Typical Angina,144,144,67,266,148,38,253,95,5.0,18.2,90,70,152,No,Normal,0.0,Upsloping,2,Fixed Defect,Current,Never,High,13708,No,No,No,Yes,Medium,4.8,Average,0
718,88,Male,Typical Angina,151,151,96,392,200,76,250,80,7.7,26.3,104,70,136,No,ST-T Abnormality,0.5,Flat,4,Normal,Never,Occasional,Moderate,12368,No,No,No,No,High,5.6,Good,0
719,67,Female,Asymptomatic,137,137,75,223,99,36,186,83,8.8,36.0,104,80,142,No,LVH,0.2,Flat,1,Reversible Defect,Never,Occasional,Moderate,8715,Yes,Yes,No,No,Low,5.8,Good,1
720,35,Female,Asymptomatic,141,141,100,264,96,69,282,113,5.0,35.8,93,68,185,No,Normal,0.0,Upsloping,2,Normal,Former,Frequent,Low,11178,Yes,No,No,Yes,Medium,8.9,Poor,0
721,58,Male,Typical Angina,134,134,89,280,137,70,217,132,7.5,28.7,72,62,156,No,ST-T Abnormality,1.3,Flat,1,Fixed Defect,Current,Occasional,High,13389,Yes,Yes,Yes,Yes,Low,6.8,Average,1
722,90,Female,Asymptomatic,168,168,107,291,130,79,138,105,4.9,34.8,97,84,136,No,LVH,2.1,Downsloping,0,Normal,Never,Never,High,14411,No,No,No,No,High,7.9,Poor,0
723,50,Female,Asymptomatic,156,156,101,287,122,65,73,112,5.2,38.8,115,77,164,Yes,Normal,1.3,Downsloping,3,Normal,Current,Frequent,Moderate,3846,No,No,No,Yes,High,8.2,Average,1
724,27,Male,Asymptomatic,129,129,65,232,137,34,71,114,8.4,30.0,74,94,200,No,Normal,2.2,Upsloping,2,Reversible Defect,Current,Frequent,High,10105,No,No,No,Yes,High,5.5,Average,1
725,72,Male,Asymptomatic,118,118,108,223,95,70,108,175,6.6,36.5,86,72,141,No,LVH,2.8,Flat,4,Normal,Former,Never,Moderate,4907,No,No,Yes,Yes,Medium,8.3,Poor,1
726,48,Female,Asymptomatic,179,179,63,239,95,36,95,168,6.6,18.3,73,57,176,No,ST-T Abnormality,1.5,Upsloping,4,Normal,Former,Frequent,Low,8543,No,No,No,Yes,Low,8.7,Poor,0
727,29,Male,Non-anginal Pain,146,146,72,251,104,34,77,87,5.3,31.1,85,81,184,No,Normal,2.3,Flat,4,Reversible Defect,Current,Never,Moderate,2425,No,No,No,Yes,High,6.6,Poor,1
728,29,Female,Non-anginal Pain,149,149,91,309,200,60,292,170,8.4,21.8,117,64,196,Yes,ST-T Abnormality,1.3,Upsloping,2,Fixed Defect,Current,Never,Moderate,11330,Yes,Yes,No,Yes,Medium,8.3,Average,1
729,57,Female,Non-anginal Pain,123,123,83,281,145,80,106,173,9.1,23.4,112,64,171,No,LVH,2.1,Upsloping,1,Reversible Defect,Current,Occasional,High,6998,No,Yes,No,No,Low,6.2,Poor,0
730,51,Male,Non-anginal Pain,177,177,79,308,174,35,281,168,6.5,27.3,104,90,179,No,ST-T Abnormality,1.3,Upsloping,1,Fixed Defect,Never,Never,Low,4153,Yes,No,Yes,Yes,High,7.5,Average,0
731,36,Male,Atypical Angina,161,161,95,335,207,56,188,128,9.5,35.7,128,82,169,No,Normal,2.7,Downsloping,1,Reversible Defect,Current,Occasional,Low,7111,No,No,No,No,Low,6.8,Poor,1
732,81,Male,Atypical Angina,138,138,62,233,103,35,170,157,9.3,39.5,110,58,137,No,Normal,1.0,Upsloping,4,Fixed Defect,Never,Never,High,6564,No,Yes,Yes,No,Medium,6.5,Poor,1
733,89,Male,Typical Angina,121,121,64,223,107,75,161,122,4.8,20.6,83,65,135,No,Normal,0.0,Upsloping,1,Normal,Never,Never,Moderate,2297,No,No,No,Yes,Medium,7.8,Average,0
734,83,Male,Typical Angina,132,132,67,305,215,35,168,152,8.3,31.1,110,80,122,Yes,Normal,1.3,Upsloping,4,Normal,Former,Frequent,High,10101,Yes,No,Yes,No,High,8.2,Good,1
735,83,Male,Non-anginal Pain,161,161,76,250,91,65,133,135,5.4,26.5,76,79,140,Yes,LVH,2.5,Upsloping,4,Fixed Defect,Never,Never,High,3574,Yes,No,No,No,Low,7.5,Good,0
736,72,Female,Non-anginal Pain,101,101,64,189,74,42,175,132,4.9,25.3,90,78,152,No,ST-T Abnormality,1.4,Downsloping,1,Reversible Defect,Current,Frequent,Low,6102,No,Yes,No,No,Medium,6.4,Poor,1
737,31,Male,Atypical Angina,119,119,68,347,208,35,170,98,5.0,19.3,92,96,192,No,LVH,0.0,Upsloping,0,Fixed Defect,Current,Occasional,High,13285,No,No,No,Yes,Medium,5.5,Average,0
738,49,Female,Typical Angina,179,179,66,240,145,35,210,94,8.0,24.9,130,90,177,No,Normal,0.2,Downsloping,2,Normal,Current,Frequent,Low,7363,No,No,Yes,Yes,Medium,7.5,Average,1
739,39,Male,Atypical Angina,171,171,75,174,83,35,102,152,8.3,19.3,129,88,187,No,LVH,2.8,Flat,1,Normal,Never,Occasional,Moderate,3467,Yes,No,No,Yes,High,8.6,Good,0
740,72,Male,Asymptomatic,105,105,79,273,136,49,126,161,6.2,29.0,122,96,153,No,Normal,1.5,Upsloping,3,Reversible Defect,Never,Never,High,7454,Yes,No,No,Yes,Medium,6.7,Good,0
741,51,Female,Asymptomatic,121,121,70,359,195,56,185,80,7.2,28.8,124,75,155,Yes,ST-T Abnormality,0.4,Downsloping,1,Fixed Defect,Former,Occasional,Moderate,13448,No,Yes,Yes,Yes,Low,5.7,Poor,1
742,81,Female,Typical Angina,120,120,97,300,191,59,97,145,6.2,36.8,106,58,129,Yes,ST-T Abnormality,0.0,Flat,0,Normal,Never,Never,Moderate,5855,No,No,No,No,Low,5.9,Average,1
743,78,Female,Non-anginal Pain,120,120,82,287,134,68,92,178,5.4,30.0,112,71,134,No,LVH,2.2,Downsloping,2,Fixed Defect,Never,Never,Moderate,10957,Yes,No,Yes,Yes,Medium,5.6,Good,0
744,79,Male,Typical Angina,167,167,93,287,198,41,173,131,6.0,24.7,119,72,133,No,Normal,1.3,Flat,4,Normal,Never,Never,High,2716,Yes,No,No,Yes,Low,8.2,Average,0
745,64,Male,Asymptomatic,106,106,79,266,100,75,252,173,7.8,32.4,102,94,143,No,ST-T Abnormality,0.0,Upsloping,1,Normal,Never,Never,High,4673,Yes,Yes,No,Yes,Low,7.2,Good,1
746,31,Male,Asymptomatic,113,113,108,298,191,37,212,133,5.0,20.0,117,99,184,No,Normal,2.1,Downsloping,4,Fixed Defect,Never,Never,High,14461,No,No,No,Yes,High,6.8,Poor,0
747,61,Female,Asymptomatic,128,128,81,263,122,58,203,175,4.8,36.1,78,88,164,No,ST-T Abnormality,3.4,Downsloping,4,Normal,Never,Frequent,Low,5714,No,No,Yes,Yes,Medium,5.0,Poor,1
748,90,Male,Asymptomatic,132,132,90,379,220,70,156,109,5.0,35.1,126,86,116,Yes,ST-T Abnormality,1.5,Downsloping,1,Normal,Never,Never,Low,4982,No,No,No,Yes,High,7.8,Good,1
749,71,Female,Asymptomatic,127,127,85,244,145,42,211,125,8.8,28.2,86,66,154,No,ST-T Abnormality,2.2,Downsloping,3,Fixed Defect,Never,Never,Low,8372,No,No,Yes,No,Low,6.5,Good,1
750,40,Male,Asymptomatic,107,107,107,222,106,35,88,80,7.1,30.7,70,62,177,No,Normal,2.1,Upsloping,1,Fixed Defect,Former,Never,High,12629,No,No,No,Yes,Medium,8.3,Good,0
751,39,Male,Typical Angina,154,154,98,174,72,49,166,140,8.2,30.7,118,59,191,No,LVH,1.3,Downsloping,2,Fixed Defect,Former,Frequent,Low,6764,No,No,No,Yes,Low,7.5,Good,0
752,67,Male,Asymptomatic,133,133,109,294,140,61,289,95,6.3,24.8,85,64,148,No,LVH,1.8,Flat,4,Fixed Defect,Never,Frequent,Low,14532,Yes,Yes,Yes,Yes,High,8.0,Average,1
753,88,Female,Atypical Angina,133,133,69,232,95,51,257,129,4.9,35.8,88,79,122,Yes,ST-T Abnormality,0.6,Flat,1,Reversible Defect,Current,Occasional,Moderate,14643,No,Yes,No,No,Medium,6.6,Poor,1
754,70,Male,Atypical Angina,161,161,94,289,162,54,95,142,6.3,27.7,84,96,136,Yes,LVH,0.0,Upsloping,0,Normal,Current,Occasional,Moderate,6857,Yes,Yes,Yes,No,High,8.3,Good,1
755,83,Male,Non-anginal Pain,157,157,71,318,205,55,104,81,6.9,26.4,127,90,131,No,ST-T Abnormality,2.3,Downsloping,3,Normal,Never,Never,High,9835,Yes,Yes,Yes,Yes,Medium,5.4,Good,1
756,76,Female,Asymptomatic,106,106,86,376,199,60,221,166,5.9,27.2,73,97,132,Yes,LVH,1.2,Flat,2,Fixed Defect,Never,Never,Moderate,6255,Yes,Yes,No,No,Low,7.6,Good,1
757,43,Female,Asymptomatic,101,101,80,314,185,57,197,170,6.4,22.4,86,67,166,No,Normal,0.7,Flat,3,Normal,Current,Frequent,Moderate,13541,Yes,No,Yes,Yes,High,5.7,Poor,1
758,86,Male,Non-anginal Pain,161,161,66,214,115,41,236,142,6.8,36.9,77,61,120,Yes,ST-T Abnormality,2.2,Upsloping,3,Fixed Defect,Current,Never,Low,2937,No,No,Yes,Yes,High,8.5,Average,1
759,39,Female,Typical Angina,101,101,73,267,96,57,94,114,5.7,23.9,95,92,166,Yes,ST-T Abnormality,1.8,Flat,3,Normal,Never,Never,Moderate,8919,Yes,No,No,Yes,Medium,6.6,Poor,0
760,52,Male,Atypical Angina,174,174,72,181,72,32,141,128,7.5,26.8,124,68,173,No,Normal,1.3,Flat,3,Normal,Never,Frequent,Moderate,6565,No,Yes,No,No,Low,8.6,Poor,1
761,53,Male,Atypical Angina,177,177,74,313,210,50,208,91,5.6,34.3,106,93,170,Yes,Normal,0.3,Flat,3,Normal,Never,Occasional,High,12685,Yes,No,Yes,No,High,8.2,Poor,1
762,41,Female,Non-anginal Pain,145,145,73,255,112,65,255,80,7.2,33.8,104,92,174,No,ST-T Abnormality,0.0,Flat,4,Normal,Current,Occasional,Moderate,14258,No,No,No,No,Medium,8.3,Poor,1
763,46,Male,Typical Angina,121,121,71,226,113,68,141,113,7.3,30.0,128,59,173,No,Normal,3.1,Downsloping,1,Normal,Former,Never,High,4570,No,No,No,Yes,Low,5.4,Poor,0
764,46,Male,Atypical Angina,179,179,106,245,158,33,218,144,8.6,25.9,121,69,174,No,LVH,0.5,Flat,0,Reversible Defect,Current,Never,High,12220,Yes,Yes,No,Yes,Low,8.4,Average,0
765,56,Female,Typical Angina,129,129,67,399,214,77,183,179,6.4,38.2,108,63,149,No,ST-T Abnormality,1.1,Flat,4,Reversible Defect,Current,Frequent,Low,12072,Yes,No,Yes,Yes,Low,5.1,Average,1
766,76,Male,Asymptomatic,176,176,109,190,73,54,273,92,7.6,19.7,81,72,134,Yes,ST-T Abnormality,1.8,Flat,1,Normal,Never,Frequent,Low,5753,Yes,No,No,No,Medium,5.5,Average,1
767,41,Female,Typical Angina,113,113,69,307,172,46,71,153,7.6,36.8,112,99,189,No,LVH,0.2,Downsloping,1,Fixed Defect,Former,Occasional,Moderate,4251,No,No,No,Yes,Low,5.2,Poor,0
768,33,Female,Asymptomatic,113,113,79,255,105,36,221,139,7.8,33.2,86,70,176,No,ST-T Abnormality,1.7,Downsloping,4,Normal,Never,Occasional,Low,13344,No,No,No,Yes,Low,8.9,Good,1
769,55,Female,Atypical Angina,138,138,109,233,116,77,123,110,8.4,31.8,107,89,160,No,LVH,0.0,Downsloping,4,Fixed Defect,Former,Occasional,Low,3560,No,No,No,Yes,Low,6.0,Good,0
770,62,Female,Atypical Angina,169,169,70,331,204,63,114,82,8.3,24.0,87,75,146,No,ST-T Abnormality,1.8,Flat,3,Normal,Former,Frequent,High,11576,Yes,No,Yes,No,Medium,8.7,Good,1
771,65,Female,Asymptomatic,168,168,71,242,159,30,114,150,6.7,19.8,107,77,142,No,ST-T Abnormality,2.1,Upsloping,2,Reversible Defect,Never,Never,Low,3485,Yes,No,Yes,Yes,Low,8.6,Poor,1
772,61,Male,Typical Angina,152,152,85,272,183,32,162,135,5.7,31.1,74,55,161,No,ST-T Abnormality,0.8,Flat,2,Reversible Defect,Former,Never,Moderate,2307,Yes,No,No,Yes,Low,7.8,Poor,0
773,53,Male,Atypical Angina,175,175,74,274,188,35,188,142,7.9,26.2,90,79,177,No,ST-T Abnormality,1.0,Flat,4,Fixed Defect,Never,Never,Low,13224,No,Yes,No,Yes,Medium,8.9,Poor,1
774,75,Female,Atypical Angina,125,125,77,249,128,59,289,108,8.0,22.8,83,82,153,No,Normal,1.3,Flat,3,Normal,Never,Never,Moderate,12533,No,No,No,No,High,4.9,Average,0
775,63,Male,Typical Angina,158,158,71,241,99,77,247,106,8.5,38.7,108,84,152,No,ST-T Abnormality,0.5,Upsloping,3,Reversible Defect,Never,Never,High,6545,No,No,Yes,Yes,Medium,6.0,Average,1
776,37,Female,Non-anginal Pain,105,105,70,226,114,49,89,178,7.1,18.4,84,73,176,Yes,ST-T Abnormality,1.8,Flat,2,Fixed Defect,Former,Occasional,Moderate,5217,No,Yes,No,No,Medium,7.1,Poor,0
777,46,Female,Typical Angina,172,172,62,272,105,56,70,156,6.4,37.2,102,72,162,No,ST-T Abnormality,1.5,Downsloping,2,Fixed Defect,Never,Occasional,High,14155,No,No,Yes,Yes,Low,6.3,Average,0
778,55,Female,Typical Angina,133,133,103,305,192,64,186,144,9.3,35.2,103,82,174,No,ST-T Abnormality,2.2,Flat,3,Normal,Never,Occasional,High,2839,No,No,No,No,Low,6.9,Average,1
779,69,Female,Typical Angina,108,108,83,294,129,55,85,99,6.9,23.6,129,97,152,No,LVH,2.0,Upsloping,4,Reversible Defect,Former,Never,Moderate,2181,No,No,No,No,Low,7.6,Good,0
780,74,Male,Typical Angina,156,156,77,194,79,44,171,141,7.8,24.4,112,82,138,No,Normal,1.7,Upsloping,1,Fixed Defect,Current,Occasional,Low,13482,Yes,Yes,Yes,Yes,Low,7.8,Average,1
781,77,Female,Asymptomatic,155,155,81,351,185,62,190,176,5.8,38.0,96,68,137,No,Normal,0.4,Flat,0,Reversible Defect,Former,Never,High,13409,No,No,No,No,Low,7.8,Average,0
782,66,Male,Asymptomatic,171,171,87,292,186,33,77,132,6.6,36.6,81,99,140,Yes,Normal,0.0,Upsloping,3,Fixed Defect,Never,Never,Low,11467,Yes,No,No,No,Low,8.7,Good,1
783,47,Male,Asymptomatic,126,126,109,246,109,56,148,158,6.0,32.8,95,69,169,Yes,LVH,1.0,Flat,4,Normal,Never,Never,Low,5379,Yes,No,No,Yes,High,8.0,Average,0
784,63,Male,Non-anginal Pain,108,108,99,297,167,68,225,147,5.6,20.5,87,76,150,No,Normal,0.0,Downsloping,0,Reversible Defect,Current,Frequent,Moderate,14710,No,No,No,Yes,Low,7.6,Good,1
785,34,Female,Typical Angina,128,128,103,311,166,71,167,163,8.8,33.9,126,62,186,No,LVH,0.0,Downsloping,0,Reversible Defect,Current,Never,Low,12715,Yes,Yes,No,No,Low,5.4,Average,1
786,30,Male,Asymptomatic,103,103,92,283,184,33,108,147,5.6,28.5,130,95,183,Yes,ST-T Abnormality,0.9,Downsloping,0,Normal,Never,Frequent,Low,14622,No,No,No,No,High,6.0,Poor,1
787,27,Female,Asymptomatic,111,111,64,334,189,70,113,140,6.7,21.2,78,81,186,Yes,Normal,2.6,Downsloping,4,Normal,Never,Frequent,Moderate,4186,Yes,No,No,Yes,High,5.0,Poor,0
788,47,Female,Typical Angina,132,132,81,300,167,70,72,174,8.3,22.3,121,88,162,No,LVH,0.6,Downsloping,3,Normal,Never,Occasional,Moderate,4659,No,No,Yes,Yes,Medium,7.2,Good,1
789,36,Male,Atypical Angina,107,107,75,364,215,58,166,120,5.4,39.1,118,94,182,No,LVH,0.7,Flat,2,Normal,Never,Occasional,High,7814,Yes,No,No,No,Medium,6.8,Poor,0
790,81,Female,Atypical Angina,118,118,67,310,139,62,202,127,6.1,35.1,115,77,127,No,ST-T Abnormality,1.4,Flat,3,Normal,Never,Never,Moderate,4083,Yes,Yes,Yes,No,Low,6.2,Average,1
791,77,Female,Atypical Angina,132,132,71,198,114,38,72,129,6.8,30.9,74,93,137,No,ST-T Abnormality,1.7,Downsloping,4,Reversible Defect,Former,Occasional,Moderate,4898,Yes,Yes,No,No,Medium,7.2,Good,1
792,44,Male,Typical Angina,157,157,99,363,201,59,133,112,7.3,22.7,73,66,175,No,LVH,2.1,Flat,3,Reversible Defect,Current,Never,Moderate,3567,No,No,No,Yes,High,6.9,Poor,1
793,35,Male,Typical Angina,151,151,69,252,82,71,292,116,8.2,39.8,106,94,172,No,Normal,2.8,Upsloping,1,Fixed Defect,Current,Never,Low,2273,Yes,No,Yes,No,Medium,5.2,Good,1
794,85,Male,Typical Angina,137,137,60,243,146,40,202,103,5.9,18.7,123,76,126,No,Normal,1.9,Upsloping,1,Reversible Defect,Never,Occasional,Moderate,8989,No,No,Yes,Yes,High,8.7,Good,0
795,76,Male,Asymptomatic,151,151,94,236,78,71,227,132,6.7,38.1,129,63,154,Yes,LVH,0.8,Flat,0,Reversible Defect,Current,Occasional,High,9869,Yes,No,No,No,Low,5.9,Average,1
796,87,Female,Typical Angina,101,101,63,257,150,55,197,124,5.1,20.7,96,86,128,No,Normal,0.6,Downsloping,1,Reversible Defect,Never,Never,Low,2737,Yes,Yes,Yes,No,High,7.8,Good,1
797,34,Male,Asymptomatic,157,157,78,269,145,49,291,96,8.4,29.3,90,90,177,Yes,Normal,1.1,Upsloping,3,Reversible Defect,Never,Occasional,Moderate,8775,No,No,No,Yes,High,4.8,Average,0
798,29,Female,Non-anginal Pain,145,145,84,267,158,35,158,124,7.4,20.0,75,67,193,Yes,LVH,2.3,Downsloping,0,Normal,Never,Occasional,Moderate,9403,No,No,No,No,High,8.1,Average,1
799,71,Male,Non-anginal Pain,101,101,97,179,70,33,74,177,6.0,31.3,129,70,134,Yes,LVH,0.4,Downsloping,0,Normal,Former,Never,High,3334,Yes,Yes,Yes,Yes,High,6.2,Poor,1
800,30,Male,Non-anginal Pain,168,168,94,243,75,72,93,128,6.1,29.3,97,55,196,No,LVH,3.2,Downsloping,1,Normal,Never,Never,High,13835,Yes,No,No,No,High,6.4,Poor,0
801,32,Male,Atypical Angina,162,162,62,256,83,78,80,166,8.2,31.3,108,87,175,No,LVH,0.0,Downsloping,0,Normal,Never,Frequent,High,13843,No,No,No,Yes,Low,4.9,Good,0
802,43,Female,Typical Angina,130,130,71,288,157,40,186,167,8.0,26.3,80,97,184,Yes,Normal,0.1,Upsloping,3,Fixed Defect,Former,Never,Moderate,11840,No,Yes,No,Yes,Medium,6.6,Average,1
803,71,Female,Atypical Angina,110,110,88,240,105,70,217,114,6.8,24.5,120,59,150,No,ST-T Abnormality,2.4,Flat,2,Fixed Defect,Never,Never,Moderate,8675,Yes,No,No,Yes,Medium,7.7,Good,0
804,73,Male,Asymptomatic,147,147,91,234,147,31,82,122,9.2,26.0,73,90,143,Yes,ST-T Abnormality,1.8,Upsloping,3,Normal,Never,Occasional,Moderate,8484,Yes,No,Yes,No,Low,6.2,Poor,1
805,36,Female,Typical Angina,115,115,70,367,220,32,156,100,8.0,23.9,119,58,169,No,ST-T Abnormality,0.8,Flat,1,Reversible Defect,Never,Occasional,High,13405,No,Yes,No,Yes,Low,7.1,Poor,0
806,75,Male,Typical Angina,141,141,76,297,159,61,151,116,8.3,19.1,108,72,135,No,ST-T Abnormality,0.8,Downsloping,1,Fixed Defect,Never,Occasional,High,5688,Yes,No,Yes,Yes,High,4.6,Good,0
807,40,Female,Typical Angina,120,120,70,300,154,55,150,169,6.7,25.7,70,93,165,No,Normal,1.9,Flat,3,Normal,Current,Occasional,High,4286,No,No,No,No,Low,6.5,Average,0
808,82,Male,Typical Angina,146,146,61,243,86,53,243,172,7.8,34.7,75,59,137,No,ST-T Abnormality,2.1,Flat,0,Normal,Never,Occasional,Moderate,8934,Yes,No,Yes,No,High,6.5,Poor,1
809,72,Male,Typical Angina,148,148,76,308,215,46,151,172,7.0,21.9,106,78,152,Yes,LVH,1.8,Upsloping,3,Reversible Defect,Former,Frequent,Moderate,12440,No,No,Yes,No,High,8.7,Good,1
810,76,Male,Asymptomatic,171,171,89,362,196,46,117,111,9.5,27.5,114,80,137,No,ST-T Abnormality,0.0,Flat,2,Reversible Defect,Never,Never,High,10881,No,No,Yes,Yes,Low,8.1,Poor,1
811,48,Male,Typical Angina,161,161,73,297,106,74,213,97,6.3,18.6,118,98,178,Yes,Normal,2.2,Flat,2,Fixed Defect,Never,Occasional,High,12114,Yes,No,No,No,Low,6.5,Poor,1
812,45,Male,Atypical Angina,112,112,76,260,116,31,128,177,8.6,33.9,103,99,185,Yes,ST-T Abnormality,1.2,Flat,4,Normal,Never,Never,Low,6864,No,No,No,Yes,High,7.2,Poor,1
813,26,Female,Typical Angina,156,156,80,203,102,54,253,130,8.5,25.3,85,82,186,No,Normal,0.7,Downsloping,1,Normal,Current,Never,Moderate,14672,No,No,Yes,Yes,Low,6.7,Average,1
814,84,Male,Typical Angina,161,161,61,304,171,55,130,128,8.5,22.5,91,83,146,Yes,LVH,0.7,Flat,2,Normal,Former,Frequent,High,10248,No,Yes,No,Yes,High,5.8,Good,1
815,29,Female,Atypical Angina,164,164,70,327,181,60,73,85,6.0,35.4,95,82,187,No,Normal,0.0,Downsloping,3,Reversible Defect,Current,Occasional,Low,12392,No,No,Yes,No,Medium,7.8,Average,1
816,82,Female,Typical Angina,162,162,107,407,220,74,250,144,6.8,24.9,107,91,131,No,LVH,2.9,Downsloping,4,Fixed Defect,Never,Occasional,High,2232,No,No,No,Yes,Low,8.2,Average,1
817,62,Male,Non-anginal Pain,170,170,97,199,103,36,227,116,7.4,20.8,91,100,151,No,Normal,3.0,Flat,0,Normal,Never,Never,Moderate,13465,Yes,No,No,Yes,High,6.5,Good,0
818,45,Male,Asymptomatic,120,120,81,308,197,49,86,145,8.4,38.0,103,80,163,No,Normal,2.1,Upsloping,4,Normal,Current,Occasional,Moderate,10615,No,No,No,Yes,Medium,7.5,Average,1
819,33,Female,Asymptomatic,151,151,79,288,135,66,243,121,7.2,29.5,113,84,174,No,ST-T Abnormality,0.0,Downsloping,2,Fixed Defect,Current,Frequent,Moderate,14698,No,No,Yes,Yes,High,6.9,Poor,1
820,81,Male,Non-anginal Pain,149,149,85,212,106,56,300,120,8.2,22.4,113,63,149,Yes,LVH,0.0,Flat,2,Fixed Defect,Former,Occasional,Moderate,10179,No,No,Yes,No,Medium,7.9,Average,1
821,88,Female,Typical Angina,157,157,81,244,83,54,176,128,6.5,20.2,90,88,117,No,Normal,1.9,Upsloping,2,Normal,Never,Occasional,Low,6956,No,No,Yes,Yes,High,7.1,Average,1
822,62,Male,Typical Angina,129,129,80,315,179,31,132,132,5.7,21.2,126,85,167,No,LVH,0.0,Flat,3,Fixed Defect,Former,Never,High,5476,No,No,Yes,Yes,Low,4.7,Good,1
823,67,Male,Asymptomatic,127,127,77,266,141,77,222,142,8.9,29.9,128,97,145,Yes,LVH,1.4,Flat,4,Normal,Current,Occasional,High,7515,Yes,No,Yes,No,Low,5.4,Average,1
824,59,Male,Non-anginal Pain,101,101,96,349,195,49,243,82,9.0,24.6,107,75,156,No,LVH,0.0,Downsloping,1,Normal,Never,Never,High,12778,No,No,No,Yes,Low,7.7,Average,0
825,59,Male,Atypical Angina,142,142,93,330,205,68,80,109,5.3,32.3,117,72,152,No,ST-T Abnormality,1.8,Downsloping,2,Fixed Defect,Never,Occasional,Low,6680,No,No,Yes,No,Medium,7.2,Poor,1
826,64,Male,Asymptomatic,164,164,93,192,110,42,248,145,8.6,29.3,87,63,147,No,Normal,1.3,Downsloping,4,Fixed Defect,Current,Never,Moderate,6009,Yes,No,Yes,Yes,Medium,4.6,Good,1
827,71,Female,Non-anginal Pain,156,156,72,297,202,43,277,147,9.1,33.8,121,99,159,No,Normal,1.8,Flat,0,Reversible Defect,Never,Frequent,Moderate,4450,No,No,Yes,Yes,Medium,8.2,Average,1
828,64,Female,Typical Angina,128,128,101,221,104,59,108,101,5.9,31.7,113,85,163,No,LVH,2.4,Upsloping,4,Normal,Never,Frequent,Low,14499,No,No,Yes,No,Medium,8.4,Good,1
829,82,Male,Typical Angina,156,156,86,290,136,34,285,137,8.3,32.8,99,86,138,No,LVH,0.9,Upsloping,4,Fixed Defect,Current,Frequent,Moderate,3061,No,No,No,No,High,4.8,Good,1
830,63,Female,Typical Angina,133,133,95,357,210,43,290,99,9.3,29.2,113,87,153,No,ST-T Abnormality,1.0,Flat,4,Normal,Never,Never,Moderate,5896,No,No,No,Yes,Low,5.0,Good,0
831,28,Female,Asymptomatic,112,112,92,360,208,63,287,156,5.0,34.2,77,63,177,Yes,Normal,1.3,Flat,3,Reversible Defect,Never,Never,High,5595,No,No,No,Yes,High,7.0,Average,0
832,54,Male,Asymptomatic,140,140,62,289,186,32,270,173,8.9,24.0,82,81,161,No,ST-T Abnormality,1.1,Flat,4,Reversible Defect,Current,Occasional,Moderate,2217,No,No,No,No,Low,7.8,Poor,0
833,52,Male,Non-anginal Pain,111,111,93,186,78,52,149,127,9.4,25.1,104,85,159,No,Normal,1.7,Upsloping,2,Normal,Current,Occasional,Moderate,3046,No,No,Yes,No,Low,7.4,Good,1
834,38,Male,Typical Angina,141,141,100,319,207,58,182,137,7.7,38.6,104,80,168,No,Normal,0.7,Upsloping,0,Normal,Current,Frequent,Low,6957,No,No,No,No,Medium,6.8,Average,1
835,77,Female,Asymptomatic,138,138,61,348,178,76,199,164,5.8,30.6,77,59,140,Yes,ST-T Abnormality,1.8,Downsloping,1,Fixed Defect,Current,Occasional,High,9422,Yes,Yes,No,Yes,High,6.5,Poor,1
836,90,Female,Atypical Angina,147,147,105,254,92,51,93,128,8.8,39.2,117,97,131,No,ST-T Abnormality,1.9,Upsloping,1,Reversible Defect,Never,Occasional,Moderate,12269,No,No,Yes,Yes,High,6.4,Average,1
837,28,Female,Non-anginal Pain,144,144,107,265,169,41,226,94,6.8,38.0,98,95,184,No,Normal,1.1,Flat,3,Normal,Current,Never,Moderate,4712,Yes,No,No,Yes,Medium,7.0,Poor,0
838,61,Male,Non-anginal Pain,132,132,95,274,84,75,76,174,9.5,23.0,107,68,147,No,LVH,1.6,Upsloping,3,Reversible Defect,Former,Occasional,Moderate,6728,Yes,No,No,Yes,Low,8.2,Average,0
839,69,Male,Typical Angina,157,157,89,262,118,56,105,120,8.3,30.7,128,62,142,No,Normal,2.2,Flat,0,Normal,Current,Never,Low,4202,Yes,No,Yes,Yes,High,7.6,Poor,1
840,59,Male,Typical Angina,179,179,107,323,177,61,232,118,6.1,19.6,95,56,168,No,Normal,1.1,Flat,3,Fixed Defect,Current,Never,Moderate,12105,Yes,No,No,Yes,Low,8.0,Average,1
841,33,Female,Non-anginal Pain,170,170,84,253,166,33,258,162,6.6,24.7,109,70,182,No,LVH,0.9,Flat,4,Fixed Defect,Current,Frequent,Low,14417,Yes,No,No,Yes,Medium,7.6,Average,1
842,58,Male,Non-anginal Pain,122,122,107,300,210,50,269,116,9.1,24.6,86,76,162,Yes,LVH,1.5,Flat,1,Fixed Defect,Current,Never,High,4958,Yes,Yes,Yes,Yes,Medium,6.6,Poor,1
843,54,Male,Asymptomatic,125,125,69,355,193,48,220,120,5.8,23.6,78,77,174,Yes,LVH,0.8,Upsloping,4,Fixed Defect,Current,Never,Low,11554,No,No,Yes,No,Low,6.5,Good,1
844,80,Female,Non-anginal Pain,161,161,75,229,85,36,93,88,6.0,20.1,97,60,141,Yes,ST-T Abnormality,0.0,Downsloping,0,Fixed Defect,Current,Never,Moderate,12343,Yes,Yes,No,Yes,Medium,8.1,Poor,1
845,83,Male,Atypical Angina,106,106,86,330,154,78,132,172,5.1,19.0,130,96,130,No,ST-T Abnormality,3.2,Upsloping,4,Reversible Defect,Never,Frequent,Moderate,5214,Yes,No,No,No,Low,4.7,Poor,0
846,31,Male,Atypical Angina,117,117,70,228,74,73,174,141,5.0,39.1,90,73,176,Yes,Normal,1.2,Flat,2,Fixed Defect,Former,Frequent,High,11647,Yes,No,No,Yes,Low,8.9,Average,1
847,79,Male,Typical Angina,129,129,97,191,79,32,239,174,7.7,22.5,72,63,146,No,Normal,2.1,Upsloping,0,Normal,Never,Occasional,Low,10752,No,No,Yes,Yes,Low,7.1,Poor,1
848,54,Male,Atypical Angina,132,132,81,324,132,76,147,103,7.2,26.0,89,81,155,No,ST-T Abnormality,1.5,Downsloping,1,Fixed Defect,Never,Occasional,Low,14993,Yes,No,No,Yes,Medium,7.1,Average,0
849,79,Male,Asymptomatic,160,160,100,357,181,78,282,109,6.5,23.9,123,70,143,No,Normal,0.0,Flat,1,Reversible Defect,Former,Never,Moderate,8285,No,No,No,No,Medium,7.0,Poor,0
850,59,Female,Atypical Angina,153,153,86,352,200,33,133,131,8.8,34.8,114,74,168,No,ST-T Abnormality,0.8,Upsloping,2,Fixed Defect,Current,Occasional,High,14737,No,No,Yes,No,Medium,7.7,Good,1
851,54,Female,Atypical Angina,131,131,69,365,217,65,156,140,5.2,22.6,111,73,170,No,ST-T Abnormality,0.4,Downsloping,3,Reversible Defect,Current,Occasional,Low,5219,Yes,No,No,No,Medium,5.5,Good,1
852,61,Female,Typical Angina,118,118,78,258,95,55,160,108,8.0,30.1,102,91,154,No,Normal,0.0,Upsloping,1,Fixed Defect,Former,Frequent,Low,12744,Yes,No,Yes,No,Low,4.6,Poor,1
853,88,Male,Asymptomatic,168,168,99,182,71,36,257,115,7.5,28.4,77,82,127,No,Normal,1.4,Upsloping,1,Fixed Defect,Never,Occasional,High,14841,Yes,No,No,No,Medium,6.3,Average,0
854,60,Male,Non-anginal Pain,126,126,72,327,158,78,72,107,6.7,34.5,106,93,167,No,ST-T Abnormality,1.1,Downsloping,4,Reversible Defect,Never,Never,Moderate,12940,Yes,No,No,Yes,High,6.4,Average,0
855,62,Female,Typical Angina,142,142,74,321,210,44,268,171,6.0,19.9,108,93,165,Yes,ST-T Abnormality,1.7,Downsloping,2,Reversible Defect,Never,Never,Moderate,14475,Yes,No,No,Yes,Low,5.5,Average,1
856,52,Female,Typical Angina,136,136,62,256,140,64,88,135,7.1,38.2,83,91,161,No,Normal,1.1,Upsloping,2,Fixed Defect,Current,Frequent,High,3493,Yes,No,No,No,Low,8.9,Good,0
857,35,Male,Typical Angina,153,153,86,282,108,63,133,117,5.5,19.0,124,62,183,No,Normal,2.9,Flat,0,Reversible Defect,Never,Frequent,High,7392,No,No,No,No,Low,9.0,Poor,0
858,65,Male,Typical Angina,148,148,63,247,95,43,272,143,5.3,19.6,126,60,155,No,Normal,1.2,Downsloping,0,Normal,Current,Frequent,Low,13171,No,Yes,No,Yes,Low,5.9,Average,1
859,25,Male,Atypical Angina,180,180,79,265,103,64,181,140,8.8,39.4,93,75,200,No,ST-T Abnormality,1.6,Flat,4,Fixed Defect,Never,Occasional,Low,5072,Yes,No,No,Yes,High,8.0,Poor,0
860,29,Female,Atypical Angina,119,119,67,254,143,40,91,122,5.8,24.6,73,77,192,No,ST-T Abnormality,1.0,Downsloping,0,Reversible Defect,Never,Occasional,High,12844,Yes,No,No,No,Low,6.3,Average,0
861,69,Female,Non-anginal Pain,146,146,78,176,89,30,161,134,6.6,21.7,88,86,138,No,LVH,2.2,Downsloping,4,Reversible Defect,Former,Never,Moderate,2956,Yes,No,No,No,Low,7.2,Good,1
862,68,Female,Asymptomatic,123,123,88,305,199,48,264,163,6.5,27.9,93,95,139,Yes,Normal,0.7,Flat,1,Fixed Defect,Never,Never,Moderate,9805,Yes,No,No,Yes,Low,5.8,Good,1
863,60,Male,Asymptomatic,105,105,110,291,177,41,223,87,8.0,36.5,121,99,154,No,Normal,1.9,Flat,0,Normal,Former,Frequent,High,4305,Yes,Yes,No,No,Medium,5.3,Good,1
864,39,Male,Atypical Angina,119,119,78,268,116,41,204,104,6.5,25.7,108,55,174,No,LVH,0.0,Downsloping,2,Fixed Defect,Never,Never,Moderate,2021,No,No,No,Yes,Low,7.8,Good,0
865,59,Female,Atypical Angina,140,140,72,228,133,52,281,80,8.5,31.3,97,75,147,No,ST-T Abnormality,1.7,Upsloping,4,Reversible Defect,Current,Frequent,Moderate,12893,No,Yes,Yes,No,High,8.9,Good,1
866,84,Male,Typical Angina,142,142,75,241,96,69,237,113,6.2,18.6,105,74,144,No,ST-T Abnormality,0.9,Flat,1,Fixed Defect,Never,Frequent,High,12302,Yes,No,Yes,Yes,Low,4.9,Good,0
867,53,Male,Asymptomatic,159,159,95,218,76,73,131,172,6.7,26.5,106,92,153,Yes,Normal,1.6,Flat,4,Fixed Defect,Current,Frequent,Moderate,7294,No,No,No,No,Medium,7.2,Average,1
868,27,Female,Asymptomatic,138,138,82,331,215,70,87,173,5.0,22.1,91,64,187,No,ST-T Abnormality,1.8,Flat,4,Normal,Never,Never,High,9411,No,No,Yes,No,Medium,8.5,Poor,1
869,76,Female,Atypical Angina,107,107,68,323,146,67,233,158,8.8,21.2,88,77,147,No,ST-T Abnormality,0.5,Flat,3,Fixed Defect,Never,Occasional,Moderate,4954,No,No,No,Yes,High,5.8,Poor,0
870,55,Male,Typical Angina,139,139,67,205,90,59,153,148,6.4,37.8,99,76,165,Yes,ST-T Abnormality,1.2,Downsloping,3,Normal,Never,Occasional,Low,4852,No,Yes,Yes,No,Low,5.2,Poor,1
871,72,Female,Asymptomatic,137,137,82,345,156,73,127,85,6.1,19.4,128,66,151,No,Normal,0.7,Downsloping,1,Fixed Defect,Former,Occasional,Moderate,5011,Yes,No,Yes,No,Low,4.9,Average,0
872,45,Male,Asymptomatic,130,130,97,237,115,37,289,80,6.7,36.2,78,66,173,No,ST-T Abnormality,2.3,Upsloping,1,Normal,Former,Never,High,5778,Yes,Yes,Yes,Yes,Medium,6.9,Average,1
873,25,Male,Atypical Angina,179,179,74,262,132,43,251,154,7.8,21.3,97,86,186,No,Normal,1.1,Flat,0,Normal,Never,Never,Moderate,7578,No,No,No,No,High,6.7,Good,0
874,72,Female,Atypical Angina,136,136,110,190,106,44,260,109,5.2,39.3,94,77,135,No,LVH,1.2,Downsloping,1,Fixed Defect,Former,Occasional,Moderate,14809,Yes,No,No,No,Medium,6.2,Average,0
875,61,Male,Non-anginal Pain,113,113,65,311,120,73,115,164,7.0,27.8,127,97,155,No,ST-T Abnormality,0.3,Upsloping,3,Normal,Never,Never,High,14841,Yes,No,Yes,Yes,High,7.4,Average,1
876,32,Female,Asymptomatic,180,180,95,255,99,55,132,97,5.5,32.6,113,98,184,Yes,ST-T Abnormality,1.7,Upsloping,3,Reversible Defect,Never,Occasional,Low,11597,Yes,No,No,Yes,Low,6.2,Good,1
877,61,Female,Atypical Angina,105,105,61,233,149,42,249,169,5.1,27.1,79,70,155,No,ST-T Abnormality,1.3,Flat,4,Fixed Defect,Never,Frequent,Low,12792,No,No,Yes,No,High,5.4,Average,0
878,58,Male,Typical Angina,167,167,68,205,88,51,278,129,8.6,28.8,80,57,169,Yes,LVH,0.5,Flat,2,Fixed Defect,Former,Occasional,Moderate,5014,No,No,No,No,Low,8.4,Average,0
879,33,Male,Non-anginal Pain,150,150,80,280,133,61,220,134,5.6,28.7,87,79,178,No,LVH,0.2,Flat,4,Reversible Defect,Never,Occasional,High,3971,Yes,No,No,No,Medium,7.3,Average,0
880,25,Female,Asymptomatic,153,153,109,183,98,39,115,156,9.2,30.7,117,63,181,No,ST-T Abnormality,1.9,Downsloping,3,Normal,Never,Frequent,High,9222,Yes,No,No,No,High,8.4,Poor,0
881,34,Male,Non-anginal Pain,137,137,91,221,117,39,158,143,8.2,30.7,99,84,179,No,Normal,0.5,Flat,0,Normal,Former,Frequent,High,6772,Yes,No,No,No,Low,5.4,Good,0
882,42,Male,Non-anginal Pain,119,119,104,270,132,42,86,171,9.1,24.4,101,58,170,No,ST-T Abnormality,0.0,Downsloping,2,Fixed Defect,Current,Never,High,8478,Yes,No,No,No,High,5.5,Poor,0
883,79,Male,Atypical Angina,137,137,92,264,82,76,122,176,5.8,18.1,124,72,147,No,ST-T Abnormality,1.1,Downsloping,4,Reversible Defect,Current,Occasional,Low,2375,Yes,Yes,Yes,No,Medium,7.8,Good,1
884,35,Male,Typical Angina,103,103,95,306,181,68,291,104,5.5,26.4,109,78,182,No,ST-T Abnormality,3.8,Upsloping,0,Reversible Defect,Never,Never,High,8130,Yes,No,No,Yes,Low,5.0,Average,0
885,62,Female,Typical Angina,127,127,93,195,85,64,85,114,5.9,20.4,92,87,150,No,ST-T Abnormality,1.2,Flat,2,Reversible Defect,Current,Occasional,High,3242,Yes,No,No,No,Low,6.9,Good,1
886,38,Female,Non-anginal Pain,101,101,66,271,120,32,184,94,7.1,29.3,122,80,176,No,ST-T Abnormality,0.9,Downsloping,3,Fixed Defect,Never,Never,Moderate,3494,Yes,No,No,Yes,Medium,8.1,Good,0
887,38,Female,Typical Angina,113,113,83,204,96,57,215,153,7.0,37.7,123,88,180,No,ST-T Abnormality,2.0,Flat,0,Fixed Defect,Current,Frequent,Moderate,14056,Yes,No,No,Yes,Low,6.4,Average,0
888,30,Female,Non-anginal Pain,108,108,97,341,161,71,133,126,9.3,37.0,85,77,187,No,LVH,0.0,Downsloping,1,Reversible Defect,Never,Frequent,Low,4672,No,No,No,Yes,Medium,6.3,Poor,0
889,37,Female,Typical Angina,154,154,95,349,208,47,108,180,7.2,37.9,83,86,174,No,Normal,3.2,Flat,1,Normal,Never,Occasional,Moderate,14352,No,No,No,No,High,7.0,Good,0
890,53,Female,Asymptomatic,138,138,87,252,102,63,279,104,9.2,25.0,70,61,170,Yes,LVH,1.3,Downsloping,4,Fixed Defect,Current,Never,Low,13830,Yes,No,No,No,Low,7.0,Good,1
891,46,Female,Typical Angina,140,140,68,303,198,48,91,98,5.1,35.5,122,99,161,No,Normal,0.2,Downsloping,0,Fixed Defect,Current,Never,Low,5169,No,No,No,No,Medium,5.5,Good,1
892,31,Female,Typical Angina,154,154,67,291,94,78,166,126,8.1,34.3,97,98,181,No,ST-T Abnormality,1.2,Flat,3,Fixed Defect,Former,Occasional,High,8663,No,No,No,Yes,High,7.2,Good,0
893,73,Male,Atypical Angina,148,148,103,216,111,48,218,89,8.4,22.3,85,100,146,Yes,LVH,0.6,Downsloping,1,Normal,Former,Occasional,Moderate,2348,No,No,Yes,No,Medium,7.5,Average,0
894,31,Male,Asymptomatic,105,105,64,208,79,77,72,83,7.2,25.4,78,80,177,No,ST-T Abnormality,1.4,Flat,1,Reversible Defect,Never,Frequent,High,13759,Yes,No,No,No,Medium,8.6,Good,0
895,83,Male,Asymptomatic,113,113,78,223,92,68,232,129,8.8,22.9,113,91,135,No,Normal,1.8,Upsloping,1,Normal,Never,Never,Moderate,3501,No,Yes,No,Yes,High,6.3,Average,0
896,43,Male,Typical Angina,137,137,60,325,197,72,240,86,5.2,24.8,112,57,162,Yes,LVH,1.6,Flat,1,Normal,Current,Occasional,High,3409,Yes,No,No,No,Medium,5.4,Poor,1
897,88,Male,Typical Angina,153,153,101,245,120,45,84,87,8.2,26.8,107,68,130,No,Normal,1.4,Downsloping,0,Reversible Defect,Current,Frequent,Moderate,5846,Yes,No,No,No,High,5.0,Poor,0
898,64,Male,Atypical Angina,176,176,108,246,86,51,82,113,8.1,21.8,110,66,147,No,ST-T Abnormality,0.0,Flat,4,Fixed Defect,Never,Never,High,5972,No,No,No,No,Low,6.9,Good,0
899,28,Male,Typical Angina,132,132,109,363,216,49,159,167,7.4,21.1,83,84,200,No,LVH,1.8,Downsloping,0,Normal,Former,Never,Moderate,12041,No,No,No,No,Low,7.2,Good,0
900,89,Female,Asymptomatic,160,160,86,315,178,68,277,142,6.8,39.5,114,77,121,Yes,Normal,0.8,Downsloping,0,Fixed Defect,Never,Occasional,Moderate,8522,Yes,Yes,No,Yes,Medium,8.7,Average,1
901,70,Male,Atypical Angina,120,120,71,328,172,41,171,90,9.3,19.9,122,82,147,No,ST-T Abnormality,0.0,Upsloping,0,Normal,Current,Frequent,Low,12499,Yes,No,No,No,Medium,7.1,Poor,1
902,65,Male,Typical Angina,103,103,95,327,196,54,151,83,9.1,21.0,128,67,148,No,LVH,1.1,Flat,4,Normal,Former,Occasional,Moderate,3791,No,No,No,No,Medium,7.0,Poor,0
903,33,Male,Typical Angina,110,110,101,366,206,64,224,103,6.0,31.0,108,62,188,No,LVH,3.2,Downsloping,2,Normal,Never,Frequent,High,9327,No,No,No,No,High,6.6,Poor,1
904,54,Male,Asymptomatic,108,108,101,268,157,70,140,101,7.5,35.0,71,87,164,No,ST-T Abnormality,1.7,Downsloping,0,Reversible Defect,Never,Frequent,High,7646,Yes,No,Yes,Yes,Low,5.5,Poor,0
905,77,Male,Non-anginal Pain,102,102,68,332,197,70,249,153,6.9,36.1,85,71,128,Yes,ST-T Abnormality,0.0,Downsloping,1,Reversible Defect,Never,Occasional,Low,2407,No,No,Yes,No,High,4.9,Good,1
906,60,Female,Non-anginal Pain,148,148,94,288,196,46,165,108,6.0,26.6,116,86,145,Yes,Normal,2.2,Flat,2,Fixed Defect,Current,Frequent,Moderate,9030,No,No,No,No,High,5.4,Good,1
907,59,Male,Atypical Angina,120,120,86,387,210,57,109,83,8.8,35.3,121,86,165,No,ST-T Abnormality,0.5,Flat,2,Fixed Defect,Former,Frequent,High,9716,Yes,No,No,No,Low,5.2,Good,0
908,77,Male,Typical Angina,145,145,61,264,156,64,222,102,7.3,32.5,95,74,143,No,ST-T Abnormality,1.7,Upsloping,2,Reversible Defect,Current,Never,Moderate,2837,No,No,Yes,Yes,Medium,5.3,Good,1
909,50,Male,Non-anginal Pain,180,180,103,281,150,47,79,166,5.4,33.3,114,55,173,No,LVH,2.2,Upsloping,2,Fixed Defect,Former,Occasional,Low,2379,Yes,No,No,Yes,Medium,5.4,Poor,1
910,33,Male,Typical Angina,179,179,108,307,127,78,106,110,7.9,38.0,106,76,191,Yes,Normal,1.4,Flat,0,Normal,Former,Occasional,Moderate,7864,Yes,No,No,No,Medium,5.2,Average,0
911,73,Male,Typical Angina,144,144,82,357,205,42,219,109,6.3,35.7,75,73,147,No,ST-T Abnormality,1.1,Downsloping,0,Fixed Defect,Former,Occasional,Moderate,7856,No,No,No,Yes,High,6.5,Poor,0
912,78,Male,Asymptomatic,117,117,65,240,134,54,254,172,8.4,28.4,117,97,142,No,Normal,2.9,Flat,2,Fixed Defect,Former,Never,Low,4847,No,No,Yes,Yes,High,5.7,Poor,1
913,90,Female,Typical Angina,130,130,61,254,91,68,78,171,6.4,26.6,109,70,121,No,LVH,2.2,Downsloping,3,Normal,Never,Never,Moderate,13094,No,Yes,No,No,Low,7.5,Poor,1
914,47,Male,Atypical Angina,144,144,65,232,79,49,278,111,6.7,24.2,93,97,174,No,Normal,0.9,Downsloping,0,Normal,Current,Frequent,Moderate,4878,Yes,Yes,No,Yes,Low,5.6,Average,1
915,71,Female,Atypical Angina,136,136,100,254,144,67,181,158,6.6,27.7,128,71,153,No,Normal,0.0,Upsloping,2,Reversible Defect,Never,Frequent,Moderate,4568,No,No,No,No,Low,7.6,Poor,0
916,66,Male,Atypical Angina,108,108,88,239,102,54,91,175,5.1,27.0,102,68,159,No,ST-T Abnormality,1.0,Upsloping,3,Reversible Defect,Former,Never,Moderate,4567,Yes,No,Yes,Yes,Medium,7.1,Poor,0
917,66,Female,Typical Angina,157,157,91,276,105,66,165,105,5.1,22.8,87,55,150,No,ST-T Abnormality,0.4,Upsloping,4,Normal,Never,Never,Low,2096,Yes,No,No,No,High,8.1,Poor,0
918,88,Male,Non-anginal Pain,157,157,108,303,150,62,72,157,8.5,37.5,120,80,141,Yes,Normal,2.3,Flat,0,Fixed Defect,Never,Frequent,Low,13301,No,No,Yes,No,Medium,7.3,Good,1
919,43,Male,Asymptomatic,157,157,71,338,210,72,85,92,7.4,35.4,80,59,186,No,Normal,0.9,Upsloping,2,Normal,Never,Never,Low,10772,Yes,No,Yes,No,Low,5.3,Good,1
920,50,Male,Asymptomatic,130,130,94,223,126,56,132,174,6.6,37.4,70,91,159,No,ST-T Abnormality,1.9,Downsloping,0,Reversible Defect,Current,Frequent,Moderate,13574,No,No,No,No,Medium,6.7,Poor,0
921,30,Male,Non-anginal Pain,114,114,87,319,191,30,96,103,5.8,25.8,70,70,192,No,LVH,1.4,Flat,4,Normal,Never,Never,Low,14797,Yes,Yes,No,No,High,5.9,Average,1
922,71,Female,Asymptomatic,163,163,65,270,117,59,262,98,8.8,31.3,85,70,145,No,LVH,1.0,Flat,0,Fixed Defect,Never,Never,High,4203,No,Yes,Yes,No,Medium,6.9,Poor,1
923,72,Female,Typical Angina,117,117,73,236,143,32,147,118,8.5,28.9,126,98,138,No,ST-T Abnormality,1.3,Upsloping,3,Fixed Defect,Current,Occasional,Moderate,5355,Yes,No,Yes,Yes,Medium,8.8,Poor,1
924,34,Female,Atypical Angina,129,129,67,270,117,48,176,113,7.1,27.2,123,93,184,No,ST-T Abnormality,0.4,Flat,3,Fixed Defect,Former,Occasional,Low,10825,No,Yes,No,No,Low,5.5,Good,0
925,54,Male,Typical Angina,110,110,108,317,172,76,239,162,5.6,18.6,129,77,158,No,Normal,1.2,Flat,4,Fixed Defect,Former,Frequent,Moderate,5654,No,No,No,Yes,Low,8.6,Poor,0
926,73,Male,Asymptomatic,124,124,61,335,192,37,236,86,8.8,30.7,100,60,140,Yes,ST-T Abnormality,0.6,Downsloping,4,Fixed Defect,Never,Frequent,Low,12040,No,Yes,No,No,Medium,7.1,Average,1
927,32,Female,Asymptomatic,153,153,82,336,174,80,89,143,5.8,21.5,121,88,175,Yes,LVH,0.1,Downsloping,0,Fixed Defect,Never,Occasional,Low,5985,Yes,No,Yes,No,Low,8.2,Poor,1
928,84,Female,Typical Angina,177,177,86,324,177,68,92,153,8.7,36.3,83,68,131,No,LVH,0.2,Downsloping,4,Reversible Defect,Current,Frequent,Moderate,12621,Yes,No,Yes,No,High,8.9,Poor,1
929,31,Male,Typical Angina,114,114,84,262,159,42,190,158,8.8,34.8,91,69,174,No,ST-T Abnormality,2.0,Downsloping,1,Normal,Never,Never,High,7086,Yes,No,Yes,Yes,Medium,7.5,Good,0
930,70,Female,Atypical Angina,175,175,95,319,130,73,224,160,5.5,26.2,128,62,156,No,ST-T Abnormality,3.3,Flat,2,Normal,Never,Occasional,Moderate,6461,Yes,No,No,Yes,Medium,7.0,Poor,0
931,57,Female,Non-anginal Pain,151,151,62,255,116,75,95,106,8.2,37.1,105,62,151,No,ST-T Abnormality,1.3,Flat,2,Normal,Never,Never,Moderate,7143,No,No,No,Yes,Low,7.2,Poor,0
932,85,Female,Typical Angina,146,146,110,332,179,74,261,158,7.6,29.5,81,92,128,No,LVH,2.5,Upsloping,2,Fixed Defect,Former,Occasional,Moderate,12421,Yes,No,No,No,High,8.8,Poor,1
933,78,Female,Atypical Angina,161,161,104,280,179,58,148,96,7.9,29.2,111,63,149,No,Normal,1.3,Downsloping,0,Fixed Defect,Current,Never,Moderate,13277,Yes,Yes,Yes,Yes,Medium,7.5,Poor,1
934,48,Male,Atypical Angina,121,121,78,271,149,48,247,115,5.9,27.5,123,90,174,Yes,ST-T Abnormality,2.0,Upsloping,0,Reversible Defect,Current,Frequent,Low,7040,No,No,Yes,No,Medium,7.7,Poor,1
935,40,Female,Asymptomatic,139,139,91,318,217,48,79,120,6.3,32.5,110,77,184,No,Normal,0.9,Flat,1,Fixed Defect,Never,Never,Moderate,13212,Yes,No,No,Yes,Medium,8.4,Good,0
936,34,Male,Asymptomatic,130,130,90,208,114,32,223,102,8.4,32.1,106,79,174,No,ST-T Abnormality,0.9,Upsloping,4,Normal,Never,Frequent,Moderate,8286,Yes,No,No,No,Low,8.3,Good,0
937,49,Male,Non-anginal Pain,148,148,87,196,108,48,242,146,7.3,36.4,84,98,176,No,Normal,1.6,Flat,1,Normal,Never,Occasional,Low,8077,Yes,No,No,No,Medium,8.6,Average,0
938,29,Female,Atypical Angina,117,117,95,288,115,54,283,82,7.5,35.1,92,76,191,Yes,Normal,2.2,Downsloping,2,Reversible Defect,Never,Frequent,Moderate,12182,No,No,No,No,Medium,8.3,Poor,1
939,56,Female,Non-anginal Pain,142,142,62,245,94,60,210,145,9.3,35.7,83,71,160,Yes,ST-T Abnormality,0.6,Flat,0,Reversible Defect,Never,Frequent,Low,12002,No,No,No,No,High,8.8,Average,1
940,82,Female,Typical Angina,106,106,65,246,75,57,264,107,8.6,28.1,86,71,129,No,LVH,1.0,Flat,0,Normal,Current,Occasional,High,8425,No,No,Yes,No,Medium,6.4,Average,1
941,25,Female,Asymptomatic,133,133,96,344,195,72,153,82,8.9,19.7,129,98,200,Yes,ST-T Abnormality,0.3,Flat,2,Normal,Never,Frequent,Low,7490,No,No,No,No,High,7.1,Poor,1
942,87,Female,Asymptomatic,160,160,104,319,213,57,101,118,9.3,24.8,124,89,125,Yes,Normal,0.0,Flat,2,Normal,Current,Frequent,High,5943,No,Yes,No,No,Medium,7.9,Average,1
943,63,Male,Typical Angina,149,149,72,285,174,65,287,177,5.5,31.8,105,75,151,No,LVH,3.1,Flat,0,Reversible Defect,Former,Occasional,Moderate,3377,Yes,No,Yes,Yes,Medium,7.4,Good,1
944,72,Male,Asymptomatic,149,149,80,291,191,33,125,112,6.2,37.9,88,81,154,Yes,Normal,1.4,Downsloping,1,Reversible Defect,Never,Occasional,Moderate,8602,No,No,No,Yes,Low,5.0,Poor,1
945,44,Male,Asymptomatic,115,115,88,208,82,58,297,97,6.6,22.9,130,74,178,No,ST-T Abnormality,0.0,Flat,1,Reversible Defect,Former,Occasional,High,13413,Yes,No,No,No,Medium,5.7,Average,0
946,72,Female,Atypical Angina,124,124,88,257,105,67,189,133,7.4,33.1,88,84,133,No,Normal,1.7,Flat,0,Normal,Current,Never,Moderate,9864,No,No,No,No,Medium,4.9,Good,1
947,81,Female,Asymptomatic,175,175,63,275,123,33,165,130,6.5,22.4,102,57,129,No,Normal,0.5,Upsloping,0,Reversible Defect,Former,Occasional,Low,13835,No,Yes,Yes,No,Low,6.9,Average,1
948,79,Female,Non-anginal Pain,180,180,103,276,175,57,189,83,8.8,23.4,106,97,127,Yes,LVH,0.9,Upsloping,0,Normal,Current,Never,Low,14052,Yes,No,No,No,High,9.0,Good,1
949,71,Female,Non-anginal Pain,111,111,95,272,172,50,172,134,5.2,19.7,116,61,138,No,ST-T Abnormality,0.0,Flat,3,Fixed Defect,Former,Occasional,Moderate,3523,No,No,No,No,High,4.5,Good,0
950,84,Female,Non-anginal Pain,117,117,83,238,74,77,74,147,7.8,26.8,74,80,136,No,ST-T Abnormality,1.2,Downsloping,4,Normal,Never,Frequent,High,5812,Yes,No,No,Yes,High,5.3,Good,0
951,48,Female,Asymptomatic,154,154,71,308,131,69,148,142,6.2,27.3,125,64,180,No,Normal,0.8,Upsloping,0,Reversible Defect,Never,Frequent,Moderate,3479,No,Yes,Yes,No,High,7.8,Average,1
952,46,Female,Asymptomatic,102,102,107,238,137,48,235,108,8.7,28.0,75,98,179,No,LVH,1.8,Downsloping,1,Reversible Defect,Never,Frequent,Moderate,14366,No,No,No,No,Medium,8.7,Average,0
953,86,Female,Typical Angina,145,145,92,206,118,30,159,106,9.3,20.1,129,78,138,No,LVH,2.2,Downsloping,2,Fixed Defect,Never,Frequent,Moderate,4749,Yes,Yes,Yes,No,High,7.2,Average,1
954,32,Female,Atypical Angina,146,146,93,347,211,54,122,92,7.6,33.5,89,62,186,No,LVH,0.8,Downsloping,4,Normal,Current,Frequent,High,13738,Yes,No,No,Yes,Low,8.8,Poor,1
955,58,Female,Typical Angina,147,147,96,263,110,36,114,88,7.2,22.2,79,84,149,No,ST-T Abnormality,3.1,Upsloping,4,Fixed Defect,Current,Never,Moderate,3427,No,Yes,No,No,Low,5.4,Poor,1
956,67,Female,Typical Angina,101,101,88,211,85,49,297,174,6.7,26.0,109,83,146,Yes,LVH,0.9,Flat,0,Reversible Defect,Never,Occasional,Low,7239,No,No,No,No,High,8.3,Average,0
957,55,Female,Typical Angina,178,178,98,226,95,39,75,133,9.4,25.2,128,72,165,Yes,LVH,0.0,Downsloping,4,Fixed Defect,Former,Frequent,High,8234,Yes,No,Yes,Yes,Low,8.5,Good,1
958,41,Male,Atypical Angina,110,110,100,295,198,38,167,159,7.5,32.6,94,86,178,No,Normal,2.0,Upsloping,3,Reversible Defect,Never,Never,Low,12345,No,No,No,No,High,8.1,Good,0
959,36,Male,Asymptomatic,116,116,95,277,160,61,286,114,7.4,18.2,109,95,180,Yes,ST-T Abnormality,1.4,Downsloping,0,Normal,Current,Occasional,Moderate,5135,No,No,Yes,Yes,Low,7.2,Poor,1
960,62,Female,Non-anginal Pain,180,180,93,208,75,75,211,83,5.6,22.1,129,80,168,No,Normal,1.7,Flat,0,Normal,Former,Occasional,Moderate,14831,No,No,Yes,No,Medium,5.7,Average,0
961,68,Male,Asymptomatic,155,155,85,363,219,62,276,97,5.8,33.8,105,99,154,Yes,ST-T Abnormality,2.0,Downsloping,2,Reversible Defect,Former,Frequent,High,9254,No,Yes,No,No,Medium,7.6,Good,1
962,55,Male,Asymptomatic,111,111,66,214,105,67,282,155,6.1,22.5,118,67,158,No,ST-T Abnormality,1.8,Upsloping,2,Reversible Defect,Former,Frequent,High,2252,Yes,No,Yes,Yes,Low,6.0,Good,0
963,57,Female,Atypical Angina,133,133,89,350,220,75,295,91,9.3,34.1,96,91,150,Yes,ST-T Abnormality,0.6,Upsloping,1,Reversible Defect,Former,Never,Moderate,11247,No,No,No,Yes,Low,7.5,Average,1
964,88,Male,Non-anginal Pain,142,142,84,374,205,77,268,164,9.2,35.8,104,99,121,Yes,LVH,1.9,Upsloping,1,Normal,Former,Frequent,High,4699,Yes,Yes,No,Yes,High,5.5,Poor,1
965,72,Male,Asymptomatic,163,163,92,331,178,61,138,173,6.1,18.9,90,56,139,No,LVH,0.9,Flat,1,Fixed Defect,Never,Never,Moderate,3300,Yes,No,No,No,High,5.4,Average,0
966,66,Female,Asymptomatic,158,158,77,350,195,47,245,100,6.8,33.0,90,60,143,Yes,Normal,3.0,Downsloping,2,Reversible Defect,Never,Never,Moderate,14941,No,No,No,No,Medium,6.0,Average,1
967,77,Female,Atypical Angina,156,156,93,258,98,69,159,174,7.2,35.3,81,93,140,Yes,Normal,0.8,Upsloping,0,Fixed Defect,Former,Never,Moderate,2616,Yes,Yes,Yes,No,High,6.6,Good,1
968,44,Male,Non-anginal Pain,121,121,90,290,125,49,247,86,9.3,38.3,121,79,173,No,LVH,0.0,Downsloping,4,Normal,Current,Occasional,High,2132,Yes,No,No,Yes,Medium,7.0,Poor,1
969,67,Male,Typical Angina,141,141,76,314,194,36,227,135,7.1,27.6,87,72,150,No,LVH,0.5,Flat,3,Reversible Defect,Former,Frequent,Moderate,4257,No,Yes,No,Yes,Low,7.3,Good,1
970,51,Female,Non-anginal Pain,144,144,86,291,109,75,113,90,8.9,38.4,130,83,156,No,ST-T Abnormality,2.3,Flat,1,Reversible Defect,Former,Frequent,Low,12753,Yes,No,Yes,Yes,Low,7.5,Average,0
971,68,Female,Asymptomatic,165,165,77,320,164,55,282,123,5.2,30.1,120,73,139,No,LVH,0.0,Downsloping,0,Reversible Defect,Never,Never,Low,11947,Yes,Yes,Yes,No,Medium,6.2,Poor,1
972,44,Female,Non-anginal Pain,179,179,94,227,95,57,239,153,7.0,24.6,98,66,170,No,ST-T Abnormality,1.7,Flat,1,Fixed Defect,Never,Occasional,Low,14781,No,No,No,Yes,Medium,4.6,Average,0
973,63,Female,Non-anginal Pain,163,163,66,344,180,64,266,158,8.8,32.3,73,76,154,No,ST-T Abnormality,1.5,Flat,0,Reversible Defect,Never,Never,High,6889,Yes,No,No,No,Low,6.1,Average,0
974,84,Male,Asymptomatic,136,136,99,316,188,59,104,102,6.5,39.9,93,71,139,No,ST-T Abnormality,1.7,Downsloping,2,Fixed Defect,Current,Occasional,Moderate,6170,Yes,No,Yes,Yes,Medium,5.7,Good,1
975,87,Female,Non-anginal Pain,118,118,94,259,150,39,223,118,8.7,20.1,93,78,132,No,LVH,2.9,Upsloping,4,Reversible Defect,Never,Occasional,Low,8593,Yes,No,No,Yes,High,8.0,Average,1
976,40,Male,Asymptomatic,138,138,61,245,147,58,232,171,5.3,27.0,116,84,187,No,ST-T Abnormality,1.4,Downsloping,4,Reversible Defect,Former,Occasional,High,13802,Yes,No,No,No,Low,7.0,Good,0
977,65,Female,Typical Angina,159,159,61,260,173,32,238,85,8.4,39.9,98,67,146,No,LVH,1.5,Upsloping,2,Fixed Defect,Current,Occasional,Moderate,11384,No,No,Yes,Yes,Medium,6.9,Good,1
978,47,Female,Non-anginal Pain,170,170,109,300,163,67,120,134,7.1,24.9,85,92,170,No,ST-T Abnormality,1.4,Downsloping,1,Fixed Defect,Never,Frequent,Moderate,10637,No,Yes,No,Yes,Medium,4.8,Poor,0
979,42,Male,Non-anginal Pain,109,109,77,228,119,69,128,135,6.7,23.9,113,67,187,No,Normal,1.9,Flat,3,Fixed Defect,Current,Frequent,High,14646,No,Yes,No,No,Low,8.8,Average,0
980,27,Male,Atypical Angina,146,146,109,328,186,73,76,145,5.6,33.5,124,95,190,No,ST-T Abnormality,0.7,Upsloping,4,Reversible Defect,Never,Occasional,Low,5887,No,No,No,No,High,8.0,Poor,1
981,43,Female,Typical Angina,109,109,76,261,120,80,219,142,8.5,27.4,104,95,166,Yes,LVH,2.4,Upsloping,0,Fixed Defect,Never,Frequent,Low,7015,No,No,Yes,No,Medium,8.8,Good,1
982,59,Female,Typical Angina,166,166,66,231,143,34,185,104,7.2,38.1,71,99,154,No,LVH,0.0,Flat,2,Normal,Former,Never,Moderate,5376,Yes,No,Yes,Yes,Medium,8.3,Good,1
983,79,Female,Typical Angina,121,121,61,247,136,54,98,103,6.9,35.2,104,59,143,No,Normal,1.2,Flat,2,Normal,Current,Never,High,2026,No,No,No,No,Medium,6.6,Average,0
984,30,Male,Typical Angina,177,177,83,301,189,54,232,133,5.7,39.8,76,55,185,No,ST-T Abnormality,1.9,Upsloping,3,Normal,Never,Occasional,Moderate,10939,No,No,No,Yes,High,5.8,Good,0
985,74,Male,Non-anginal Pain,132,132,99,325,154,80,253,167,8.3,19.0,108,82,142,No,LVH,0.8,Upsloping,0,Fixed Defect,Never,Occasional,Low,11324,Yes,No,No,No,High,4.6,Average,0
986,41,Female,Atypical Angina,147,147,95,214,101,65,188,81,7.0,35.9,81,91,186,Yes,Normal,1.0,Flat,4,Normal,Former,Never,Moderate,11803,Yes,No,No,No,High,5.1,Average,1
987,46,Female,Atypical Angina,158,158,83,246,76,65,267,127,7.4,35.5,118,72,168,Yes,LVH,2.7,Flat,1,Normal,Former,Frequent,High,12183,Yes,Yes,Yes,Yes,Medium,6.1,Poor,1
988,66,Male,Atypical Angina,120,120,107,238,158,37,209,111,5.7,28.6,106,60,155,Yes,ST-T Abnormality,0.0,Flat,0,Reversible Defect,Former,Frequent,High,11550,No,No,Yes,Yes,Low,6.0,Good,1
989,83,Male,Typical Angina,157,157,63,318,158,56,170,112,7.3,28.8,84,91,138,Yes,LVH,1.1,Downsloping,3,Reversible Defect,Former,Frequent,Low,7255,Yes,No,No,Yes,Medium,6.2,Average,1
990,39,Female,Asymptomatic,128,128,79,201,72,54,243,161,7.9,34.8,84,75,171,No,Normal,3.5,Downsloping,4,Fixed Defect,Former,Never,High,2730,Yes,No,No,Yes,Low,5.7,Average,0
991,82,Female,Atypical Angina,138,138,94,218,99,79,285,94,7.3,38.1,92,72,131,No,ST-T Abnormality,0.0,Upsloping,3,Fixed Defect,Never,Occasional,High,4657,No,No,No,Yes,Medium,7.2,Good,0
992,71,Female,Asymptomatic,139,139,88,367,217,60,157,139,5.5,35.7,106,78,150,No,ST-T Abnormality,0.4,Upsloping,2,Normal,Never,Occasional,Moderate,13192,Yes,No,Yes,No,High,6.0,Good,1
993,28,Male,Typical Angina,101,101,87,329,159,77,125,146,5.4,30.8,96,79,179,No,LVH,0.0,Flat,3,Normal,Former,Frequent,Moderate,14575,No,No,No,No,Medium,6.5,Average,0
994,84,Male,Typical Angina,175,175,71,287,127,61,182,177,5.9,34.7,92,83,144,No,Normal,0.0,Upsloping,0,Reversible Defect,Current,Frequent,Low,8872,Yes,Yes,No,Yes,High,8.1,Average,1
995,46,Female,Asymptomatic,175,175,74,267,106,43,136,170,5.9,22.4,128,71,176,No,Normal,1.6,Flat,0,Reversible Defect,Current,Occasional,Low,12721,Yes,Yes,No,Yes,Medium,6.5,Average,1
996,66,Male,Asymptomatic,133,133,76,202,82,32,269,123,6.0,31.2,77,88,147,No,LVH,0.0,Downsloping,4,Reversible Defect,Never,Never,Moderate,6193,Yes,Yes,No,No,Medium,8.8,Poor,1
997,25,Female,Typical Angina,171,171,87,287,155,31,128,172,7.6,23.4,78,90,189,No,Normal,0.3,Upsloping,1,Normal,Never,Never,Low,9873,Yes,No,No,Yes,High,8.9,Average,0
998,76,Female,Non-anginal Pain,161,161,70,363,190,66,276,119,7.5,38.3,121,88,139,Yes,ST-T Abnormality,1.5,Upsloping,0,Reversible Defect,Former,Never,Moderate,9764,No,No,No,No,Medium,5.0,Poor,0
999,55,Male,Atypical Angina,122,122,93,209,90,74,257,170,7.9,34.7,70,86,166,No,Normal,3.3,Downsloping,1,Fixed Defect,Former,Occasional,Low,6875,No,No,No,No,Low,6.3,Good,0
1000,88,Male,Asymptomatic,102,102,109,242,103,59,134,115,5.6,32.5,73,61,131,Yes,Normal,2.3,Downsloping,4,Fixed Defect,Current,Never,Moderate,9885,No,No,Yes,No,High,6.9,Poor,1
1001,50,Male,Asymptomatic,168,168,105,345,212,43,109,109,5.4,30.6,101,96,180,No,Normal,1.8,Flat,2,Reversible Defect,Never,Frequent,Low,10708,No,No,No,Yes,High,7.4,Poor,0
1002,37,Female,Typical Angina,103,103,99,321,193,72,213,99,7.4,19.0,116,63,182,Yes,ST-T Abnormality,0.0,Upsloping,1,Normal,Former,Never,High,13551,Yes,Yes,No,No,Low,8.2,Good,1
1003,50,Female,Typical Angina,109,109,87,270,165,50,271,139,6.4,30.9,129,68,155,No,ST-T Abnormality,0.4,Flat,1,Reversible Defect,Never,Never,Moderate,14971,No,No,No,Yes,Medium,7.0,Average,0
1004,55,Female,Asymptomatic,173,173,110,206,87,41,192,101,8.9,21.5,86,85,152,No,ST-T Abnormality,1.5,Upsloping,3,Reversible Defect,Former,Occasional,Moderate,5236,No,Yes,No,No,High,8.5,Good,0
1005,88,Male,Typical Angina,105,105,70,298,148,44,234,117,5.4,31.3,100,94,124,Yes,LVH,1.5,Flat,4,Normal,Never,Frequent,High,2500,Yes,No,Yes,No,Low,7.2,Average,1
1006,70,Female,Atypical Angina,133,133,98,229,105,38,83,156,8.4,23.0,115,64,159,Yes,ST-T Abnormality,0.5,Downsloping,4,Normal,Never,Never,Moderate,13120,No,No,Yes,Yes,Medium,5.6,Good,1
1007,39,Female,Atypical Angina,101,101,60,323,154,56,154,158,7.3,22.1,117,95,189,No,ST-T Abnormality,2.2,Flat,1,Fixed Defect,Never,Never,Moderate,4587,Yes,No,No,No,High,6.4,Average,0
1008,86,Female,Asymptomatic,120,120,107,248,113,40,153,81,5.0,35.5,82,74,130,No,Normal,2.2,Downsloping,1,Reversible Defect,Current,Never,Low,11415,Yes,Yes,Yes,Yes,Medium,5.9,Average,1
1009,77,Male,Atypical Angina,106,106,105,276,153,50,255,170,8.3,37.0,117,73,148,No,ST-T Abnormality,2.2,Flat,4,Fixed Defect,Former,Occasional,Moderate,11353,Yes,No,Yes,Yes,Medium,8.8,Good,1
1010,76,Male,Atypical Angina,160,160,95,304,158,41,281,145,5.3,24.1,84,99,147,No,Normal,2.2,Upsloping,1,Fixed Defect,Former,Never,High,6542,No,No,No,Yes,High,8.5,Good,0
1011,51,Male,Non-anginal Pain,172,172,94,279,191,46,81,121,9.1,22.0,95,78,173,No,Normal,0.9,Upsloping,1,Normal,Current,Never,Low,7351,Yes,Yes,Yes,Yes,Medium,7.7,Average,1
1012,70,Female,Asymptomatic,119,119,101,189,83,47,90,155,7.7,29.8,93,98,139,No,ST-T Abnormality,1.3,Upsloping,2,Normal,Current,Occasional,Low,5810,Yes,No,No,No,High,4.8,Poor,1
1013,56,Female,Asymptomatic,178,178,105,261,135,78,298,130,6.8,37.9,84,85,171,No,Normal,0.0,Downsloping,2,Reversible Defect,Current,Frequent,Moderate,4153,No,No,No,No,Low,4.6,Average,0
1014,40,Female,Non-anginal Pain,116,116,60,305,180,45,80,117,5.5,21.0,90,55,176,No,LVH,1.2,Downsloping,0,Reversible Defect,Current,Occasional,Moderate,10207,No,No,No,No,High,6.5,Poor,0
1015,64,Male,Asymptomatic,110,110,78,160,79,36,282,145,7.3,33.1,105,81,143,Yes,Normal,1.9,Downsloping,1,Reversible Defect,Current,Never,Moderate,2626,No,No,Yes,No,High,5.0,Poor,1
1016,39,Female,Non-anginal Pain,105,105,82,332,160,56,172,177,7.4,39.3,118,95,190,No,Normal,1.4,Flat,3,Fixed Defect,Never,Never,Moderate,10585,Yes,No,No,Yes,Medium,8.8,Good,0
1017,87,Male,Typical Angina,180,180,72,261,144,58,206,108,5.0,36.1,95,84,137,No,LVH,1.0,Flat,1,Reversible Defect,Never,Frequent,Moderate,11568,No,No,No,Yes,High,5.6,Average,0
1018,51,Female,Non-anginal Pain,165,165,106,342,181,54,265,142,9.0,28.2,75,81,165,No,ST-T Abnormality,2.3,Flat,4,Fixed Defect,Never,Occasional,Low,2744,No,Yes,Yes,No,Medium,5.4,Average,1
1019,56,Male,Asymptomatic,117,117,82,194,74,76,193,110,4.9,29.1,82,88,163,No,Normal,1.2,Flat,3,Fixed Defect,Never,Frequent,High,11129,No,No,No,Yes,High,8.0,Average,0
1020,38,Female,Non-anginal Pain,137,137,81,209,84,38,78,144,9.5,24.2,116,75,192,No,Normal,0.5,Downsloping,2,Reversible Defect,Current,Frequent,Low,11020,Yes,No,No,No,Medium,7.3,Poor,1
1021,90,Female,Atypical Angina,128,128,109,294,142,45,227,119,7.7,21.0,84,97,139,Yes,Normal,0.5,Flat,2,Reversible Defect,Never,Frequent,High,6554,Yes,No,Yes,No,High,7.0,Good,1
1022,77,Female,Asymptomatic,166,166,98,223,119,52,269,121,7.8,39.8,73,79,148,Yes,Normal,0.8,Upsloping,1,Normal,Former,Never,Moderate,2612,Yes,No,Yes,Yes,Medium,4.7,Average,1
1023,84,Female,Non-anginal Pain,133,133,66,313,202,66,87,132,6.7,36.8,72,88,126,Yes,LVH,2.5,Downsloping,0,Normal,Never,Never,Moderate,5563,Yes,No,Yes,No,High,7.0,Average,1
1024,87,Male,Atypical Angina,170,170,78,320,170,69,274,113,8.1,30.8,79,74,134,Yes,ST-T Abnormality,0.0,Downsloping,1,Reversible Defect,Never,Occasional,Low,5135,Yes,No,Yes,Yes,Medium,5.6,Poor,1
1025,63,Female,Atypical Angina,148,148,103,211,78,74,241,153,6.7,18.9,94,79,147,No,Normal,1.8,Upsloping,0,Fixed Defect,Current,Occasional,High,14820,Yes,No,No,Yes,Low,8.2,Good,0
1026,41,Female,Atypical Angina,170,170,102,361,194,56,141,91,5.7,36.6,74,68,180,Yes,LVH,1.7,Upsloping,0,Normal,Former,Frequent,High,12379,Yes,No,No,No,Low,8.8,Average,1
1027,35,Male,Asymptomatic,164,164,83,251,149,58,95,117,7.9,21.4,102,81,195,No,ST-T Abnormality,1.2,Downsloping,3,Normal,Former,Never,Low,2356,Yes,No,No,Yes,Medium,8.1,Average,0
1028,74,Female,Non-anginal Pain,106,106,89,332,190,68,136,159,7.7,24.9,109,72,156,Yes,LVH,1.5,Flat,3,Normal,Former,Frequent,Moderate,5762,Yes,Yes,No,Yes,High,5.5,Good,1
1029,61,Male,Non-anginal Pain,154,154,108,179,74,44,171,110,5.2,22.1,123,83,158,Yes,Normal,2.5,Upsloping,0,Normal,Never,Frequent,High,11872,No,No,No,No,Medium,6.3,Poor,1
1030,46,Female,Non-anginal Pain,159,159,98,298,144,63,202,88,7.0,23.0,127,74,167,No,LVH,1.8,Upsloping,4,Fixed Defect,Never,Never,Low,2415,Yes,Yes,No,No,Medium,4.5,Poor,1
1031,81,Female,Asymptomatic,125,125,62,282,149,68,283,86,9.5,38.9,87,83,133,Yes,LVH,1.6,Upsloping,0,Normal,Former,Never,Moderate,6391,No,No,Yes,No,Low,8.8,Average,1
1032,67,Female,Asymptomatic,143,143,83,382,214,76,268,167,4.9,27.9,83,65,156,No,LVH,1.0,Upsloping,0,Fixed Defect,Former,Never,Moderate,2020,Yes,Yes,Yes,No,High,7.6,Good,1
1033,48,Female,Non-anginal Pain,130,130,66,361,192,71,199,143,8.2,31.8,79,84,176,No,Normal,2.4,Downsloping,1,Reversible Defect,Never,Occasional,Low,10618,No,No,Yes,No,High,5.6,Good,1
1034,44,Female,Asymptomatic,125,125,110,291,131,47,182,84,6.8,32.5,93,62,162,No,ST-T Abnormality,0.0,Downsloping,4,Reversible Defect,Never,Never,Moderate,9826,Yes,No,No,No,Medium,7.2,Poor,0
1035,40,Female,Typical Angina,150,150,79,315,164,78,145,164,9.4,21.0,111,80,184,No,ST-T Abnormality,0.0,Flat,0,Fixed Defect,Former,Never,Moderate,5781,Yes,Yes,No,No,High,5.1,Good,0
1036,37,Female,Typical Angina,179,179,71,178,84,51,240,178,8.3,26.7,75,79,192,Yes,ST-T Abnormality,0.9,Flat,0,Normal,Never,Occasional,Low,3153,No,No,No,Yes,High,5.7,Average,0
1037,90,Male,Asymptomatic,167,167,79,303,201,38,192,96,5.7,21.1,129,97,128,No,Normal,0.0,Upsloping,4,Normal,Never,Occasional,Moderate,12900,No,Yes,Yes,Yes,Medium,7.5,Average,1
1038,56,Female,Typical Angina,167,167,95,192,105,38,204,173,9.4,36.8,122,63,170,Yes,ST-T Abnormality,0.0,Upsloping,1,Fixed Defect,Current,Occasional,Low,3034,Yes,No,No,Yes,Low,5.4,Average,1
1039,39,Female,Atypical Angina,155,155,77,241,86,56,238,102,9.4,31.4,78,55,184,Yes,LVH,1.5,Upsloping,4,Reversible Defect,Current,Occasional,Moderate,9441,Yes,No,No,Yes,Medium,8.5,Poor,1
1040,84,Female,Non-anginal Pain,153,153,108,309,150,41,264,111,8.6,31.3,117,71,138,No,LVH,0.0,Flat,4,Reversible Defect,Current,Frequent,High,10882,No,No,Yes,Yes,Low,4.8,Poor,1
1041,53,Male,Atypical Angina,140,140,104,309,192,35,205,141,9.2,27.4,73,77,158,No,Normal,1.3,Flat,3,Reversible Defect,Never,Never,Moderate,13273,Yes,Yes,No,Yes,High,7.8,Average,0
1042,55,Female,Atypical Angina,124,124,80,176,75,43,158,164,7.7,21.7,106,87,166,Yes,ST-T Abnormality,0.9,Flat,0,Normal,Current,Frequent,Moderate,9460,Yes,No,No,No,Medium,8.3,Average,0
1043,69,Male,Asymptomatic,161,161,103,173,91,34,107,125,6.6,30.4,111,68,149,No,ST-T Abnormality,0.5,Flat,4,Normal,Current,Never,Low,4626,No,No,Yes,No,High,8.3,Poor,1
1044,51,Male,Atypical Angina,173,173,70,332,200,74,200,139,5.8,35.5,128,95,171,No,Normal,1.4,Upsloping,4,Normal,Current,Occasional,Low,13189,Yes,No,Yes,Yes,Low,7.4,Poor,1
1045,79,Female,Asymptomatic,157,157,61,223,71,34,244,171,5.6,34.8,109,90,142,Yes,LVH,0.0,Flat,0,Normal,Never,Frequent,Moderate,8480,No,Yes,Yes,Yes,Low,7.3,Good,1
1046,66,Female,Atypical Angina,179,179,79,194,78,62,114,106,8.0,25.3,70,99,147,No,Normal,1.6,Flat,1,Normal,Current,Occasional,High,4205,Yes,No,Yes,Yes,Medium,4.7,Good,1
1047,54,Male,Typical Angina,142,142,73,280,140,42,291,157,5.3,33.5,96,91,173,No,LVH,1.3,Flat,4,Normal,Never,Never,High,8914,No,Yes,Yes,No,High,6.6,Good,1
1048,64,Male,Non-anginal Pain,155,155,85,180,74,54,258,122,7.4,23.5,76,71,148,No,ST-T Abnormality,0.7,Downsloping,0,Reversible Defect,Never,Never,Low,10024,No,No,Yes,No,Low,7.1,Average,1
1049,46,Male,Atypical Angina,153,153,66,356,174,69,248,100,5.4,30.9,120,67,181,No,LVH,1.7,Upsloping,1,Fixed Defect,Never,Frequent,High,10982,Yes,Yes,Yes,No,High,6.5,Average,1
1050,55,Female,Typical Angina,125,125,98,297,173,41,268,100,8.6,38.3,90,78,174,No,LVH,2.0,Downsloping,0,Fixed Defect,Current,Never,Moderate,9585,No,No,No,Yes,Medium,4.7,Poor,0
1051,81,Female,Atypical Angina,175,175,90,308,206,62,115,157,9.5,29.7,84,62,132,No,ST-T Abnormality,1.8,Downsloping,2,Fixed Defect,Never,Frequent,High,14585,No,Yes,Yes,No,High,8.5,Poor,1
1052,66,Female,Non-anginal Pain,157,157,97,192,92,36,189,132,9.4,30.4,98,90,157,Yes,ST-T Abnormality,0.0,Flat,2,Reversible Defect,Former,Never,High,3437,No,No,Yes,Yes,High,7.1,Average,1
1053,84,Male,Atypical Angina,125,125,84,244,99,79,139,138,6.8,35.6,117,100,130,No,Normal,1.1,Upsloping,4,Reversible Defect,Current,Frequent,Low,12413,Yes,Yes,Yes,Yes,High,8.9,Average,1
1054,60,Female,Asymptomatic,116,116,89,374,192,66,270,108,5.8,37.9,113,61,150,No,ST-T Abnormality,1.3,Downsloping,2,Reversible Defect,Current,Frequent,Moderate,13085,No,No,No,Yes,High,6.1,Good,0
1055,90,Female,Non-anginal Pain,131,131,63,366,217,59,227,154,9.4,29.3,124,100,122,Yes,LVH,1.9,Downsloping,4,Fixed Defect,Never,Occasional,Low,7122,No,Yes,No,No,Medium,5.7,Poor,1
1056,82,Female,Asymptomatic,138,138,109,274,157,48,77,173,6.0,30.8,91,83,137,No,LVH,1.2,Downsloping,0,Reversible Defect,Never,Never,Moderate,12014,No,No,No,Yes,Medium,8.2,Good,0
1057,79,Female,Asymptomatic,109,109,84,320,154,56,285,168,5.8,29.1,98,85,135,No,LVH,2.6,Downsloping,0,Normal,Never,Frequent,Moderate,9634,No,No,No,No,Low,8.5,Good,0
1058,49,Female,Typical Angina,124,124,72,318,219,40,130,104,6.7,32.5,107,100,159,No,LVH,0.0,Flat,2,Normal,Former,Frequent,Low,7456,Yes,No,Yes,Yes,Low,4.9,Poor,1
1059,75,Female,Non-anginal Pain,157,157,69,267,100,48,89,117,6.8,22.3,109,71,136,No,ST-T Abnormality,2.2,Upsloping,1,Reversible Defect,Former,Never,Moderate,13638,No,No,Yes,No,Medium,6.1,Average,1
1060,30,Male,Typical Angina,172,172,77,281,149,46,211,152,6.0,18.8,112,85,175,No,LVH,3.6,Upsloping,1,Reversible Defect,Never,Never,Moderate,9825,Yes,No,No,No,Medium,4.6,Good,0
1061,76,Male,Non-anginal Pain,137,137,78,218,76,53,164,121,8.6,37.9,91,81,137,No,LVH,1.2,Flat,2,Normal,Current,Never,Moderate,8682,Yes,Yes,Yes,No,Medium,4.5,Average,1
1062,87,Female,Atypical Angina,107,107,76,301,119,66,247,174,8.7,38.3,95,98,130,Yes,LVH,1.3,Flat,4,Reversible Defect,Former,Frequent,High,4328,No,Yes,No,Yes,Low,8.8,Poor,1
1063,44,Male,Atypical Angina,103,103,106,235,79,57,134,119,7.7,30.4,99,59,176,No,ST-T Abnormality,1.4,Downsloping,4,Fixed Defect,Never,Never,Low,3876,No,No,No,Yes,High,4.8,Good,0
1064,49,Male,Typical Angina,178,178,69,264,110,66,192,90,5.6,34.6,128,62,181,No,ST-T Abnormality,1.5,Upsloping,1,Normal,Former,Frequent,High,4063,Yes,No,No,Yes,High,6.6,Good,0
1065,60,Male,Typical Angina,121,121,95,368,208,64,90,101,6.8,28.0,106,64,169,No,LVH,2.1,Upsloping,4,Fixed Defect,Former,Occasional,Moderate,8815,No,Yes,Yes,No,High,7.1,Poor,1
1066,59,Female,Atypical Angina,119,119,104,321,179,46,162,139,5.8,27.0,105,95,163,No,ST-T Abnormality,2.4,Downsloping,2,Fixed Defect,Former,Occasional,Low,10107,No,No,Yes,Yes,Medium,4.5,Good,1
1067,59,Female,Atypical Angina,164,164,98,280,106,69,201,98,9.0,25.0,113,84,167,No,LVH,1.9,Upsloping,4,Reversible Defect,Never,Frequent,Moderate,14384,No,No,No,No,Low,6.5,Poor,0
1068,68,Male,Asymptomatic,101,101,110,340,171,64,148,140,9.4,37.0,106,67,160,No,ST-T Abnormality,2.2,Downsloping,3,Normal,Never,Never,Moderate,9638,Yes,Yes,No,Yes,Low,7.9,Average,1
1069,42,Female,Typical Angina,177,177,65,222,74,35,190,80,8.1,23.2,119,94,171,No,LVH,0.1,Downsloping,0,Fixed Defect,Never,Occasional,Moderate,3683,No,No,No,Yes,Low,6.7,Good,0
1070,38,Male,Asymptomatic,176,176,84,367,218,53,83,121,9.4,28.4,75,83,170,Yes,Normal,0.8,Downsloping,2,Normal,Never,Never,High,13080,No,No,No,Yes,Low,6.7,Good,1
1071,71,Male,Asymptomatic,129,129,105,351,191,40,163,159,8.5,34.0,100,98,140,Yes,ST-T Abnormality,3.8,Downsloping,1,Fixed Defect,Never,Frequent,Low,13351,No,Yes,Yes,Yes,High,6.4,Good,1
1072,82,Female,Atypical Angina,107,107,78,269,136,72,80,180,8.0,23.6,93,60,136,No,Normal,2.7,Upsloping,2,Normal,Never,Occasional,Moderate,14795,Yes,No,Yes,No,Medium,8.1,Average,1
1073,82,Female,Non-anginal Pain,163,163,109,338,205,50,227,172,6.6,29.7,102,60,123,No,Normal,0.7,Flat,2,Fixed Defect,Current,Frequent,Low,12031,Yes,No,No,Yes,Low,8.8,Average,1
1074,89,Female,Atypical Angina,173,173,95,261,76,66,151,98,9.4,21.8,117,82,135,Yes,LVH,2.6,Upsloping,2,Normal,Never,Never,Low,3483,Yes,No,No,No,High,8.4,Good,1
1075,57,Female,Atypical Angina,131,131,82,215,126,40,247,148,4.8,32.9,118,91,160,Yes,Normal,1.0,Upsloping,3,Normal,Former,Frequent,Moderate,8858,No,No,No,Yes,Medium,7.3,Average,0
1076,42,Male,Asymptomatic,113,113,105,383,193,80,244,112,7.7,25.4,104,94,184,No,ST-T Abnormality,0.9,Flat,2,Fixed Defect,Never,Occasional,Moderate,2080,No,No,No,Yes,High,5.6,Average,0
1077,38,Female,Atypical Angina,110,110,89,231,90,46,178,137,8.9,33.9,123,66,177,No,ST-T Abnormality,2.0,Downsloping,1,Reversible Defect,Current,Frequent,High,12634,No,No,No,No,Medium,6.0,Average,0
1078,67,Female,Asymptomatic,127,127,86,294,104,76,186,122,7.9,37.4,74,55,141,No,LVH,1.4,Downsloping,4,Normal,Never,Occasional,Low,8174,Yes,No,No,Yes,Low,5.2,Average,1
1079,61,Female,Asymptomatic,170,170,85,232,87,53,77,164,6.8,28.5,109,63,147,Yes,ST-T Abnormality,3.0,Downsloping,0,Normal,Former,Occasional,Moderate,5802,Yes,Yes,No,No,Low,5.1,Poor,1
1080,82,Female,Non-anginal Pain,152,152,100,337,195,34,177,104,8.8,23.3,121,96,143,No,Normal,0.2,Upsloping,3,Reversible Defect,Current,Never,Low,5435,Yes,Yes,No,No,High,8.3,Good,1
1081,87,Male,Typical Angina,151,151,84,356,200,51,112,160,8.8,37.9,113,69,132,No,LVH,1.0,Upsloping,4,Fixed Defect,Current,Never,Moderate,3245,Yes,No,Yes,No,Medium,7.1,Average,1
1082,59,Female,Typical Angina,136,136,88,292,110,74,241,108,8.7,31.0,80,57,161,Yes,LVH,0.4,Downsloping,1,Reversible Defect,Never,Occasional,Moderate,3493,Yes,No,No,Yes,High,5.2,Poor,0
1083,51,Female,Asymptomatic,117,117,87,346,193,64,259,128,9.4,38.8,116,89,157,No,Normal,0.6,Upsloping,4,Normal,Never,Frequent,Moderate,9915,No,No,No,Yes,Medium,6.5,Poor,0
1084,25,Female,Asymptomatic,143,143,87,295,164,60,197,162,8.2,22.0,72,66,199,No,Normal,2.2,Flat,1,Fixed Defect,Never,Never,Moderate,7564,No,No,No,No,Low,4.8,Poor,0
1085,84,Male,Non-anginal Pain,120,120,110,294,184,31,175,146,7.6,34.4,120,71,145,No,LVH,2.1,Downsloping,2,Normal,Former,Frequent,High,9370,No,No,Yes,Yes,Medium,5.0,Average,1
1086,86,Male,Non-anginal Pain,150,150,110,338,187,44,299,113,8.3,25.9,97,76,132,No,ST-T Abnormality,1.0,Downsloping,2,Normal,Current,Never,Moderate,5070,Yes,No,No,Yes,High,5.2,Good,1
1087,67,Female,Typical Angina,133,133,80,274,111,45,76,161,7.4,29.8,90,92,145,No,Normal,1.1,Upsloping,2,Normal,Never,Never,High,13770,Yes,No,Yes,Yes,Low,7.1,Poor,1
1088,40,Male,Typical Angina,154,154,95,257,127,45,79,149,8.0,33.9,130,94,189,No,Normal,1.8,Flat,4,Normal,Current,Never,Low,9488,No,No,Yes,Yes,Medium,6.3,Poor,1
1089,41,Female,Non-anginal Pain,179,179,83,326,163,68,226,152,6.5,28.8,93,84,167,No,Normal,0.8,Flat,3,Fixed Defect,Current,Frequent,High,5932,No,No,No,Yes,High,7.7,Poor,1
1090,81,Male,Atypical Angina,144,144,70,376,213,44,277,87,9.2,24.6,127,99,139,Yes,LVH,0.5,Downsloping,2,Reversible Defect,Current,Frequent,High,4687,Yes,No,No,No,High,5.9,Poor,1
1091,48,Male,Atypical Angina,117,117,90,173,85,43,146,87,5.7,24.6,116,95,170,No,ST-T Abnormality,2.0,Downsloping,0,Normal,Current,Never,Moderate,13853,Yes,No,No,Yes,High,9.0,Average,0
1092,26,Male,Non-anginal Pain,111,111,71,213,75,66,253,164,5.6,30.8,100,100,200,No,LVH,0.4,Flat,0,Reversible Defect,Never,Frequent,High,3001,Yes,No,No,No,Medium,7.2,Average,0
1093,36,Male,Non-anginal Pain,111,111,110,273,92,65,275,144,8.1,35.6,100,62,188,No,Normal,1.1,Upsloping,1,Normal,Never,Frequent,Moderate,14568,No,No,No,Yes,Medium,6.4,Average,0
1094,36,Male,Non-anginal Pain,126,126,92,232,112,69,213,84,5.6,28.9,103,60,187,Yes,LVH,0.0,Upsloping,2,Reversible Defect,Current,Frequent,Low,12563,Yes,No,Yes,No,High,6.4,Average,1
1095,45,Male,Atypical Angina,124,124,80,210,109,34,295,160,6.7,20.6,73,80,168,No,ST-T Abnormality,1.1,Downsloping,1,Reversible Defect,Current,Never,Low,9934,Yes,No,No,Yes,High,5.5,Good,0
1096,36,Male,Non-anginal Pain,126,126,110,184,77,37,274,113,7.6,37.5,97,65,194,No,Normal,0.8,Flat,1,Normal,Never,Occasional,High,10507,No,No,No,No,Medium,4.8,Good,0
1097,88,Female,Typical Angina,126,126,67,249,127,34,93,163,9.4,25.6,112,80,142,No,LVH,0.0,Upsloping,4,Fixed Defect,Current,Frequent,Moderate,14370,No,No,Yes,Yes,Low,7.9,Good,1
1098,73,Male,Atypical Angina,150,150,85,312,141,55,125,168,7.0,19.3,71,98,138,Yes,ST-T Abnormality,0.0,Upsloping,1,Reversible Defect,Never,Frequent,Moderate,7214,Yes,No,No,Yes,High,6.7,Poor,0
1099,60,Male,Atypical Angina,162,162,78,332,173,51,189,122,7.6,30.3,70,73,148,No,LVH,0.6,Flat,1,Normal,Never,Never,High,10595,No,Yes,Yes,Yes,High,6.2,Average,1
1100,60,Female,Asymptomatic,127,127,79,300,177,80,213,106,7.4,25.0,101,88,165,No,Normal,1.1,Flat,1,Reversible Defect,Current,Frequent,High,5154,Yes,No,Yes,Yes,High,4.6,Average,1
1101,55,Female,Typical Angina,134,134,66,360,202,57,187,122,6.4,23.6,80,80,168,No,LVH,1.4,Flat,1,Fixed Defect,Never,Occasional,High,2611,Yes,No,Yes,No,Medium,6.8,Poor,0
1102,90,Male,Asymptomatic,127,127,104,325,209,37,100,93,6.2,20.4,128,79,138,Yes,Normal,1.3,Upsloping,4,Fixed Defect,Never,Never,Moderate,3463,Yes,No,Yes,No,High,7.9,Average,1
1103,68,Female,Non-anginal Pain,148,148,92,304,171,62,276,83,5.7,33.6,126,71,138,No,LVH,2.4,Flat,0,Reversible Defect,Current,Frequent,Low,7157,No,Yes,No,No,High,6.1,Average,1
1104,79,Male,Non-anginal Pain,119,119,74,247,105,39,245,96,8.0,18.2,111,88,139,No,LVH,1.1,Flat,3,Reversible Defect,Never,Never,High,8399,Yes,No,No,No,High,8.0,Poor,0
1105,66,Female,Typical Angina,146,146,62,343,216,35,131,115,8.6,18.5,110,89,161,Yes,ST-T Abnormality,0.0,Downsloping,2,Fixed Defect,Never,Never,Moderate,14214,No,No,Yes,No,Low,4.6,Average,1
1106,47,Female,Non-anginal Pain,145,145,76,305,148,41,145,97,8.7,38.4,117,73,164,No,LVH,2.0,Flat,3,Reversible Defect,Never,Frequent,Moderate,7795,No,No,No,Yes,Medium,6.0,Good,0
1107,25,Male,Atypical Angina,126,126,77,255,87,71,129,120,8.0,20.5,122,74,191,No,ST-T Abnormality,1.5,Downsloping,2,Normal,Current,Frequent,High,5734,Yes,No,No,No,Medium,8.6,Good,0
1108,87,Male,Typical Angina,179,179,78,304,212,36,258,174,5.9,33.1,124,95,123,No,ST-T Abnormality,0.0,Downsloping,3,Fixed Defect,Never,Frequent,Low,6617,Yes,No,Yes,No,Low,7.3,Good,1
1109,56,Female,Typical Angina,161,161,70,258,121,70,82,97,6.7,33.7,90,98,157,No,ST-T Abnormality,0.7,Flat,3,Reversible Defect,Current,Occasional,High,13648,No,No,No,Yes,Low,6.0,Good,0
1110,41,Male,Typical Angina,135,135,64,399,203,80,100,89,6.2,36.4,95,55,174,No,ST-T Abnormality,0.0,Flat,0,Fixed Defect,Current,Frequent,Moderate,12643,Yes,No,No,Yes,High,8.4,Poor,0
1111,32,Female,Non-anginal Pain,169,169,101,306,124,76,213,166,8.7,26.0,116,76,176,Yes,ST-T Abnormality,0.0,Flat,3,Normal,Never,Never,High,9680,Yes,No,No,Yes,Medium,5.6,Average,0
1112,37,Male,Asymptomatic,151,151,90,250,111,78,74,98,7.3,19.9,93,91,175,Yes,LVH,1.2,Upsloping,3,Reversible Defect,Current,Never,Moderate,11356,No,No,No,No,Low,6.3,Average,1
1113,42,Male,Asymptomatic,102,102,88,265,72,78,252,170,8.4,34.9,118,57,163,Yes,LVH,0.8,Upsloping,4,Normal,Former,Never,Moderate,10170,Yes,Yes,Yes,Yes,Medium,6.8,Good,1
1114,44,Female,Non-anginal Pain,160,160,78,273,174,52,183,97,6.8,28.8,95,98,178,No,ST-T Abnormality,1.2,Downsloping,3,Fixed Defect,Never,Never,Moderate,14671,Yes,No,No,Yes,Medium,9.0,Average,0
1115,88,Female,Atypical Angina,107,107,71,240,103,78,169,164,9.3,30.7,86,82,137,No,ST-T Abnormality,1.9,Upsloping,1,Fixed Defect,Never,Occasional,Moderate,5648,Yes,Yes,No,Yes,High,8.6,Poor,0
1116,84,Female,Atypical Angina,134,134,89,255,157,39,157,170,7.4,35.1,100,80,123,No,LVH,1.2,Downsloping,0,Reversible Defect,Never,Never,Moderate,3013,No,Yes,Yes,Yes,Medium,7.8,Average,1
1117,51,Male,Asymptomatic,120,120,109,325,160,74,117,123,8.3,21.0,83,88,172,No,Normal,2.7,Upsloping,1,Normal,Never,Never,Low,13754,No,No,Yes,Yes,Low,6.9,Good,0
1118,64,Male,Atypical Angina,129,129,108,244,138,42,206,115,6.5,32.4,110,67,145,Yes,Normal,0.0,Upsloping,4,Fixed Defect,Never,Frequent,Moderate,9976,Yes,Yes,No,No,Medium,5.5,Poor,1
1119,72,Male,Atypical Angina,145,145,79,303,168,48,188,159,7.9,28.5,97,74,135,No,ST-T Abnormality,1.8,Upsloping,4,Fixed Defect,Former,Never,High,13686,Yes,No,No,No,Low,7.4,Good,0
1120,79,Female,Atypical Angina,177,177,89,316,216,32,243,107,5.2,31.6,93,94,132,No,Normal,2.0,Upsloping,4,Normal,Former,Never,Moderate,11729,No,Yes,No,No,Medium,8.1,Poor,1
1121,28,Male,Asymptomatic,151,151,101,287,173,70,213,154,6.5,25.3,109,84,195,No,Normal,0.1,Downsloping,2,Normal,Current,Never,Moderate,10646,No,No,No,Yes,Medium,5.2,Average,1
1122,73,Male,Non-anginal Pain,173,173,103,297,183,48,222,116,4.8,21.4,105,81,150,No,LVH,1.2,Flat,2,Fixed Defect,Never,Frequent,High,6685,No,No,No,No,Medium,8.0,Good,0
1123,72,Male,Asymptomatic,159,159,73,182,93,31,238,139,5.8,19.6,115,79,137,No,Normal,0.1,Upsloping,2,Reversible Defect,Never,Never,Low,6670,No,Yes,No,No,High,5.5,Poor,1
1124,79,Female,Asymptomatic,102,102,107,349,202,57,149,118,9.1,18.1,98,83,145,No,LVH,0.0,Downsloping,1,Reversible Defect,Former,Frequent,Moderate,5239,No,Yes,Yes,No,High,6.1,Average,1
1125,36,Female,Non-anginal Pain,153,153,78,233,120,61,159,176,7.1,39.8,85,100,173,No,LVH,0.4,Flat,0,Fixed Defect,Former,Occasional,Low,11415,No,No,No,No,Medium,8.1,Good,0
1126,54,Female,Typical Angina,173,173,61,295,153,38,183,149,8.6,34.9,89,97,166,No,LVH,0.2,Flat,2,Fixed Defect,Current,Never,High,11722,Yes,No,No,No,Medium,5.6,Average,1
1127,70,Male,Non-anginal Pain,107,107,69,268,110,77,170,157,9.3,31.3,80,70,159,No,ST-T Abnormality,0.0,Upsloping,3,Fixed Defect,Never,Never,Low,7870,No,No,Yes,No,High,6.0,Poor,1
1128,48,Male,Asymptomatic,126,126,81,312,203,64,146,155,8.6,33.1,83,74,169,No,ST-T Abnormality,0.6,Flat,3,Fixed Defect,Former,Occasional,Low,6525,No,No,No,No,High,8.6,Poor,1
1129,35,Female,Typical Angina,140,140,82,381,217,73,80,180,8.7,19.8,77,90,170,No,ST-T Abnormality,0.0,Downsloping,0,Reversible Defect,Never,Never,High,5520,Yes,No,No,No,Low,8.3,Average,0
1130,76,Male,Typical Angina,143,143,110,231,76,40,294,83,5.1,20.2,124,85,148,No,ST-T Abnormality,1.2,Flat,0,Fixed Defect,Current,Never,High,10879,Yes,Yes,Yes,No,High,4.7,Good,1
1131,36,Female,Asymptomatic,143,143,67,282,165,32,206,136,5.2,31.4,97,91,191,No,LVH,1.1,Flat,4,Normal,Current,Occasional,Moderate,2127,Yes,No,Yes,No,High,8.8,Good,1
1132,51,Male,Atypical Angina,112,112,98,296,163,31,123,97,5.1,34.5,82,82,177,Yes,ST-T Abnormality,0.0,Downsloping,4,Fixed Defect,Current,Never,High,4208,Yes,No,No,No,Low,7.5,Poor,1
1133,86,Male,Asymptomatic,100,100,84,339,184,46,271,174,5.4,38.6,72,80,141,Yes,LVH,3.3,Upsloping,1,Normal,Former,Occasional,Moderate,11697,No,No,Yes,Yes,Medium,5.9,Good,1
1134,36,Male,Typical Angina,129,129,103,229,101,72,116,121,6.5,20.4,125,94,175,No,LVH,0.0,Downsloping,1,Fixed Defect,Former,Frequent,Moderate,13807,Yes,No,Yes,Yes,Medium,8.0,Poor,0
1135,39,Female,Non-anginal Pain,149,149,100,241,96,31,77,124,5.6,36.0,74,61,173,No,Normal,1.4,Upsloping,2,Normal,Former,Occasional,Moderate,2096,Yes,No,No,No,Medium,8.0,Good,0
1136,26,Female,Atypical Angina,163,163,66,281,89,74,139,134,7.5,23.6,86,71,200,No,ST-T Abnormality,1.0,Downsloping,4,Fixed Defect,Never,Never,Moderate,8618,Yes,No,No,No,High,4.7,Poor,0
1137,83,Female,Typical Angina,162,162,76,270,159,66,144,159,6.5,25.5,129,64,128,No,LVH,1.7,Flat,4,Fixed Defect,Former,Never,Moderate,7180,Yes,No,No,No,Medium,6.3,Average,0
1138,35,Female,Non-anginal Pain,115,115,90,365,204,70,219,81,5.4,22.3,120,73,174,No,LVH,1.5,Flat,4,Normal,Current,Frequent,Moderate,9307,No,Yes,No,Yes,Low,7.9,Average,1
1139,42,Female,Atypical Angina,180,180,110,353,172,65,260,142,8.7,27.6,88,98,175,No,Normal,2.2,Upsloping,3,Normal,Former,Occasional,Low,10146,Yes,No,No,Yes,Low,7.7,Poor,0
1140,66,Male,Typical Angina,141,141,107,214,78,30,97,126,9.3,24.0,73,88,145,No,ST-T Abnormality,1.5,Upsloping,3,Normal,Never,Frequent,Moderate,7897,Yes,No,Yes,No,Low,8.0,Poor,1
1141,40,Female,Non-anginal Pain,131,131,69,274,143,72,136,175,5.9,26.2,76,63,167,No,ST-T Abnormality,2.2,Downsloping,1,Reversible Defect,Current,Never,Moderate,6604,Yes,No,No,No,High,5.5,Good,0
1142,50,Female,Atypical Angina,112,112,67,218,81,78,214,167,9.0,37.3,103,82,164,Yes,Normal,2.2,Downsloping,0,Normal,Never,Frequent,High,2253,Yes,No,No,No,Low,8.4,Poor,1
1143,77,Female,Non-anginal Pain,160,160,88,312,155,53,206,98,5.7,39.9,118,73,129,No,ST-T Abnormality,0.9,Downsloping,1,Normal,Current,Occasional,High,7092,No,No,No,Yes,Low,7.4,Poor,1
1144,66,Male,Atypical Angina,131,131,76,172,76,51,190,100,4.8,19.5,86,76,153,Yes,ST-T Abnormality,1.6,Flat,4,Fixed Defect,Former,Occasional,Low,8220,No,No,No,Yes,High,5.1,Good,1
1145,88,Female,Non-anginal Pain,140,140,73,254,84,70,224,104,5.3,25.1,119,59,121,No,LVH,1.7,Upsloping,4,Fixed Defect,Never,Never,Moderate,3561,Yes,No,No,No,Medium,7.7,Poor,0
1146,57,Female,Asymptomatic,175,175,110,253,143,52,149,114,9.2,22.8,83,93,161,No,Normal,3.3,Downsloping,2,Reversible Defect,Current,Occasional,Low,3584,Yes,No,Yes,No,Low,5.5,Poor,1
1147,60,Female,Non-anginal Pain,138,138,74,224,81,77,278,150,8.2,21.6,110,73,161,No,Normal,0.0,Downsloping,4,Reversible Defect,Never,Frequent,Low,10299,Yes,No,No,No,High,6.3,Good,0
1148,41,Male,Atypical Angina,162,162,78,244,126,62,100,100,5.6,26.1,84,92,188,No,LVH,1.2,Flat,1,Fixed Defect,Never,Frequent,Moderate,2671,No,No,No,Yes,Medium,6.5,Good,0
1149,40,Female,Non-anginal Pain,158,158,90,350,212,59,172,81,4.8,34.1,98,86,182,Yes,ST-T Abnormality,2.2,Downsloping,3,Normal,Former,Never,High,11005,Yes,No,No,Yes,Low,8.0,Good,1
1150,41,Male,Non-anginal Pain,171,171,110,348,207,40,251,107,7.6,30.8,82,71,165,No,Normal,1.3,Flat,3,Reversible Defect,Former,Occasional,High,12548,No,No,No,Yes,High,7.9,Average,0
1151,76,Female,Typical Angina,126,126,81,278,134,71,203,164,6.3,18.7,125,88,129,No,ST-T Abnormality,0.0,Flat,0,Normal,Never,Never,Low,6282,Yes,Yes,Yes,Yes,Low,8.4,Good,1
1152,55,Female,Non-anginal Pain,132,132,100,295,127,80,218,124,9.2,30.3,117,88,172,Yes,LVH,0.0,Downsloping,3,Reversible Defect,Never,Occasional,Moderate,11383,No,Yes,No,Yes,Low,7.3,Average,1
1153,50,Male,Asymptomatic,151,151,89,340,197,41,283,179,6.3,22.6,101,82,164,No,ST-T Abnormality,0.0,Downsloping,2,Normal,Former,Frequent,Moderate,7669,Yes,No,Yes,Yes,High,7.4,Average,1
1154,47,Female,Typical Angina,146,146,61,304,195,55,155,119,7.3,35.3,70,57,180,Yes,ST-T Abnormality,1.3,Flat,1,Normal,Former,Frequent,Low,5257,No,No,Yes,No,Medium,7.3,Poor,1
1155,58,Male,Typical Angina,158,158,105,319,168,79,157,141,5.9,19.9,112,93,172,No,Normal,0.0,Flat,4,Fixed Defect,Never,Frequent,High,11376,No,No,No,No,High,5.5,Average,0
1156,48,Male,Asymptomatic,128,128,103,252,116,57,299,114,9.1,30.8,109,66,181,No,ST-T Abnormality,0.0,Upsloping,3,Reversible Defect,Never,Frequent,Low,7964,No,No,Yes,No,High,5.4,Average,0
1157,84,Male,Asymptomatic,126,126,100,365,189,73,174,145,7.4,20.6,104,66,123,No,LVH,0.0,Downsloping,4,Reversible Defect,Former,Occasional,High,14358,Yes,No,Yes,Yes,High,6.0,Good,1
1158,85,Male,Atypical Angina,152,152,77,252,145,43,108,142,6.7,38.7,101,72,130,Yes,LVH,2.2,Flat,3,Fixed Defect,Former,Frequent,High,8450,No,No,No,No,High,6.5,Good,1
1159,74,Female,Non-anginal Pain,130,130,77,331,159,52,163,110,6.9,31.6,80,83,148,No,LVH,0.2,Downsloping,1,Normal,Current,Frequent,Moderate,13877,No,No,No,No,Medium,8.5,Good,1
1160,58,Female,Non-anginal Pain,167,167,60,258,78,79,173,154,5.7,37.3,116,78,165,No,LVH,0.0,Upsloping,1,Normal,Never,Occasional,Moderate,11844,No,Yes,No,No,High,6.9,Good,0
1161,60,Male,Asymptomatic,127,127,71,279,160,30,162,146,5.9,28.4,104,100,162,No,ST-T Abnormality,1.1,Downsloping,1,Reversible Defect,Current,Occasional,Low,5374,Yes,No,Yes,No,Medium,6.6,Good,1
1162,79,Female,Non-anginal Pain,117,117,91,191,79,45,98,122,7.6,33.2,120,67,126,No,Normal,1.5,Downsloping,3,Reversible Defect,Never,Occasional,Moderate,3143,Yes,No,No,Yes,Low,5.3,Average,0
1163,80,Male,Typical Angina,175,175,89,282,146,63,179,91,6.0,28.6,83,85,132,No,ST-T Abnormality,1.4,Flat,1,Reversible Defect,Former,Occasional,Low,6416,No,No,No,Yes,Medium,4.6,Average,0
1164,48,Female,Typical Angina,107,107,90,312,155,57,110,156,5.7,18.7,126,60,162,No,LVH,1.8,Flat,4,Normal,Never,Never,Moderate,11338,Yes,No,Yes,Yes,Low,6.7,Average,0
1165,71,Female,Typical Angina,157,157,60,357,197,56,230,176,6.7,39.1,111,76,137,No,ST-T Abnormality,2.3,Upsloping,0,Normal,Never,Occasional,High,6379,Yes,Yes,No,No,Low,8.8,Good,1
1166,51,Female,Non-anginal Pain,159,159,73,282,135,63,294,113,7.7,27.7,100,82,169,No,Normal,1.0,Downsloping,0,Normal,Never,Frequent,Low,2162,Yes,No,No,Yes,Medium,7.0,Good,0
1167,56,Female,Atypical Angina,164,164,77,371,202,50,117,160,5.0,35.7,110,71,166,No,ST-T Abnormality,0.0,Flat,2,Normal,Never,Frequent,Moderate,7607,Yes,Yes,No,No,High,7.3,Poor,1
1168,40,Female,Asymptomatic,128,128,61,291,172,54,70,111,4.9,21.5,108,93,185,No,LVH,0.7,Downsloping,2,Normal,Current,Occasional,Moderate,6508,Yes,No,No,Yes,High,6.6,Poor,1
1169,28,Male,Atypical Angina,137,137,68,225,153,30,276,87,6.2,21.2,125,67,200,No,Normal,0.0,Downsloping,3,Normal,Never,Frequent,Moderate,5891,Yes,No,No,No,Medium,6.9,Good,0
1170,82,Male,Atypical Angina,119,119,77,296,122,67,204,93,6.6,38.1,75,100,138,No,LVH,0.9,Upsloping,2,Fixed Defect,Former,Never,Moderate,13116,Yes,No,No,Yes,Medium,8.7,Poor,0
1171,70,Male,Asymptomatic,110,110,81,392,205,80,256,173,8.8,29.1,109,76,142,Yes,ST-T Abnormality,2.3,Flat,4,Fixed Defect,Former,Frequent,Moderate,10221,No,Yes,Yes,No,Low,7.5,Average,1
1172,26,Female,Typical Angina,117,117,101,252,77,62,130,122,4.9,29.3,129,71,195,No,ST-T Abnormality,1.6,Downsloping,2,Fixed Defect,Current,Occasional,High,14842,No,No,No,Yes,Medium,8.4,Good,0
1173,90,Male,Typical Angina,157,157,100,300,154,49,102,107,7.2,36.9,79,86,125,No,ST-T Abnormality,0.6,Downsloping,2,Reversible Defect,Former,Never,Moderate,9905,No,No,No,Yes,Low,6.7,Good,0
1174,61,Female,Non-anginal Pain,113,113,87,308,176,59,271,133,7.9,37.6,101,82,165,Yes,Normal,0.9,Upsloping,4,Fixed Defect,Current,Occasional,Moderate,11603,Yes,No,Yes,No,Low,8.7,Average,1
1175,80,Female,Atypical Angina,161,161,85,228,109,61,197,161,8.6,23.8,73,78,144,No,ST-T Abnormality,2.9,Flat,0,Fixed Defect,Never,Occasional,High,11104,Yes,No,Yes,No,Medium,6.1,Average,1
1176,71,Female,Non-anginal Pain,161,161,104,254,124,43,147,175,7.5,35.6,71,81,146,No,LVH,0.5,Flat,4,Reversible Defect,Former,Never,High,6812,Yes,No,Yes,Yes,Medium,4.9,Average,0
1177,85,Female,Typical Angina,105,105,109,324,170,65,204,153,9.3,34.9,126,94,124,No,LVH,2.2,Downsloping,3,Reversible Defect,Former,Occasional,Low,12587,Yes,Yes,No,Yes,Low,6.2,Good,1
1178,50,Male,Asymptomatic,124,124,103,232,82,32,220,85,5.7,20.0,70,98,157,Yes,LVH,0.1,Downsloping,1,Normal,Never,Frequent,Moderate,11183,No,No,Yes,Yes,High,9.0,Poor,1
1179,52,Female,Typical Angina,131,131,107,333,185,57,117,117,5.7,24.2,119,72,153,Yes,ST-T Abnormality,1.9,Flat,4,Fixed Defect,Current,Occasional,Moderate,6556,Yes,No,No,No,Medium,5.7,Poor,1
1180,57,Female,Asymptomatic,156,156,98,307,181,56,288,118,6.1,32.3,106,96,163,No,Normal,1.2,Flat,4,Fixed Defect,Never,Frequent,Moderate,9305,Yes,Yes,No,No,Medium,6.2,Good,1
1181,52,Female,Asymptomatic,135,135,60,266,106,42,138,178,9.3,23.5,94,64,158,No,ST-T Abnormality,1.7,Flat,4,Reversible Defect,Never,Frequent,Moderate,3046,Yes,No,Yes,Yes,Low,7.1,Poor,0
1182,56,Male,Atypical Angina,171,171,109,269,123,44,195,118,8.1,23.9,103,72,173,No,ST-T Abnormality,0.0,Flat,0,Reversible Defect,Current,Never,Low,2843,No,No,Yes,No,Medium,7.1,Good,1
1183,66,Female,Asymptomatic,171,171,103,338,187,62,192,163,6.8,32.6,110,55,163,No,ST-T Abnormality,0.2,Downsloping,1,Fixed Defect,Current,Never,Moderate,8786,Yes,No,No,Yes,Medium,4.7,Average,0
1184,38,Female,Typical Angina,111,111,103,192,85,48,291,127,5.4,39.2,85,87,179,No,ST-T Abnormality,2.9,Upsloping,3,Reversible Defect,Current,Frequent,Low,3518,No,No,No,Yes,Medium,6.3,Good,1
1185,37,Male,Atypical Angina,123,123,105,242,137,42,288,142,8.0,22.9,114,91,177,No,LVH,0.2,Upsloping,1,Fixed Defect,Never,Never,Low,5394,Yes,No,No,Yes,Low,6.3,Good,0
1186,89,Male,Non-anginal Pain,158,158,101,336,205,47,228,156,4.9,34.2,124,73,123,No,Normal,1.4,Flat,3,Normal,Never,Frequent,Moderate,4952,No,No,Yes,No,Low,8.8,Average,1
1187,52,Female,Typical Angina,115,115,74,339,193,60,172,150,7.6,37.9,88,57,165,Yes,ST-T Abnormality,0.7,Upsloping,1,Fixed Defect,Never,Never,High,6628,No,No,Yes,Yes,Low,4.7,Poor,1
1188,35,Male,Non-anginal Pain,128,128,72,265,171,32,177,177,5.5,27.8,99,80,193,No,ST-T Abnormality,0.9,Flat,2,Fixed Defect,Never,Never,Moderate,8897,No,No,Yes,Yes,Low,7.5,Average,1
1189,85,Male,Typical Angina,105,105,87,348,181,65,93,129,6.9,21.2,114,92,145,No,LVH,2.9,Upsloping,1,Normal,Never,Never,High,7979,Yes,No,Yes,Yes,High,8.6,Poor,0
1190,72,Female,Atypical Angina,107,107,88,328,177,51,78,98,6.1,29.7,95,92,149,Yes,LVH,0.7,Flat,0,Fixed Defect,Current,Frequent,High,10656,No,No,No,No,High,5.0,Poor,1
1191,43,Male,Atypical Angina,140,140,66,315,209,62,176,105,8.4,24.7,70,58,168,Yes,ST-T Abnormality,0.8,Flat,1,Reversible Defect,Never,Occasional,Moderate,13467,No,No,No,Yes,Medium,7.7,Poor,0
1192,25,Female,Non-anginal Pain,101,101,107,242,107,36,293,159,5.6,20.6,127,72,191,Yes,LVH,2.9,Upsloping,1,Normal,Former,Frequent,Moderate,11263,No,No,No,Yes,Medium,7.4,Good,0
1193,72,Female,Typical Angina,172,172,75,225,94,61,268,128,7.7,29.6,105,56,134,No,Normal,2.7,Upsloping,2,Reversible Defect,Never,Frequent,Moderate,3206,No,No,No,Yes,Medium,5.8,Average,0
1194,28,Female,Asymptomatic,173,173,72,281,160,39,291,127,4.8,33.9,86,78,188,Yes,ST-T Abnormality,1.0,Upsloping,3,Normal,Current,Occasional,Moderate,10814,No,Yes,No,No,Low,7.4,Good,1
1195,48,Female,Atypical Angina,115,115,95,296,168,80,70,155,7.9,20.4,107,82,166,No,ST-T Abnormality,1.7,Downsloping,4,Normal,Never,Frequent,Low,3101,No,No,Yes,Yes,Low,8.4,Poor,1
1196,88,Female,Asymptomatic,162,162,91,362,204,59,104,169,6.6,32.7,78,58,140,No,Normal,1.3,Upsloping,4,Reversible Defect,Current,Occasional,Moderate,8992,No,No,Yes,No,Medium,4.6,Average,1
1197,82,Male,Asymptomatic,119,119,62,226,98,67,257,147,8.5,32.0,109,77,145,No,Normal,0.7,Flat,4,Normal,Former,Never,Moderate,10126,No,No,Yes,Yes,Medium,6.6,Average,0
1198,78,Female,Non-anginal Pain,157,157,78,348,197,46,148,107,7.3,22.2,93,86,138,No,ST-T Abnormality,1.7,Downsloping,2,Reversible Defect,Current,Frequent,Moderate,9695,Yes,No,No,Yes,Medium,5.2,Poor,0
1199,35,Male,Typical Angina,173,173,65,282,167,61,124,160,5.2,19.4,118,91,182,No,LVH,0.6,Flat,1,Reversible Defect,Former,Never,Low,2648,No,No,No,No,High,5.1,Good,0
1200,86,Female,Atypical Angina,170,170,91,247,104,68,173,155,8.8,23.1,107,71,129,No,Normal,0.9,Flat,0,Reversible Defect,Never,Occasional,Low,4002,No,No,Yes,Yes,High,8.9,Poor,1
1201,42,Male,Asymptomatic,156,156,83,273,132,66,269,152,5.2,19.8,89,96,168,Yes,Normal,0.7,Upsloping,3,Normal,Never,Frequent,High,6935,Yes,No,No,No,High,5.9,Average,0
1202,56,Male,Asymptomatic,179,179,77,273,187,40,221,169,8.8,19.5,98,87,173,No,LVH,2.2,Flat,1,Fixed Defect,Current,Never,Low,12023,No,No,Yes,Yes,Low,7.1,Average,1
1203,73,Female,Asymptomatic,134,134,77,297,139,44,136,159,5.7,39.5,87,61,156,No,LVH,2.0,Upsloping,3,Normal,Never,Never,Moderate,3749,Yes,No,No,No,High,8.5,Good,0
1204,39,Male,Non-anginal Pain,139,139,110,302,152,43,253,143,5.0,39.1,82,87,171,Yes,ST-T Abnormality,1.5,Flat,0,Fixed Defect,Former,Occasional,Moderate,2871,Yes,No,No,No,Medium,8.3,Good,0
1205,45,Female,Atypical Angina,115,115,74,203,111,30,239,111,7.5,22.1,70,76,163,No,ST-T Abnormality,0.0,Upsloping,1,Fixed Defect,Never,Never,Moderate,12918,No,No,Yes,Yes,Medium,6.2,Poor,0
1206,68,Female,Typical Angina,109,109,63,306,133,66,156,97,5.2,28.4,110,83,144,No,LVH,2.2,Upsloping,2,Reversible Defect,Never,Never,High,2007,Yes,Yes,No,Yes,Medium,7.3,Average,1
1207,68,Female,Atypical Angina,134,134,67,236,91,63,202,123,9.4,19.5,108,67,156,No,Normal,0.3,Flat,0,Fixed Defect,Never,Frequent,Low,14435,No,No,No,Yes,Medium,7.4,Poor,0
1208,72,Female,Atypical Angina,174,174,67,205,115,40,225,114,7.2,30.1,88,96,137,Yes,Normal,1.6,Flat,2,Normal,Never,Never,High,5545,No,No,No,No,High,7.1,Good,1
1209,40,Female,Asymptomatic,138,138,62,210,77,36,198,145,9.3,36.8,95,64,189,No,ST-T Abnormality,0.4,Flat,2,Reversible Defect,Current,Occasional,High,10908,Yes,No,No,Yes,Medium,5.3,Good,0
1210,40,Male,Typical Angina,173,173,67,299,176,49,95,104,5.1,32.6,90,75,184,No,Normal,1.2,Upsloping,0,Normal,Current,Occasional,High,8596,Yes,No,No,Yes,Medium,5.3,Average,0
1211,26,Male,Atypical Angina,180,180,75,280,170,60,131,148,6.8,21.2,121,65,200,No,Normal,0.3,Flat,2,Fixed Defect,Never,Occasional,Low,2485,No,No,No,Yes,High,8.6,Poor,0
1212,88,Female,Typical Angina,109,109,62,315,197,61,75,110,8.7,33.6,114,83,122,No,Normal,3.4,Flat,2,Normal,Current,Never,Moderate,13270,No,No,Yes,Yes,Medium,8.1,Poor,1
1213,69,Female,Non-anginal Pain,175,175,71,339,206,67,249,103,5.8,22.0,112,86,148,No,Normal,2.7,Downsloping,1,Normal,Never,Frequent,High,11446,Yes,No,No,No,High,5.4,Good,0
1214,46,Female,Non-anginal Pain,129,129,82,190,80,47,88,90,8.2,30.1,113,84,160,No,LVH,0.7,Downsloping,0,Normal,Current,Frequent,Moderate,3325,Yes,No,Yes,No,Low,5.9,Average,1
1215,32,Female,Atypical Angina,170,170,109,306,165,30,270,124,6.9,18.2,102,74,180,No,ST-T Abnormality,0.0,Downsloping,3,Fixed Defect,Former,Never,Moderate,14594,Yes,No,No,Yes,High,8.7,Average,0
1216,70,Male,Typical Angina,174,174,81,240,113,40,260,121,7.7,31.4,92,76,157,Yes,ST-T Abnormality,0.6,Upsloping,1,Reversible Defect,Current,Occasional,Low,5410,No,No,No,Yes,High,7.7,Poor,1
1217,28,Female,Asymptomatic,145,145,106,314,179,44,130,143,8.9,29.0,127,93,200,No,Normal,1.1,Upsloping,0,Normal,Current,Occasional,High,4200,No,No,No,No,High,8.0,Average,0
1218,30,Male,Atypical Angina,156,156,64,218,105,63,160,119,8.0,37.4,117,88,181,No,LVH,1.4,Downsloping,4,Fixed Defect,Former,Never,Moderate,3966,Yes,No,No,Yes,Medium,7.9,Good,0
1219,79,Male,Non-anginal Pain,102,102,94,220,122,45,76,83,5.9,34.7,129,87,139,Yes,LVH,1.3,Upsloping,2,Reversible Defect,Never,Never,Moderate,5988,No,No,No,No,High,8.8,Good,0
1220,36,Male,Typical Angina,157,157,62,191,76,64,178,161,7.4,38.2,104,63,178,No,ST-T Abnormality,3.0,Downsloping,3,Reversible Defect,Never,Never,Moderate,5010,Yes,No,No,No,High,7.2,Average,0
1221,26,Male,Non-anginal Pain,139,139,79,244,135,43,285,130,4.8,32.6,70,63,200,Yes,LVH,0.0,Flat,0,Normal,Former,Never,Moderate,3998,Yes,No,No,No,Medium,6.0,Good,0
1222,83,Female,Atypical Angina,176,176,82,244,102,73,195,128,8.5,20.9,74,82,123,No,LVH,2.7,Downsloping,3,Reversible Defect,Current,Frequent,Moderate,11536,No,No,No,No,Medium,6.4,Good,0
1223,81,Female,Non-anginal Pain,110,110,94,300,124,68,127,84,6.1,37.0,77,91,142,No,LVH,0.1,Flat,0,Fixed Defect,Former,Occasional,Low,14112,No,Yes,No,Yes,High,7.8,Average,1
1224,53,Female,Asymptomatic,105,105,75,331,173,79,276,120,7.2,20.5,109,95,157,No,Normal,0.0,Downsloping,2,Normal,Former,Frequent,High,12445,No,No,No,Yes,High,6.3,Poor,0
1225,29,Female,Typical Angina,140,140,76,331,184,35,105,86,8.3,37.8,110,56,188,Yes,Normal,0.8,Flat,3,Normal,Current,Occasional,Moderate,11157,No,No,No,Yes,Low,7.6,Average,1
1226,70,Female,Atypical Angina,175,175,103,243,79,58,299,173,5.4,33.8,121,81,146,No,Normal,2.2,Upsloping,4,Reversible Defect,Never,Never,High,9463,Yes,No,No,Yes,Medium,4.6,Good,0
1227,64,Female,Asymptomatic,168,168,104,338,183,53,174,141,5.2,34.7,96,55,158,Yes,ST-T Abnormality,3.1,Flat,2,Normal,Never,Occasional,Moderate,4065,No,Yes,Yes,No,Medium,4.8,Average,1
1228,78,Female,Non-anginal Pain,120,120,80,188,73,44,263,83,7.0,19.8,78,84,128,Yes,ST-T Abnormality,0.0,Flat,2,Reversible Defect,Former,Occasional,Moderate,14659,No,No,No,No,High,8.2,Good,1
1229,32,Male,Non-anginal Pain,176,176,107,365,188,58,142,147,5.4,32.1,129,87,180,No,LVH,1.1,Upsloping,1,Normal,Never,Never,High,10382,No,Yes,No,No,Low,5.1,Poor,1
1230,58,Female,Non-anginal Pain,160,160,63,282,164,68,120,173,8.8,33.2,92,56,165,No,ST-T Abnormality,3.1,Downsloping,3,Fixed Defect,Current,Occasional,Low,2464,No,No,Yes,Yes,Medium,5.1,Poor,1
1231,44,Male,Typical Angina,103,103,84,203,76,70,270,84,6.5,20.7,78,55,171,Yes,Normal,1.1,Upsloping,1,Reversible Defect,Former,Occasional,Low,6338,Yes,No,No,No,Medium,7.4,Poor,0
1232,71,Male,Asymptomatic,179,179,96,290,174,36,272,169,5.2,30.3,87,100,140,No,ST-T Abnormality,0.0,Flat,1,Normal,Never,Occasional,Low,14504,No,No,Yes,Yes,Medium,6.9,Good,1
1233,72,Male,Atypical Angina,117,117,72,183,78,41,258,160,6.4,29.7,111,77,141,No,Normal,1.3,Downsloping,0,Reversible Defect,Current,Never,Moderate,7506,Yes,Yes,No,No,Medium,4.7,Average,0
1234,90,Male,Asymptomatic,116,116,82,293,136,80,134,116,8.5,30.9,87,66,132,No,LVH,2.1,Flat,3,Fixed Defect,Former,Frequent,Low,6018,Yes,No,No,No,Medium,5.8,Poor,1
1235,31,Female,Non-anginal Pain,158,158,83,322,209,57,236,117,7.9,18.2,94,78,174,Yes,Normal,0.5,Downsloping,4,Normal,Current,Never,Moderate,3987,Yes,No,No,No,Low,6.6,Average,1
1236,57,Female,Atypical Angina,132,132,89,285,126,39,162,165,9.2,34.1,120,56,159,No,Normal,1.4,Downsloping,3,Fixed Defect,Current,Occasional,Low,5297,Yes,No,Yes,No,Low,5.5,Average,1
1237,32,Male,Typical Angina,134,134,69,336,200,63,197,155,9.1,34.5,106,84,181,No,ST-T Abnormality,2.5,Downsloping,3,Fixed Defect,Never,Occasional,Moderate,7018,No,No,No,No,Medium,7.8,Poor,0
1238,47,Female,Typical Angina,167,167,74,217,106,58,223,106,6.7,34.0,112,63,179,No,Normal,3.1,Flat,2,Fixed Defect,Current,Never,Moderate,9563,No,No,No,No,High,4.6,Good,1
1239,60,Male,Atypical Angina,164,164,65,334,211,54,268,163,6.2,24.1,110,62,170,No,ST-T Abnormality,2.6,Downsloping,1,Fixed Defect,Never,Never,Low,14994,Yes,No,Yes,No,Medium,6.7,Average,1
1240,48,Male,Atypical Angina,156,156,93,285,186,42,90,124,5.4,31.7,70,68,163,No,Normal,0.6,Flat,4,Normal,Current,Occasional,Low,9225,Yes,No,Yes,Yes,Medium,5.4,Good,1
1241,57,Female,Atypical Angina,108,108,83,303,157,43,86,151,6.9,39.0,71,77,158,Yes,LVH,2.1,Downsloping,0,Fixed Defect,Current,Never,High,9803,Yes,No,No,Yes,Medium,6.5,Poor,1
1242,38,Male,Typical Angina,106,106,109,295,149,63,204,99,6.7,31.5,115,65,171,No,Normal,1.0,Upsloping,2,Reversible Defect,Never,Never,Low,9734,Yes,No,No,Yes,Low,7.0,Good,0
1243,86,Male,Atypical Angina,131,131,98,256,141,52,153,159,9.1,37.2,127,96,122,No,LVH,1.0,Downsloping,1,Reversible Defect,Former,Occasional,High,7747,Yes,No,Yes,No,Medium,6.5,Good,1
1244,28,Male,Typical Angina,136,136,64,328,181,30,126,83,5.0,21.7,102,84,192,Yes,LVH,1.3,Downsloping,2,Fixed Defect,Former,Occasional,Low,12643,No,Yes,No,No,Medium,6.0,Good,1
1245,68,Male,Non-anginal Pain,150,150,86,294,182,41,96,149,9.1,30.9,88,94,153,No,LVH,1.6,Upsloping,3,Normal,Never,Occasional,Low,14996,Yes,No,Yes,No,High,6.0,Poor,1
1246,58,Female,Non-anginal Pain,113,113,87,263,121,66,78,136,7.4,21.2,113,100,148,No,LVH,1.7,Downsloping,3,Reversible Defect,Former,Occasional,High,11234,No,No,Yes,No,Medium,5.7,Poor,0
1247,36,Male,Asymptomatic,157,157,99,283,144,35,191,86,5.1,26.7,80,70,174,No,ST-T Abnormality,0.0,Downsloping,1,Normal,Former,Never,High,9064,No,No,No,No,High,7.5,Good,0
1248,43,Female,Asymptomatic,180,180,97,277,144,32,165,130,8.5,39.6,81,67,175,No,ST-T Abnormality,0.7,Downsloping,4,Reversible Defect,Never,Never,Moderate,14400,Yes,No,No,Yes,High,8.9,Good,0
1249,45,Female,Non-anginal Pain,119,119,75,283,193,41,271,155,5.3,39.0,84,55,185,No,Normal,0.4,Downsloping,4,Fixed Defect,Never,Never,Moderate,7577,No,No,No,No,Low,4.5,Good,0
1250,25,Female,Atypical Angina,134,134,64,218,122,31,152,135,8.2,38.2,104,70,185,No,ST-T Abnormality,2.4,Downsloping,1,Reversible Defect,Former,Frequent,Low,9271,No,No,No,Yes,High,6.7,Poor,1
1251,79,Male,Non-anginal Pain,106,106,110,235,133,58,120,129,7.4,18.5,75,72,128,No,LVH,1.0,Downsloping,2,Reversible Defect,Current,Occasional,High,5905,No,Yes,Yes,No,Low,8.4,Average,1
1252,86,Female,Non-anginal Pain,115,115,93,349,198,57,113,142,7.2,35.6,126,64,135,No,Normal,0.0,Downsloping,3,Normal,Never,Occasional,Moderate,3783,No,No,No,Yes,Medium,5.4,Average,1
1253,47,Male,Typical Angina,140,140,96,299,204,40,139,145,6.0,31.9,119,56,183,No,ST-T Abnormality,1.5,Flat,1,Fixed Defect,Former,Occasional,Moderate,3164,No,Yes,No,No,Low,7.8,Average,1
1254,73,Female,Asymptomatic,147,147,88,229,95,55,279,140,8.2,18.2,94,96,145,No,ST-T Abnormality,0.6,Flat,3,Fixed Defect,Current,Occasional,Moderate,2767,No,No,No,Yes,Low,6.8,Good,0
1255,68,Male,Atypical Angina,173,173,99,272,163,33,189,126,6.2,30.9,87,89,146,No,Normal,2.0,Upsloping,3,Normal,Current,Occasional,Low,3261,No,No,No,Yes,Medium,8.5,Poor,1
1256,84,Male,Typical Angina,153,153,87,309,192,38,135,111,5.1,32.2,75,67,128,Yes,LVH,2.2,Downsloping,1,Normal,Never,Frequent,Moderate,5916,Yes,No,No,Yes,Low,5.0,Poor,1
1257,90,Female,Atypical Angina,117,117,104,334,197,50,175,157,7.0,32.7,86,73,129,Yes,ST-T Abnormality,0.5,Flat,2,Reversible Defect,Former,Frequent,Moderate,5459,No,No,Yes,Yes,Medium,8.8,Good,1
1258,50,Female,Non-anginal Pain,131,131,102,342,178,69,251,175,7.3,33.7,112,68,155,No,ST-T Abnormality,1.8,Upsloping,4,Fixed Defect,Never,Frequent,Moderate,10747,Yes,Yes,Yes,No,High,6.2,Poor,1
1259,40,Male,Non-anginal Pain,153,153,105,318,148,70,204,126,8.7,35.0,101,65,172,Yes,LVH,1.7,Flat,4,Normal,Never,Occasional,Moderate,9887,Yes,No,No,Yes,Low,5.1,Average,1
1260,34,Male,Typical Angina,169,169,102,196,102,30,268,126,7.8,33.0,106,84,191,Yes,Normal,0.0,Downsloping,1,Fixed Defect,Current,Occasional,Moderate,13976,No,No,No,Yes,Medium,8.2,Good,1
1261,59,Female,Atypical Angina,145,145,62,265,130,68,242,148,5.2,33.1,87,88,167,No,Normal,1.1,Upsloping,2,Normal,Never,Frequent,Moderate,10102,No,Yes,Yes,No,High,7.9,Average,1
1262,33,Female,Atypical Angina,135,135,83,293,158,33,258,111,9.2,37.7,102,55,173,No,Normal,0.2,Downsloping,4,Reversible Defect,Former,Frequent,Low,11963,No,Yes,No,Yes,Low,5.7,Poor,1
1263,63,Male,Non-anginal Pain,130,130,68,241,114,45,86,136,5.4,19.9,92,86,152,No,ST-T Abnormality,1.4,Upsloping,2,Fixed Defect,Former,Occasional,Moderate,7078,Yes,No,Yes,No,Medium,8.7,Poor,1
1264,74,Female,Typical Angina,177,177,77,350,217,77,158,87,9.2,27.4,76,66,142,No,Normal,2.3,Flat,1,Normal,Former,Frequent,High,6088,Yes,No,No,No,Low,6.6,Good,0
1265,67,Male,Asymptomatic,177,177,98,304,214,34,132,152,8.1,37.6,93,57,156,No,ST-T Abnormality,2.2,Flat,1,Reversible Defect,Never,Never,High,6715,Yes,No,No,Yes,High,4.9,Good,1
1266,48,Male,Asymptomatic,135,135,76,164,92,32,134,106,8.7,18.7,117,67,170,No,LVH,2.1,Flat,1,Reversible Defect,Former,Never,Moderate,6143,Yes,No,Yes,Yes,High,7.9,Good,1
1267,25,Male,Non-anginal Pain,120,120,89,323,198,45,97,87,7.6,28.2,83,87,200,No,Normal,0.0,Downsloping,3,Fixed Defect,Current,Never,Moderate,2647,Yes,No,No,Yes,High,4.7,Poor,0
1268,79,Male,Atypical Angina,136,136,85,331,191,58,211,164,6.3,32.0,99,78,134,No,LVH,1.1,Upsloping,3,Normal,Current,Occasional,Moderate,6492,No,Yes,No,Yes,Low,5.3,Average,1
1269,73,Female,Non-anginal Pain,152,152,107,214,86,51,97,180,8.2,32.3,101,67,147,Yes,ST-T Abnormality,0.9,Downsloping,0,Reversible Defect,Current,Occasional,Moderate,7881,No,No,No,No,Medium,8.1,Poor,1
1270,30,Male,Non-anginal Pain,117,117,65,274,139,63,93,173,6.0,33.5,92,55,182,Yes,ST-T Abnormality,1.8,Downsloping,1,Reversible Defect,Never,Occasional,High,13802,Yes,No,No,No,High,5.1,Average,0
1271,75,Female,Typical Angina,105,105,94,286,117,69,74,159,8.5,19.0,93,59,148,No,LVH,1.9,Upsloping,1,Fixed Defect,Never,Frequent,Low,5116,Yes,Yes,Yes,Yes,High,7.4,Poor,1
1272,36,Female,Asymptomatic,106,106,94,313,154,42,173,138,8.0,30.5,71,84,177,No,Normal,2.3,Flat,2,Reversible Defect,Never,Never,High,7090,No,No,No,No,Medium,8.9,Average,0
1273,64,Male,Atypical Angina,164,164,70,278,123,63,155,180,7.8,27.5,80,98,143,No,LVH,1.0,Flat,2,Normal,Current,Occasional,Moderate,8231,Yes,No,Yes,Yes,Low,6.0,Good,1
1274,45,Female,Non-anginal Pain,134,134,89,219,112,60,233,112,8.9,23.4,97,66,179,No,ST-T Abnormality,0.0,Flat,1,Normal,Current,Never,High,7790,Yes,No,No,No,High,7.8,Average,0
1275,36,Male,Atypical Angina,160,160,99,383,203,74,244,177,7.9,39.6,128,65,186,No,LVH,0.0,Flat,0,Normal,Former,Frequent,Moderate,8999,No,No,No,No,Low,5.5,Average,0
1276,59,Male,Asymptomatic,103,103,67,363,209,45,87,97,7.8,36.7,120,80,153,No,Normal,0.0,Flat,2,Fixed Defect,Former,Frequent,High,14862,Yes,No,Yes,Yes,Low,8.0,Poor,1
1277,45,Male,Atypical Angina,112,112,83,268,109,45,243,88,6.2,19.7,70,64,179,Yes,LVH,1.8,Downsloping,3,Normal,Never,Never,Low,4751,No,Yes,No,Yes,Low,5.6,Good,1
1278,79,Female,Typical Angina,162,162,100,266,132,36,248,80,8.0,22.1,111,75,139,No,LVH,2.9,Downsloping,0,Reversible Defect,Never,Never,Low,9584,No,No,Yes,No,Low,8.2,Poor,1
1279,62,Female,Typical Angina,109,109,80,317,193,37,299,171,8.0,29.7,98,73,145,No,Normal,0.7,Upsloping,3,Fixed Defect,Current,Never,High,10733,Yes,Yes,Yes,Yes,Medium,4.7,Good,1
1280,55,Male,Non-anginal Pain,121,121,67,206,99,41,290,156,8.9,36.9,83,79,154,No,Normal,1.4,Flat,0,Reversible Defect,Never,Never,Moderate,10951,Yes,No,No,Yes,High,7.8,Average,0
1281,48,Female,Atypical Angina,155,155,89,215,126,37,297,129,7.1,26.5,71,91,171,No,Normal,2.5,Downsloping,1,Normal,Never,Occasional,Low,9306,Yes,No,No,Yes,Medium,8.9,Average,0
1282,77,Male,Typical Angina,155,155,88,274,135,78,227,153,6.2,39.0,100,69,129,Yes,LVH,3.3,Flat,1,Normal,Never,Frequent,Moderate,2379,No,Yes,Yes,Yes,Medium,8.1,Poor,1
1283,60,Male,Non-anginal Pain,120,120,95,278,136,62,181,137,7.7,19.3,73,73,157,No,LVH,0.5,Upsloping,3,Reversible Defect,Current,Frequent,Low,13896,Yes,No,Yes,Yes,High,6.5,Average,1
1284,62,Male,Atypical Angina,121,121,89,333,197,40,210,103,7.5,25.5,77,96,149,No,LVH,1.4,Downsloping,1,Normal,Current,Never,Low,2178,No,No,Yes,Yes,Low,7.9,Poor,1
1285,49,Female,Asymptomatic,122,122,79,176,80,53,275,89,8.2,18.6,99,57,169,No,Normal,2.2,Downsloping,2,Fixed Defect,Former,Occasional,Low,10859,No,No,No,No,High,6.5,Good,0
1286,76,Male,Atypical Angina,103,103,79,259,84,58,208,164,7.2,31.9,106,95,145,No,Normal,1.7,Upsloping,0,Normal,Current,Occasional,Low,7493,No,Yes,No,No,High,6.3,Average,1
1287,78,Male,Asymptomatic,119,119,110,337,193,32,264,85,5.4,30.9,79,61,138,No,LVH,0.1,Upsloping,3,Reversible Defect,Never,Never,Low,6121,No,No,Yes,Yes,Medium,6.5,Poor,1
1288,81,Female,Atypical Angina,123,123,94,345,160,70,162,170,7.2,32.5,81,72,133,No,ST-T Abnormality,3.2,Upsloping,3,Reversible Defect,Never,Frequent,Moderate,5115,Yes,No,Yes,No,High,6.6,Good,1
1289,27,Male,Non-anginal Pain,125,125,105,338,172,72,104,166,6.9,33.4,107,93,178,No,LVH,1.3,Upsloping,2,Fixed Defect,Former,Frequent,Moderate,14432,No,No,No,No,Low,7.7,Good,0
1290,34,Female,Asymptomatic,100,100,84,251,127,45,132,114,8.5,32.6,77,95,191,Yes,ST-T Abnormality,0.4,Downsloping,0,Normal,Never,Never,Low,8134,No,No,No,Yes,Medium,8.5,Average,1
1291,47,Female,Atypical Angina,158,158,62,253,125,42,144,98,5.2,22.7,76,73,175,No,ST-T Abnormality,0.2,Flat,2,Fixed Defect,Former,Frequent,Low,6341,No,Yes,No,No,Medium,7.4,Poor,1
1292,35,Female,Atypical Angina,179,179,67,257,163,34,239,129,6.2,22.0,107,62,182,No,LVH,2.4,Downsloping,3,Fixed Defect,Never,Never,Low,6148,No,No,No,Yes,Medium,5.5,Good,0
1293,88,Female,Atypical Angina,133,133,83,293,188,50,245,110,5.0,34.8,99,96,140,No,LVH,1.4,Upsloping,4,Fixed Defect,Never,Occasional,Low,14126,Yes,No,Yes,Yes,Low,7.8,Poor,1
1294,42,Female,Asymptomatic,126,126,107,287,168,40,73,134,6.8,26.9,117,58,168,Yes,LVH,2.0,Flat,2,Normal,Current,Frequent,Moderate,2433,No,No,No,No,Low,7.9,Average,1
1295,38,Male,Typical Angina,101,101,87,216,79,54,300,101,6.3,35.6,78,59,168,No,LVH,2.3,Upsloping,0,Normal,Former,Occasional,High,2722,Yes,No,No,No,Low,5.3,Average,0
1296,46,Female,Non-anginal Pain,150,150,65,257,114,33,79,139,7.7,35.4,118,71,161,No,ST-T Abnormality,1.9,Downsloping,4,Reversible Defect,Never,Frequent,Low,14328,No,No,No,No,Low,4.6,Poor,1
1297,33,Female,Non-anginal Pain,131,131,105,249,127,61,251,156,6.1,19.9,90,89,184,Yes,LVH,2.5,Flat,1,Reversible Defect,Never,Occasional,Moderate,5495,No,No,Yes,Yes,High,5.5,Average,0
1298,65,Female,Typical Angina,155,155,61,273,123,54,164,155,5.8,28.5,87,85,156,No,LVH,1.0,Downsloping,0,Reversible Defect,Former,Never,High,7184,Yes,No,No,No,Low,7.1,Poor,0
1299,68,Female,Asymptomatic,179,179,86,266,168,57,90,101,5.2,34.3,75,68,151,No,LVH,0.0,Flat,0,Normal,Current,Occasional,Moderate,4706,Yes,No,No,No,Medium,8.3,Average,1
1300,38,Male,Non-anginal Pain,129,129,80,356,159,80,190,178,6.9,37.3,116,80,181,Yes,LVH,1.6,Flat,1,Normal,Former,Occasional,Low,13841,No,No,No,No,Medium,6.6,Poor,0
1301,87,Female,Typical Angina,121,121,81,249,154,34,276,121,8.4,30.3,124,90,134,No,Normal,1.7,Flat,0,Reversible Defect,Current,Frequent,Moderate,4869,No,No,No,No,Medium,8.4,Poor,0
1302,75,Female,Non-anginal Pain,143,143,77,235,85,44,157,153,8.2,23.6,130,57,141,Yes,Normal,0.0,Flat,4,Normal,Former,Occasional,Low,11244,No,No,No,No,Medium,5.5,Good,0
1303,68,Male,Non-anginal Pain,178,178,78,244,133,51,85,145,6.5,33.6,71,81,160,No,ST-T Abnormality,0.9,Upsloping,0,Normal,Current,Occasional,Moderate,8678,Yes,Yes,No,Yes,High,7.2,Good,1
1304,88,Male,Typical Angina,164,164,62,257,118,72,275,129,5.0,27.9,85,73,139,No,Normal,0.0,Downsloping,4,Reversible Defect,Current,Never,High,3001,No,No,No,No,Medium,4.9,Good,1
1305,63,Male,Atypical Angina,160,160,95,223,120,35,194,172,9.4,27.2,129,89,166,No,ST-T Abnormality,1.1,Flat,4,Fixed Defect,Former,Occasional,Moderate,9453,Yes,No,Yes,No,Medium,7.9,Average,0
1306,73,Female,Typical Angina,142,142,104,354,199,37,300,86,5.5,25.9,109,71,151,No,Normal,0.9,Downsloping,0,Fixed Defect,Never,Occasional,Low,5365,Yes,Yes,No,Yes,High,7.3,Poor,1
1307,49,Male,Asymptomatic,140,140,81,242,87,49,182,116,8.2,22.1,90,56,167,Yes,LVH,1.1,Upsloping,1,Reversible Defect,Never,Occasional,Moderate,7008,No,No,Yes,No,Low,5.0,Average,1
1308,61,Male,Non-anginal Pain,106,106,71,348,218,59,281,141,9.1,34.2,92,92,160,Yes,Normal,1.3,Downsloping,4,Normal,Former,Never,High,5750,No,Yes,Yes,Yes,Medium,6.6,Poor,1
1309,45,Female,Non-anginal Pain,138,138,98,273,91,67,150,130,7.9,30.0,88,77,183,No,ST-T Abnormality,1.0,Flat,0,Fixed Defect,Current,Occasional,Moderate,4365,Yes,No,No,Yes,Low,5.7,Average,0
1310,46,Female,Asymptomatic,132,132,91,342,207,53,265,142,7.6,37.2,92,55,159,Yes,Normal,0.0,Upsloping,4,Reversible Defect,Current,Occasional,Moderate,8156,No,No,No,Yes,High,8.7,Good,1
1311,54,Female,Atypical Angina,107,107,104,315,198,74,139,169,8.8,28.8,72,74,155,Yes,LVH,0.0,Upsloping,3,Normal,Current,Occasional,Moderate,3601,Yes,No,No,No,Low,7.9,Good,1
1312,41,Male,Asymptomatic,164,164,105,276,143,71,195,167,9.0,26.5,91,97,183,No,Normal,1.4,Flat,4,Reversible Defect,Current,Never,Moderate,8928,No,No,No,Yes,Medium,6.1,Average,0
1313,39,Female,Non-anginal Pain,172,172,75,313,219,49,150,95,8.1,26.0,77,81,168,Yes,Normal,1.2,Upsloping,2,Normal,Current,Frequent,Moderate,7475,No,No,No,Yes,Low,5.1,Average,1
1314,34,Male,Non-anginal Pain,139,139,95,342,179,66,216,176,8.7,26.2,110,99,184,No,LVH,2.6,Flat,4,Reversible Defect,Never,Never,High,3397,No,No,Yes,Yes,Low,6.1,Average,1
1315,31,Female,Typical Angina,154,154,76,274,158,66,98,142,6.6,33.6,76,63,192,Yes,LVH,2.0,Upsloping,3,Reversible Defect,Current,Frequent,Low,8967,Yes,No,No,No,High,7.4,Good,1
1316,71,Female,Asymptomatic,153,153,90,301,175,42,165,130,7.7,23.0,88,68,139,No,Normal,2.0,Downsloping,3,Reversible Defect,Never,Occasional,Low,3063,Yes,No,Yes,No,Low,8.3,Good,1
1317,29,Male,Non-anginal Pain,138,138,104,341,204,41,284,132,5.2,36.8,105,79,195,No,LVH,0.5,Downsloping,1,Normal,Never,Never,Low,5978,Yes,No,No,No,High,7.7,Good,0
1318,67,Female,Asymptomatic,112,112,101,214,86,75,77,106,7.8,39.3,97,65,147,No,ST-T Abnormality,2.6,Flat,3,Normal,Never,Occasional,Moderate,12664,No,No,No,No,Low,6.8,Good,0
1319,56,Male,Atypical Angina,178,178,63,296,121,73,195,126,5.8,27.1,110,100,169,No,LVH,0.0,Upsloping,0,Reversible Defect,Never,Frequent,Low,3763,Yes,No,No,Yes,High,5.6,Average,0
1320,41,Female,Asymptomatic,106,106,83,233,82,80,272,88,5.4,39.0,124,80,173,No,ST-T Abnormality,0.0,Flat,0,Normal,Never,Occasional,Moderate,12200,No,No,No,Yes,High,6.1,Good,0
1321,89,Male,Asymptomatic,159,159,88,262,100,47,182,132,8.7,29.2,78,86,128,No,LVH,2.1,Upsloping,0,Normal,Current,Frequent,Low,14302,No,No,No,Yes,High,7.4,Good,0
1322,59,Male,Typical Angina,140,140,89,259,145,42,254,110,9.1,37.6,104,85,146,No,ST-T Abnormality,1.7,Flat,3,Reversible Defect,Former,Occasional,Low,2269,Yes,No,No,Yes,High,6.2,Average,0
1323,76,Female,Typical Angina,124,124,84,356,163,78,176,129,5.3,29.3,119,55,151,No,ST-T Abnormality,1.1,Downsloping,3,Normal,Former,Occasional,High,2562,No,Yes,Yes,Yes,Medium,5.1,Good,1
1324,42,Male,Asymptomatic,120,120,60,294,210,36,126,136,5.6,37.9,71,91,169,No,Normal,1.8,Downsloping,3,Fixed Defect,Current,Never,Moderate,6837,No,No,No,Yes,Medium,6.1,Average,1
1325,25,Female,Atypical Angina,124,124,97,290,153,61,223,111,5.2,32.1,86,81,190,No,LVH,0.8,Downsloping,3,Normal,Never,Frequent,Moderate,14168,No,No,No,No,Medium,8.5,Good,0
1326,88,Male,Asymptomatic,142,142,73,194,101,33,284,133,5.4,33.8,87,61,138,No,ST-T Abnormality,2.1,Downsloping,1,Normal,Current,Frequent,Moderate,2535,No,Yes,Yes,Yes,Medium,4.6,Poor,1
1327,62,Female,Atypical Angina,107,107,62,224,76,34,231,119,8.2,20.7,88,83,162,No,Normal,1.9,Flat,3,Reversible Defect,Current,Never,Low,11400,Yes,No,No,No,Low,5.4,Good,1
1328,65,Female,Typical Angina,132,132,101,292,145,38,219,163,5.0,29.0,118,100,160,No,ST-T Abnormality,0.9,Downsloping,0,Fixed Defect,Never,Frequent,Low,2235,No,No,Yes,Yes,High,7.1,Poor,1
1329,48,Female,Typical Angina,131,131,95,263,128,78,231,129,8.7,30.4,123,89,160,No,LVH,0.2,Downsloping,3,Reversible Defect,Former,Occasional,Moderate,3163,Yes,No,No,No,Low,7.4,Good,0
1330,85,Male,Asymptomatic,152,152,75,222,95,62,116,129,8.3,29.7,85,65,123,No,LVH,1.7,Upsloping,1,Normal,Former,Occasional,Low,4005,No,Yes,No,No,High,4.9,Average,0
1331,40,Male,Atypical Angina,151,151,88,312,157,58,293,109,5.1,22.9,79,86,188,No,LVH,2.9,Flat,4,Fixed Defect,Former,Occasional,Moderate,6420,Yes,No,Yes,No,High,7.3,Poor,0
1332,55,Male,Typical Angina,160,160,102,276,113,47,118,131,6.1,22.6,123,66,163,No,ST-T Abnormality,1.1,Flat,3,Fixed Defect,Former,Frequent,Low,7955,Yes,Yes,Yes,No,Medium,5.5,Average,1
1333,47,Female,Non-anginal Pain,141,141,68,324,202,64,96,177,9.1,27.8,122,81,163,No,Normal,0.0,Flat,0,Reversible Defect,Former,Occasional,High,9804,Yes,No,No,Yes,High,8.4,Poor,0
1334,65,Female,Typical Angina,101,101,98,361,175,78,290,154,5.8,27.4,97,89,159,No,ST-T Abnormality,0.0,Downsloping,1,Normal,Never,Never,Moderate,14442,No,No,No,No,High,8.8,Poor,0
1335,56,Female,Typical Angina,131,131,79,333,208,66,151,123,8.2,34.4,124,94,163,Yes,LVH,1.3,Downsloping,2,Normal,Former,Occasional,High,5151,Yes,No,Yes,Yes,Low,8.8,Good,1
1336,43,Female,Atypical Angina,174,174,89,358,200,70,231,140,4.9,20.0,113,71,172,No,LVH,0.1,Flat,1,Reversible Defect,Former,Occasional,High,9693,No,Yes,No,Yes,Medium,6.9,Good,0
1337,49,Male,Non-anginal Pain,117,117,92,256,114,74,131,167,7.5,35.5,125,99,181,No,LVH,1.4,Upsloping,1,Reversible Defect,Current,Occasional,Low,6498,No,Yes,No,No,Medium,4.8,Good,1
1338,46,Female,Atypical Angina,144,144,85,172,70,33,118,121,7.9,29.9,125,69,184,Yes,LVH,0.0,Upsloping,1,Fixed Defect,Never,Occasional,Low,11495,No,No,No,No,Medium,5.0,Good,1
1339,80,Male,Atypical Angina,168,168,80,270,114,64,123,82,7.5,20.0,124,79,141,No,ST-T Abnormality,1.5,Downsloping,0,Fixed Defect,Never,Never,Moderate,10530,No,Yes,No,No,Medium,8.7,Good,0
1340,52,Female,Atypical Angina,120,120,107,216,80,36,123,169,9.0,22.6,89,80,174,No,LVH,2.2,Upsloping,0,Reversible Defect,Current,Occasional,Low,14826,No,No,Yes,No,High,4.9,Poor,1
1341,80,Male,Non-anginal Pain,149,149,86,179,94,33,162,120,6.2,23.6,88,70,126,No,Normal,1.9,Downsloping,1,Reversible Defect,Current,Occasional,Low,9433,No,No,Yes,Yes,Low,8.5,Average,1
1342,34,Male,Typical Angina,107,107,71,298,176,77,183,113,7.7,31.9,91,79,196,No,Normal,2.7,Downsloping,4,Reversible Defect,Never,Frequent,Moderate,3735,No,No,No,Yes,Medium,5.7,Poor,0
1343,78,Female,Atypical Angina,155,155,82,214,126,39,158,114,8.3,31.8,124,58,147,No,Normal,0.9,Flat,4,Normal,Current,Never,High,12522,Yes,No,Yes,No,Low,7.3,Average,1
1344,28,Male,Atypical Angina,112,112,76,331,178,57,197,177,5.2,23.4,99,89,192,Yes,LVH,3.3,Flat,1,Fixed Defect,Former,Occasional,Moderate,14051,Yes,No,No,Yes,High,8.6,Good,0
1345,46,Female,Asymptomatic,123,123,63,329,210,34,210,80,5.4,34.6,122,87,166,No,Normal,1.0,Flat,3,Reversible Defect,Current,Occasional,Low,4723,No,No,Yes,Yes,Medium,7.9,Average,1
1346,54,Male,Atypical Angina,146,146,62,189,83,45,271,110,7.4,24.1,102,65,161,No,ST-T Abnormality,0.7,Flat,3,Normal,Current,Frequent,Low,5800,No,No,Yes,No,Medium,5.7,Good,1
1347,59,Male,Non-anginal Pain,132,132,66,231,76,63,155,87,8.3,36.5,87,73,154,No,LVH,1.2,Downsloping,0,Fixed Defect,Former,Frequent,Low,3733,No,No,Yes,Yes,Medium,5.0,Poor,0
1348,52,Female,Non-anginal Pain,172,172,66,325,190,66,72,83,5.7,28.7,86,99,176,No,ST-T Abnormality,1.7,Flat,3,Reversible Defect,Former,Frequent,Low,10259,No,Yes,No,No,Medium,7.5,Average,0
1349,51,Female,Atypical Angina,148,148,106,238,104,44,97,149,4.8,24.5,97,58,155,No,LVH,2.0,Downsloping,0,Normal,Never,Frequent,Low,12476,Yes,Yes,Yes,No,Low,8.1,Good,1
1350,61,Male,Asymptomatic,161,161,88,321,171,68,213,86,5.8,24.7,117,78,165,No,Normal,0.4,Flat,3,Normal,Never,Occasional,Low,9698,Yes,No,No,No,Medium,5.2,Good,1
1351,33,Male,Asymptomatic,128,128,60,363,201,44,80,146,7.9,25.4,92,68,178,No,Normal,0.4,Upsloping,1,Reversible Defect,Never,Frequent,High,9667,Yes,No,No,No,High,8.4,Poor,0
1352,35,Female,Non-anginal Pain,125,125,103,317,139,76,264,155,9.3,31.6,72,96,181,No,LVH,2.3,Flat,0,Fixed Defect,Never,Frequent,High,3111,No,No,No,No,Medium,8.9,Average,0
1353,86,Female,Typical Angina,160,160,73,248,134,31,145,94,8.1,23.1,101,80,127,No,ST-T Abnormality,1.1,Flat,0,Reversible Defect,Never,Frequent,Low,6553,Yes,No,No,Yes,Medium,8.3,Poor,0
1354,38,Female,Non-anginal Pain,140,140,92,345,220,36,100,84,6.0,32.6,124,84,187,Yes,ST-T Abnormality,0.8,Flat,1,Reversible Defect,Never,Frequent,High,8874,No,No,No,Yes,Low,6.2,Average,0
1355,45,Male,Typical Angina,179,179,101,384,195,78,229,131,4.9,30.2,103,89,169,No,ST-T Abnormality,0.7,Upsloping,4,Reversible Defect,Current,Frequent,Low,7696,No,Yes,No,No,Low,6.6,Poor,1
1356,32,Female,Non-anginal Pain,163,163,67,276,173,61,210,170,9.1,22.7,76,82,174,No,ST-T Abnormality,0.6,Downsloping,2,Fixed Defect,Former,Never,Moderate,2078,Yes,No,No,No,Low,8.0,Average,0
1357,77,Male,Non-anginal Pain,162,162,70,255,80,58,261,119,5.5,21.3,129,92,140,No,Normal,2.1,Downsloping,4,Fixed Defect,Never,Occasional,Moderate,11645,No,No,No,Yes,Medium,5.0,Good,0
1358,86,Male,Typical Angina,171,171,104,324,163,62,85,169,6.3,35.9,107,97,121,Yes,LVH,2.6,Downsloping,3,Normal,Never,Occasional,Low,12609,Yes,No,No,No,High,8.1,Average,1
1359,40,Female,Atypical Angina,132,132,63,243,127,74,300,92,6.7,22.3,95,65,179,No,ST-T Abnormality,1.3,Flat,0,Fixed Defect,Never,Never,Low,9869,Yes,No,No,No,Low,9.0,Average,0
1360,84,Male,Typical Angina,120,120,96,284,145,41,194,172,6.7,27.7,95,93,146,No,Normal,0.9,Upsloping,1,Fixed Defect,Never,Never,High,4356,No,Yes,No,No,Low,8.8,Average,0
1361,54,Male,Typical Angina,149,149,89,286,177,33,170,168,9.1,25.0,90,87,171,No,LVH,1.8,Downsloping,4,Fixed Defect,Current,Never,Low,12864,Yes,No,Yes,No,Low,5.6,Poor,1
1362,85,Male,Atypical Angina,155,155,85,330,180,54,115,115,5.5,20.1,111,75,136,No,Normal,1.4,Downsloping,2,Fixed Defect,Former,Frequent,High,6547,Yes,Yes,No,No,Low,7.7,Good,0
1363,80,Male,Asymptomatic,157,157,74,316,202,32,145,125,6.4,28.3,93,66,147,Yes,Normal,1.4,Flat,4,Normal,Current,Occasional,Low,3952,Yes,No,Yes,No,Low,9.0,Average,1
1364,71,Female,Asymptomatic,134,134,78,339,172,64,237,102,9.2,18.2,90,60,155,No,LVH,0.1,Flat,2,Reversible Defect,Current,Never,Low,8539,Yes,No,Yes,No,Medium,4.6,Average,1
1365,48,Female,Atypical Angina,109,109,97,344,184,74,186,105,6.1,32.6,125,67,167,No,ST-T Abnormality,1.2,Flat,0,Reversible Defect,Current,Frequent,High,2325,Yes,Yes,Yes,No,Medium,7.6,Poor,1
1366,50,Female,Asymptomatic,131,131,69,341,180,79,80,174,8.0,27.2,76,64,176,No,Normal,2.1,Upsloping,2,Fixed Defect,Never,Frequent,Moderate,13321,Yes,Yes,Yes,Yes,High,7.7,Poor,1
1367,59,Male,Typical Angina,117,117,85,267,147,65,152,145,7.3,35.0,107,87,168,No,LVH,1.9,Upsloping,0,Fixed Defect,Former,Frequent,Low,10320,Yes,No,No,Yes,Medium,4.6,Poor,0
1368,61,Male,Typical Angina,128,128,81,221,82,51,97,179,5.9,25.5,74,96,153,No,Normal,0.9,Flat,3,Reversible Defect,Never,Occasional,Moderate,11312,No,Yes,No,No,Low,8.5,Good,0
1369,34,Male,Asymptomatic,114,114,69,279,136,39,83,138,8.6,38.1,87,100,175,No,LVH,0.5,Downsloping,1,Reversible Defect,Current,Occasional,High,11581,No,No,No,Yes,Low,6.2,Good,0
1370,44,Male,Typical Angina,153,153,85,276,160,61,124,82,6.1,23.4,106,77,171,No,LVH,2.2,Flat,4,Normal,Current,Occasional,Moderate,5852,No,Yes,No,No,High,5.0,Average,1
1371,70,Male,Asymptomatic,116,116,74,254,118,80,168,112,5.2,29.6,81,56,145,No,ST-T Abnormality,3.3,Upsloping,4,Normal,Current,Frequent,High,11314,No,Yes,No,No,Medium,5.6,Good,1
1372,75,Male,Atypical Angina,128,128,83,287,149,32,242,161,7.0,29.1,103,72,135,No,ST-T Abnormality,1.1,Downsloping,2,Reversible Defect,Former,Frequent,Moderate,4047,Yes,Yes,Yes,Yes,Medium,7.3,Average,1
1373,73,Male,Non-anginal Pain,117,117,75,315,181,74,101,148,5.8,21.9,117,81,140,Yes,LVH,1.6,Downsloping,1,Fixed Defect,Current,Occasional,High,12400,No,No,No,Yes,Low,8.6,Poor,1
1374,90,Male,Non-anginal Pain,102,102,68,348,214,48,186,108,8.5,19.9,112,79,119,No,Normal,0.1,Flat,2,Normal,Current,Frequent,Moderate,6618,Yes,No,Yes,Yes,Low,7.8,Poor,1
1375,55,Male,Typical Angina,154,154,87,332,216,70,252,92,5.2,36.2,125,95,160,No,Normal,1.1,Flat,1,Normal,Never,Frequent,Moderate,5775,No,No,No,Yes,High,6.6,Good,0
1376,47,Female,Atypical Angina,124,124,107,297,158,71,103,97,6.0,18.4,93,73,179,Yes,ST-T Abnormality,2.3,Flat,1,Fixed Defect,Former,Never,Moderate,9470,No,Yes,No,No,Medium,6.5,Average,0
1377,31,Male,Asymptomatic,139,139,87,250,95,48,199,118,5.6,39.9,120,57,192,No,Normal,1.5,Downsloping,3,Reversible Defect,Current,Occasional,Low,9571,No,No,No,Yes,Medium,7.5,Good,1
1378,64,Female,Atypical Angina,122,122,93,320,132,73,151,119,6.7,34.6,124,76,159,Yes,ST-T Abnormality,1.9,Downsloping,0,Reversible Defect,Current,Frequent,Moderate,12574,No,Yes,Yes,No,Medium,7.9,Average,1
1379,82,Male,Typical Angina,141,141,99,247,90,44,99,171,7.4,29.4,117,100,139,No,ST-T Abnormality,0.4,Upsloping,1,Normal,Never,Frequent,Moderate,7442,Yes,No,No,Yes,High,5.8,Poor,0
1380,88,Female,Asymptomatic,172,172,99,296,167,52,211,160,7.8,30.6,121,86,121,No,Normal,2.7,Upsloping,0,Normal,Former,Frequent,High,13765,Yes,Yes,No,Yes,Low,4.9,Average,1
1381,47,Female,Typical Angina,113,113,76,302,152,67,270,165,9.5,32.7,70,92,159,No,LVH,2.7,Downsloping,3,Normal,Never,Never,Moderate,13684,No,No,Yes,No,High,7.6,Poor,0
1382,59,Male,Atypical Angina,144,144,105,369,220,55,288,85,9.3,32.5,92,97,167,No,Normal,1.6,Flat,4,Normal,Former,Frequent,High,9614,Yes,No,No,No,Low,5.3,Poor,0
1383,57,Male,Asymptomatic,163,163,88,358,184,73,152,86,5.8,34.7,74,68,165,No,Normal,1.3,Flat,2,Reversible Defect,Never,Frequent,Moderate,11671,No,Yes,Yes,Yes,Medium,4.5,Average,1
1384,34,Male,Asymptomatic,161,161,76,329,217,68,139,140,5.5,37.1,124,80,184,No,LVH,0.7,Upsloping,3,Fixed Defect,Never,Never,Moderate,14299,Yes,Yes,No,No,Low,6.2,Average,0
1385,89,Male,Typical Angina,146,146,80,327,216,53,191,151,8.4,35.2,117,89,127,No,Normal,2.1,Downsloping,2,Fixed Defect,Never,Never,Low,10562,Yes,No,Yes,No,Medium,8.3,Average,1
1386,78,Male,Non-anginal Pain,130,130,66,285,122,72,170,169,6.2,22.0,84,91,140,Yes,LVH,0.5,Upsloping,3,Reversible Defect,Former,Occasional,High,3042,No,No,Yes,No,Medium,5.5,Poor,1
1387,32,Female,Non-anginal Pain,107,107,88,216,89,54,198,93,5.2,22.4,117,87,184,No,LVH,3.0,Flat,0,Normal,Current,Frequent,Low,13951,No,No,No,Yes,High,6.4,Poor,0
1388,86,Male,Asymptomatic,142,142,83,311,190,74,92,103,8.1,34.8,128,74,128,No,LVH,0.8,Flat,0,Reversible Defect,Former,Frequent,Moderate,3574,No,No,No,No,High,7.0,Average,0
1389,26,Male,Non-anginal Pain,173,173,72,262,102,55,89,126,7.1,32.5,75,85,196,No,LVH,1.6,Upsloping,4,Reversible Defect,Former,Frequent,Low,3104,No,No,No,Yes,High,7.3,Average,0
1390,33,Female,Non-anginal Pain,120,120,69,337,156,65,212,142,7.9,35.5,125,69,175,No,ST-T Abnormality,1.8,Upsloping,1,Normal,Former,Frequent,High,4479,Yes,No,No,Yes,High,8.7,Poor,0
1391,70,Male,Non-anginal Pain,152,152,79,287,119,52,175,115,8.0,29.9,90,86,155,No,Normal,0.2,Flat,3,Reversible Defect,Never,Never,Moderate,10518,Yes,No,No,Yes,Low,8.7,Poor,0
1392,70,Male,Typical Angina,143,143,94,280,159,78,97,80,7.4,29.6,111,62,140,Yes,LVH,0.0,Downsloping,4,Fixed Defect,Never,Occasional,Moderate,11740,No,Yes,No,No,Medium,6.7,Poor,1
1393,52,Female,Non-anginal Pain,149,149,108,325,168,80,260,153,6.7,29.7,84,76,171,No,Normal,1.4,Flat,3,Reversible Defect,Never,Never,Low,4559,No,No,No,Yes,High,5.0,Poor,0
1394,69,Male,Typical Angina,141,141,70,239,143,50,134,140,5.4,22.0,96,62,142,No,Normal,3.0,Downsloping,2,Fixed Defect,Current,Frequent,Moderate,11235,No,No,Yes,Yes,High,4.8,Average,1
1395,87,Female,Asymptomatic,177,177,95,272,151,67,227,136,7.8,23.2,103,60,129,No,ST-T Abnormality,0.0,Downsloping,3,Fixed Defect,Former,Occasional,High,10289,No,No,Yes,No,Medium,5.0,Poor,1
1396,57,Female,Non-anginal Pain,123,123,81,278,132,66,130,136,7.8,23.8,75,85,165,No,Normal,1.4,Upsloping,3,Reversible Defect,Never,Occasional,High,10441,No,No,No,No,Medium,6.2,Poor,0
1397,35,Female,Non-anginal Pain,176,176,62,241,102,76,99,136,5.9,25.3,90,95,171,Yes,LVH,2.4,Flat,2,Fixed Defect,Former,Never,High,7284,Yes,No,No,Yes,Medium,5.9,Poor,1
1398,62,Female,Non-anginal Pain,152,152,81,221,129,45,226,140,6.3,20.8,128,70,162,No,LVH,1.7,Downsloping,1,Reversible Defect,Never,Never,Low,11344,No,No,No,Yes,High,5.3,Good,0
1399,40,Female,Atypical Angina,118,118,109,362,190,62,190,138,5.8,38.2,111,99,165,No,LVH,1.9,Downsloping,3,Normal,Current,Occasional,Moderate,8304,No,No,No,Yes,High,6.7,Good,1
1400,88,Female,Typical Angina,105,105,88,277,144,47,74,136,7.7,38.5,115,100,138,No,Normal,3.0,Downsloping,1,Normal,Current,Occasional,Moderate,7827,Yes,No,No,No,High,5.2,Average,0
1401,74,Male,Atypical Angina,156,156,80,232,100,34,233,120,7.4,18.3,115,68,138,No,LVH,1.4,Downsloping,3,Fixed Defect,Current,Frequent,Moderate,2561,No,No,No,Yes,Medium,6.0,Average,1
1402,50,Male,Non-anginal Pain,147,147,62,365,203,43,118,85,6.7,26.0,96,84,157,No,ST-T Abnormality,0.0,Upsloping,0,Normal,Former,Never,Low,10761,Yes,No,Yes,No,Medium,7.0,Good,1
1403,82,Male,Asymptomatic,119,119,67,362,185,66,292,134,8.0,36.2,106,73,125,No,Normal,0.9,Downsloping,0,Fixed Defect,Former,Frequent,Moderate,5534,Yes,Yes,No,No,High,5.7,Good,1
1404,51,Female,Asymptomatic,143,143,102,356,207,55,159,152,6.5,35.1,120,81,178,No,Normal,1.9,Downsloping,3,Fixed Defect,Never,Occasional,Low,3646,Yes,No,No,No,High,7.9,Good,1
1405,81,Female,Asymptomatic,164,164,95,395,206,71,108,107,6.4,37.8,102,59,149,No,ST-T Abnormality,2.7,Flat,4,Fixed Defect,Never,Frequent,Low,4440,Yes,Yes,No,Yes,Low,5.8,Poor,1
1406,27,Female,Typical Angina,151,151,84,317,218,45,92,123,7.8,19.9,110,55,187,No,ST-T Abnormality,0.2,Flat,3,Normal,Current,Never,High,12615,No,Yes,No,Yes,High,5.7,Good,1
1407,70,Male,Asymptomatic,116,116,100,335,211,67,149,157,8.5,18.9,109,85,160,No,Normal,2.3,Flat,0,Fixed Defect,Former,Frequent,Low,7706,Yes,No,Yes,Yes,High,6.3,Good,1
1408,52,Female,Atypical Angina,167,167,106,199,94,61,235,161,8.9,24.4,109,69,171,No,LVH,0.3,Downsloping,2,Fixed Defect,Never,Occasional,High,13507,Yes,Yes,Yes,Yes,Low,7.8,Average,1
1409,70,Male,Asymptomatic,153,153,91,397,210,78,182,86,7.5,31.0,102,95,155,No,ST-T Abnormality,1.3,Upsloping,4,Normal,Never,Occasional,High,2227,Yes,No,No,No,Medium,8.8,Good,1
1410,38,Male,Asymptomatic,146,146,63,233,116,65,168,99,6.5,37.7,84,61,180,No,Normal,1.3,Upsloping,2,Fixed Defect,Never,Never,Moderate,8909,Yes,No,No,Yes,Medium,6.3,Good,0
1411,82,Female,Asymptomatic,139,139,91,391,197,80,100,139,9.0,21.8,111,72,137,Yes,Normal,2.4,Upsloping,4,Fixed Defect,Current,Occasional,Moderate,3540,No,No,No,Yes,Medium,5.3,Poor,1
1412,58,Female,Atypical Angina,155,155,76,212,96,53,223,133,8.3,27.9,88,73,161,No,LVH,1.7,Flat,4,Fixed Defect,Current,Never,Low,12811,Yes,No,Yes,Yes,High,8.2,Good,1
1413,30,Female,Asymptomatic,131,131,98,348,210,42,275,142,6.1,31.1,113,80,190,No,Normal,1.0,Flat,3,Fixed Defect,Never,Occasional,Low,14499,No,No,No,Yes,Low,6.5,Poor,1
1414,49,Female,Non-anginal Pain,111,111,73,222,106,57,72,153,7.9,22.2,87,89,173,No,Normal,1.8,Downsloping,2,Fixed Defect,Never,Never,Moderate,9884,No,Yes,Yes,Yes,Medium,6.3,Good,1
1415,89,Male,Atypical Angina,109,109,69,322,182,40,195,147,9.2,29.2,116,80,135,Yes,Normal,2.6,Upsloping,4,Fixed Defect,Current,Occasional,Moderate,4594,No,Yes,No,Yes,Low,5.2,Average,1
1416,41,Female,Asymptomatic,115,115,97,384,199,80,233,170,7.0,27.8,88,95,180,No,LVH,1.5,Downsloping,4,Normal,Never,Frequent,Moderate,6743,No,No,No,Yes,Low,5.4,Average,0
1417,69,Female,Atypical Angina,100,100,103,328,136,75,78,104,5.2,21.5,77,76,154,No,LVH,0.2,Downsloping,4,Normal,Current,Never,Moderate,9924,No,No,No,Yes,Medium,5.6,Poor,0
1418,51,Male,Atypical Angina,113,113,85,198,94,62,133,134,5.4,22.2,73,80,171,No,Normal,1.7,Downsloping,0,Normal,Current,Frequent,High,10659,No,Yes,Yes,Yes,Low,5.0,Average,1
1419,55,Female,Asymptomatic,102,102,103,268,151,67,160,87,6.2,30.0,72,79,151,No,Normal,0.0,Flat,1,Reversible Defect,Never,Never,Low,4351,No,Yes,No,No,High,7.4,Poor,0
1420,43,Female,Non-anginal Pain,131,131,81,302,179,71,78,89,6.3,20.3,100,57,174,Yes,LVH,1.2,Downsloping,0,Fixed Defect,Never,Frequent,High,2289,No,No,No,Yes,High,7.3,Good,0
1421,33,Male,Typical Angina,147,147,63,353,205,55,144,85,6.9,30.4,84,89,191,No,ST-T Abnormality,2.0,Upsloping,1,Normal,Never,Frequent,High,13237,No,No,No,Yes,Medium,7.9,Good,0
1422,27,Male,Asymptomatic,105,105,90,301,170,41,143,145,8.7,31.6,127,55,183,Yes,LVH,1.7,Flat,2,Reversible Defect,Never,Frequent,Low,13735,Yes,No,No,Yes,Low,5.3,Poor,1
1423,40,Female,Non-anginal Pain,141,141,76,320,186,72,296,127,6.2,38.7,111,57,187,No,Normal,0.5,Downsloping,4,Reversible Defect,Never,Occasional,Low,14900,No,No,No,No,High,5.7,Good,1
1424,31,Male,Non-anginal Pain,152,152,98,313,179,43,233,163,6.5,28.5,71,88,192,No,ST-T Abnormality,0.0,Flat,2,Reversible Defect,Never,Never,High,10841,No,No,No,No,Low,4.6,Good,0
1425,88,Female,Atypical Angina,109,109,110,263,107,36,123,110,5.3,39.3,118,69,118,No,ST-T Abnormality,0.2,Downsloping,2,Fixed Defect,Never,Frequent,Moderate,8889,No,No,Yes,Yes,Low,4.7,Average,1
1426,76,Male,Typical Angina,121,121,71,242,117,30,169,175,6.1,20.0,118,79,153,No,ST-T Abnormality,0.6,Flat,1,Normal,Current,Never,Low,3916,No,No,Yes,Yes,Medium,4.7,Good,1
1427,44,Male,Non-anginal Pain,159,159,107,347,219,48,77,150,5.1,20.3,127,71,185,No,LVH,2.3,Upsloping,4,Normal,Never,Occasional,Moderate,8767,No,Yes,Yes,Yes,High,6.1,Average,1
1428,53,Female,Asymptomatic,119,119,105,186,98,45,192,92,5.1,31.2,96,66,152,No,ST-T Abnormality,2.1,Downsloping,4,Fixed Defect,Never,Never,Low,4761,No,Yes,No,Yes,Low,6.1,Average,1
1429,81,Female,Atypical Angina,116,116,105,257,156,42,170,95,6.3,24.3,99,86,128,No,LVH,0.0,Downsloping,2,Reversible Defect,Never,Frequent,Low,11744,Yes,No,No,No,High,7.0,Poor,0
1430,37,Female,Asymptomatic,137,137,104,234,137,37,89,166,9.2,39.4,98,87,184,No,Normal,0.0,Downsloping,2,Fixed Defect,Never,Frequent,Low,6320,Yes,No,No,Yes,High,6.3,Good,1
1431,66,Female,Asymptomatic,100,100,67,185,71,42,77,129,5.3,37.9,111,96,139,Yes,Normal,0.0,Upsloping,0,Normal,Never,Frequent,Moderate,4059,No,No,Yes,Yes,High,5.5,Poor,1
1432,36,Female,Non-anginal Pain,103,103,64,265,178,46,289,96,8.5,21.6,116,91,192,No,Normal,1.3,Downsloping,2,Fixed Defect,Former,Frequent,Moderate,4433,No,No,No,Yes,Low,6.4,Average,0
1433,51,Female,Atypical Angina,140,140,78,247,101,46,102,109,9.3,34.8,73,97,167,No,LVH,2.5,Flat,4,Fixed Defect,Current,Never,High,14162,Yes,Yes,No,Yes,Medium,8.6,Average,1
1434,76,Male,Typical Angina,130,130,77,284,156,69,196,116,6.8,22.9,90,99,141,No,Normal,2.9,Upsloping,1,Normal,Current,Occasional,Low,14321,No,No,No,No,Low,6.4,Average,0
1435,61,Male,Typical Angina,154,154,107,275,127,71,233,141,7.3,20.1,106,70,149,Yes,LVH,0.2,Downsloping,4,Fixed Defect,Current,Occasional,Moderate,14250,No,No,No,Yes,Low,7.0,Good,1
1436,54,Male,Asymptomatic,163,163,75,282,142,61,133,135,8.4,24.0,100,70,168,No,Normal,0.0,Upsloping,2,Reversible Defect,Current,Occasional,Low,10224,No,No,Yes,Yes,Medium,8.3,Poor,1
1437,86,Female,Non-anginal Pain,179,179,85,243,99,63,113,152,4.9,19.1,116,90,126,No,LVH,1.2,Flat,4,Normal,Never,Frequent,Low,7736,No,No,No,Yes,High,4.8,Average,0
1438,82,Male,Typical Angina,154,154,100,211,114,48,254,172,9.1,26.6,110,61,146,No,ST-T Abnormality,1.4,Upsloping,2,Reversible Defect,Never,Occasional,High,10401,Yes,No,Yes,Yes,Medium,6.8,Poor,0
1439,36,Male,Typical Angina,120,120,73,229,105,65,281,168,8.1,21.3,83,70,192,Yes,LVH,0.3,Flat,2,Fixed Defect,Current,Never,Moderate,8956,Yes,No,Yes,No,High,5.0,Average,1
1440,36,Male,Non-anginal Pain,129,129,104,323,150,71,254,99,4.9,24.1,86,86,186,Yes,Normal,1.9,Upsloping,0,Fixed Defect,Former,Frequent,Low,5906,No,No,No,No,Low,6.2,Good,0
1441,83,Male,Asymptomatic,142,142,74,277,154,66,196,157,8.6,31.6,115,96,122,No,LVH,2.1,Upsloping,2,Fixed Defect,Never,Occasional,High,13000,Yes,No,Yes,No,Low,6.6,Average,1
1442,83,Male,Atypical Angina,119,119,65,240,88,38,237,106,5.0,22.9,71,70,137,Yes,ST-T Abnormality,0.2,Flat,0,Normal,Current,Occasional,High,14532,Yes,No,Yes,Yes,Medium,6.3,Good,1
1443,60,Female,Typical Angina,104,104,95,221,116,44,266,176,8.4,33.7,106,85,145,Yes,ST-T Abnormality,1.2,Upsloping,3,Reversible Defect,Never,Never,Moderate,6072,No,No,Yes,Yes,High,8.9,Good,1
1444,81,Male,Atypical Angina,148,148,101,309,211,41,184,88,6.6,28.6,109,58,133,Yes,Normal,0.0,Upsloping,4,Fixed Defect,Current,Frequent,Moderate,6941,No,Yes,Yes,Yes,High,4.5,Average,1
1445,60,Female,Asymptomatic,173,173,77,289,184,33,73,81,6.3,37.5,84,80,165,No,ST-T Abnormality,0.6,Flat,3,Reversible Defect,Never,Frequent,High,10499,Yes,No,No,Yes,Medium,7.0,Poor,0
1446,40,Male,Atypical Angina,168,168,77,242,152,33,201,142,8.3,32.7,84,86,175,No,ST-T Abnormality,1.8,Upsloping,4,Fixed Defect,Current,Occasional,Moderate,14618,No,No,No,Yes,Medium,8.5,Poor,0
1447,52,Male,Non-anginal Pain,111,111,66,284,172,43,126,83,7.6,27.8,101,91,153,No,Normal,0.9,Downsloping,0,Normal,Former,Never,Moderate,6188,Yes,Yes,Yes,Yes,Medium,6.7,Poor,1
1448,84,Male,Atypical Angina,117,117,63,272,94,64,81,141,5.5,35.0,76,55,137,No,ST-T Abnormality,0.0,Upsloping,2,Fixed Defect,Former,Occasional,Low,13350,No,Yes,No,Yes,Medium,6.4,Average,1
1449,86,Male,Typical Angina,177,177,61,305,154,38,103,83,8.6,21.2,80,76,122,No,LVH,0.0,Downsloping,3,Normal,Never,Frequent,Moderate,7662,No,No,No,Yes,Low,5.9,Good,0
1450,66,Male,Typical Angina,135,135,80,313,176,64,281,173,6.9,38.2,88,82,154,No,Normal,2.7,Upsloping,3,Fixed Defect,Current,Occasional,High,2909,No,No,No,Yes,Medium,8.7,Good,1
1451,66,Female,Non-anginal Pain,140,140,98,344,170,71,291,160,5.2,28.7,125,93,143,Yes,Normal,1.4,Flat,1,Reversible Defect,Current,Frequent,Low,10828,Yes,No,Yes,No,High,6.7,Good,1
1452,34,Female,Non-anginal Pain,137,137,62,157,82,30,188,129,7.3,35.2,83,56,187,No,ST-T Abnormality,1.1,Downsloping,2,Reversible Defect,Never,Occasional,Low,7750,Yes,No,No,No,Medium,4.6,Good,1
1453,43,Female,Asymptomatic,177,177,81,337,205,32,160,102,8.0,26.7,93,60,185,No,Normal,2.3,Downsloping,0,Reversible Defect,Never,Never,High,8031,No,No,No,Yes,Medium,5.6,Average,0
1454,27,Female,Typical Angina,161,161,90,328,180,73,246,109,8.5,37.1,80,97,191,No,LVH,2.2,Upsloping,0,Normal,Former,Frequent,Low,9513,No,No,Yes,No,Low,5.2,Average,1
1455,73,Male,Atypical Angina,177,177,108,345,163,78,200,178,5.1,27.1,75,66,149,No,Normal,2.5,Flat,1,Reversible Defect,Never,Never,Moderate,6454,No,Yes,Yes,No,High,7.2,Good,1
1456,45,Female,Non-anginal Pain,139,139,61,322,146,63,291,149,6.0,34.5,95,55,167,No,Normal,1.9,Downsloping,3,Normal,Current,Frequent,Low,14267,No,No,No,No,High,4.6,Average,0
1457,56,Female,Typical Angina,157,157,93,342,216,60,186,95,6.8,26.7,124,57,164,Yes,LVH,1.8,Downsloping,4,Fixed Defect,Never,Occasional,Low,9234,No,No,No,No,Medium,6.4,Average,0
1458,32,Male,Asymptomatic,178,178,73,266,102,51,286,81,7.3,30.9,92,62,184,No,ST-T Abnormality,0.5,Flat,4,Fixed Defect,Never,Frequent,High,3913,Yes,No,No,No,High,6.5,Poor,0
1459,78,Female,Typical Angina,145,145,88,189,98,47,142,112,7.7,19.0,72,84,151,Yes,LVH,0.0,Downsloping,0,Reversible Defect,Never,Frequent,High,10818,No,No,Yes,No,Medium,5.1,Average,1
1460,52,Female,Non-anginal Pain,149,149,108,331,156,75,70,170,9.1,23.7,91,98,165,Yes,Normal,3.0,Downsloping,2,Fixed Defect,Former,Never,Moderate,14785,Yes,No,No,No,Low,6.6,Good,0
1461,85,Male,Asymptomatic,107,107,105,367,199,65,174,134,8.6,29.6,104,90,127,No,Normal,2.3,Downsloping,3,Normal,Former,Occasional,Moderate,9129,No,No,No,No,High,5.3,Good,1
1462,61,Male,Non-anginal Pain,128,128,90,238,96,57,195,93,6.8,33.2,88,86,145,No,LVH,0.0,Upsloping,4,Reversible Defect,Former,Never,Moderate,8383,Yes,Yes,No,No,High,6.0,Good,1
1463,85,Male,Typical Angina,167,167,63,348,179,69,204,88,5.7,25.5,118,85,126,No,LVH,1.5,Flat,0,Reversible Defect,Never,Frequent,Low,2301,Yes,Yes,Yes,Yes,Medium,5.8,Poor,1
1464,80,Male,Non-anginal Pain,145,145,99,353,167,73,177,113,5.0,34.7,74,94,147,Yes,Normal,2.3,Downsloping,1,Normal,Former,Frequent,Low,9571,Yes,Yes,Yes,No,Medium,8.6,Good,1
1465,69,Male,Atypical Angina,149,149,87,255,85,53,212,166,5.8,39.5,100,98,148,No,ST-T Abnormality,1.2,Downsloping,2,Reversible Defect,Never,Occasional,Low,4605,No,No,Yes,No,Low,6.6,Average,1
1466,55,Female,Asymptomatic,117,117,103,273,115,58,110,125,5.0,31.8,123,60,161,No,ST-T Abnormality,1.9,Flat,0,Normal,Current,Never,Low,8955,No,No,Yes,Yes,Medium,8.4,Good,1
1467,64,Male,Asymptomatic,165,165,102,331,194,67,183,101,7.2,33.2,100,88,148,No,ST-T Abnormality,1.5,Flat,1,Reversible Defect,Current,Occasional,High,12101,Yes,Yes,No,Yes,Medium,4.6,Average,1
1468,46,Female,Typical Angina,162,162,74,252,95,77,143,82,6.0,37.1,115,59,163,No,Normal,0.9,Flat,1,Normal,Never,Frequent,Moderate,3131,Yes,No,Yes,No,Low,8.0,Poor,0
1469,83,Male,Typical Angina,140,140,61,300,171,44,295,94,8.2,39.7,102,60,129,Yes,ST-T Abnormality,1.3,Flat,0,Fixed Defect,Former,Occasional,Low,5690,Yes,Yes,Yes,Yes,Medium,4.8,Poor,1
1470,33,Female,Atypical Angina,100,100,71,207,77,61,186,107,5.9,24.1,108,61,175,No,ST-T Abnormality,1.5,Downsloping,3,Reversible Defect,Former,Never,Moderate,3366,Yes,No,No,Yes,High,8.5,Average,0
1471,46,Female,Asymptomatic,101,101,60,259,110,76,83,101,9.1,21.4,90,81,182,Yes,Normal,0.6,Flat,4,Normal,Former,Occasional,Low,10888,Yes,No,No,No,Medium,4.9,Good,0
1472,28,Male,Asymptomatic,173,173,80,216,87,75,269,104,8.6,39.1,114,94,182,No,ST-T Abnormality,1.7,Flat,1,Fixed Defect,Never,Frequent,Low,9160,No,No,Yes,Yes,Medium,5.7,Good,1
1473,67,Female,Non-anginal Pain,149,149,97,265,172,46,288,113,8.9,21.3,117,71,142,No,LVH,0.0,Upsloping,3,Fixed Defect,Never,Occasional,Low,3791,Yes,No,Yes,No,High,7.0,Poor,1
1474,73,Male,Asymptomatic,105,105,95,308,154,52,287,121,9.0,26.1,86,65,145,No,ST-T Abnormality,1.2,Downsloping,4,Fixed Defect,Former,Never,Moderate,6898,No,No,No,Yes,High,8.9,Average,0
1475,43,Female,Asymptomatic,115,115,74,197,81,34,200,112,8.9,28.9,130,83,166,No,ST-T Abnormality,0.0,Upsloping,1,Fixed Defect,Never,Never,Moderate,6174,Yes,No,No,No,High,7.0,Good,0
1476,39,Female,Asymptomatic,105,105,87,189,90,58,190,99,8.0,21.3,84,89,189,No,LVH,2.1,Downsloping,1,Reversible Defect,Current,Occasional,Moderate,8413,No,No,Yes,Yes,High,4.7,Average,1
1477,40,Female,Non-anginal Pain,168,168,60,293,187,52,162,138,6.9,35.2,103,55,176,No,LVH,0.6,Flat,2,Fixed Defect,Former,Occasional,Low,2749,No,No,Yes,No,Medium,5.1,Poor,1
1478,45,Male,Atypical Angina,120,120,88,231,108,37,120,134,9.3,30.2,99,66,162,No,ST-T Abnormality,1.0,Downsloping,3,Normal,Never,Frequent,Low,13106,Yes,Yes,No,Yes,High,8.0,Average,1
1479,59,Female,Asymptomatic,122,122,102,290,208,31,94,175,4.9,33.1,105,65,161,No,LVH,1.3,Upsloping,1,Normal,Former,Occasional,High,10042,Yes,No,No,Yes,Medium,8.4,Poor,0
1480,31,Female,Asymptomatic,140,140,67,282,160,69,250,132,5.5,33.8,106,80,185,No,ST-T Abnormality,0.9,Flat,0,Reversible Defect,Never,Occasional,Moderate,14225,Yes,No,No,No,Low,5.1,Average,0
1481,56,Female,Atypical Angina,105,105,95,286,153,47,280,163,8.9,29.3,101,56,162,No,Normal,2.3,Downsloping,3,Normal,Never,Frequent,Low,6710,Yes,Yes,Yes,Yes,Low,7.4,Average,1
1482,74,Female,Asymptomatic,100,100,77,301,214,44,70,170,7.3,29.9,114,82,155,Yes,LVH,1.3,Flat,2,Normal,Current,Occasional,Low,6520,Yes,No,No,No,Medium,7.3,Poor,1
1483,61,Female,Asymptomatic,133,133,90,303,211,45,137,127,5.3,28.3,82,55,165,No,Normal,1.0,Downsloping,3,Normal,Current,Occasional,Moderate,12331,Yes,No,Yes,Yes,High,7.0,Average,1
1484,87,Female,Typical Angina,103,103,84,256,116,61,183,100,6.4,24.6,84,65,127,Yes,Normal,1.2,Upsloping,2,Fixed Defect,Current,Frequent,Moderate,4294,No,Yes,No,Yes,Medium,8.3,Poor,1
1485,39,Male,Non-anginal Pain,101,101,106,348,191,73,92,145,4.9,25.2,117,78,188,Yes,Normal,2.3,Flat,0,Normal,Current,Never,Moderate,2361,Yes,No,Yes,No,Medium,7.3,Poor,1
1486,60,Female,Non-anginal Pain,179,179,69,261,109,60,200,139,8.7,19.5,82,79,153,No,Normal,0.0,Downsloping,4,Normal,Current,Frequent,Low,8056,Yes,No,No,Yes,High,4.7,Poor,1
1487,71,Female,Atypical Angina,126,126,99,245,101,43,169,154,6.1,22.4,82,74,140,Yes,ST-T Abnormality,0.4,Flat,0,Normal,Never,Occasional,High,7733,Yes,No,Yes,Yes,High,5.9,Good,0
1488,65,Female,Asymptomatic,137,137,84,322,219,50,228,150,7.5,26.2,126,99,158,No,ST-T Abnormality,0.2,Upsloping,0,Normal,Never,Frequent,High,14446,Yes,No,No,Yes,Low,4.5,Poor,0
1489,51,Male,Typical Angina,118,118,80,309,215,54,76,179,6.3,35.9,119,56,160,No,LVH,0.6,Flat,2,Fixed Defect,Current,Occasional,Low,10439,No,No,No,No,Low,8.2,Good,1
1490,44,Female,Atypical Angina,164,164,61,313,179,42,285,151,8.4,18.9,79,77,180,No,Normal,0.2,Upsloping,3,Normal,Current,Frequent,Moderate,9543,Yes,No,No,Yes,High,8.1,Good,1
1491,46,Female,Atypical Angina,100,100,96,262,171,38,205,167,5.6,28.2,111,87,163,No,LVH,1.7,Upsloping,3,Fixed Defect,Never,Frequent,Moderate,11404,No,Yes,No,Yes,Low,6.2,Average,1
1492,89,Male,Typical Angina,134,134,84,313,164,40,243,137,7.6,37.3,80,75,125,No,LVH,0.0,Flat,3,Normal,Never,Frequent,High,12013,No,Yes,No,No,Low,5.5,Poor,1
1493,32,Male,Atypical Angina,158,158,95,289,136,46,119,112,6.8,23.8,120,91,197,No,ST-T Abnormality,1.4,Downsloping,4,Fixed Defect,Current,Frequent,Moderate,9501,Yes,No,No,No,Low,5.3,Poor,0
1494,33,Male,Typical Angina,128,128,100,355,217,60,285,169,5.8,27.3,103,56,181,No,Normal,0.4,Downsloping,4,Fixed Defect,Never,Frequent,Moderate,5951,No,No,No,Yes,Low,6.4,Good,0
1495,88,Male,Non-anginal Pain,156,156,72,260,95,45,169,97,6.1,24.3,108,100,140,No,LVH,2.5,Flat,3,Reversible Defect,Current,Occasional,Moderate,6034,Yes,No,Yes,Yes,Medium,8.9,Poor,1
1496,82,Male,Non-anginal Pain,139,139,60,243,104,32,299,81,8.4,33.9,91,83,132,No,ST-T Abnormality,3.5,Flat,3,Fixed Defect,Former,Occasional,Moderate,8327,Yes,Yes,No,Yes,High,7.3,Average,1
1497,90,Female,Asymptomatic,142,142,95,258,146,39,111,97,9.4,36.5,96,82,128,No,ST-T Abnormality,0.2,Downsloping,0,Fixed Defect,Current,Never,Moderate,9101,Yes,No,Yes,Yes,Medium,9.0,Average,1
1498,38,Male,Asymptomatic,130,130,99,337,207,63,161,162,8.9,29.4,97,63,167,Yes,LVH,0.4,Downsloping,4,Reversible Defect,Never,Occasional,Moderate,5059,No,No,No,No,Low,4.8,Average,1
1499,76,Female,Typical Angina,174,174,70,244,90,75,83,173,5.2,28.9,122,81,150,No,ST-T Abnormality,1.1,Flat,3,Fixed Defect,Current,Occasional,Low,12431,Yes,No,Yes,No,Low,5.8,Poor,1
1500,35,Male,Non-anginal Pain,139,139,106,284,152,49,288,131,5.4,19.0,117,70,194,Yes,ST-T Abnormality,1.1,Downsloping,3,Fixed Defect,Current,Frequent,Moderate,13319,Yes,Yes,No,Yes,High,5.9,Good,1
1501,41,Female,Typical Angina,125,125,70,256,120,33,184,87,7.7,32.6,113,61,176,No,LVH,0.0,Flat,3,Normal,Current,Never,Moderate,10104,Yes,No,No,Yes,High,8.6,Poor,1
1502,43,Female,Non-anginal Pain,131,131,79,329,177,80,180,166,8.0,18.7,92,91,167,No,Normal,2.4,Flat,3,Normal,Never,Occasional,Moderate,10177,No,Yes,No,No,Low,4.9,Average,1
1503,26,Male,Typical Angina,143,143,82,377,210,64,136,172,5.1,29.2,92,93,184,No,ST-T Abnormality,0.3,Upsloping,1,Reversible Defect,Never,Frequent,High,14853,Yes,No,No,Yes,Low,8.1,Poor,0
1504,76,Female,Non-anginal Pain,137,137,101,330,196,59,158,166,6.9,34.0,97,73,147,Yes,ST-T Abnormality,1.2,Downsloping,1,Reversible Defect,Former,Frequent,High,6626,Yes,Yes,No,No,Medium,8.7,Poor,1
1505,58,Female,Typical Angina,113,113,96,320,200,43,216,136,7.4,33.8,88,55,159,No,Normal,2.4,Downsloping,0,Reversible Defect,Current,Never,High,11485,Yes,No,No,Yes,Medium,7.4,Poor,1
1506,40,Male,Asymptomatic,136,136,93,224,82,79,215,91,6.5,29.1,124,92,188,Yes,LVH,0.3,Downsloping,2,Fixed Defect,Current,Never,Moderate,6333,No,No,No,No,Medium,8.8,Good,1
1507,43,Male,Atypical Angina,153,153,101,180,76,62,152,137,7.3,24.3,120,68,185,No,LVH,1.3,Flat,2,Fixed Defect,Current,Frequent,Moderate,2336,No,No,No,Yes,High,7.8,Poor,0
1508,44,Male,Atypical Angina,110,110,80,271,94,72,266,139,7.8,19.6,99,71,178,No,Normal,2.1,Flat,4,Normal,Never,Occasional,Moderate,2463,No,Yes,Yes,Yes,High,6.2,Good,1
1509,27,Female,Typical Angina,116,116,87,275,135,75,135,174,7.1,38.5,100,76,189,Yes,LVH,2.3,Downsloping,4,Reversible Defect,Never,Frequent,Low,5958,No,No,No,No,Medium,7.5,Poor,1
1510,49,Female,Non-anginal Pain,113,113,103,283,162,47,253,152,5.5,36.4,80,92,164,No,ST-T Abnormality,0.9,Upsloping,4,Reversible Defect,Never,Frequent,Moderate,2292,Yes,Yes,No,No,Medium,5.0,Good,1
1511,65,Male,Atypical Angina,142,142,107,318,196,36,88,165,5.8,28.6,89,69,159,No,ST-T Abnormality,2.5,Flat,4,Fixed Defect,Former,Never,Moderate,12096,No,Yes,No,Yes,Medium,6.2,Good,1
1512,31,Male,Typical Angina,172,172,82,345,178,49,266,80,6.4,20.5,110,88,178,No,Normal,1.8,Flat,3,Normal,Never,Frequent,Moderate,12679,Yes,Yes,Yes,No,Low,4.9,Good,1
1513,25,Female,Asymptomatic,159,159,100,300,113,76,115,130,9.1,37.8,113,91,184,Yes,LVH,2.9,Flat,2,Fixed Defect,Never,Never,Moderate,3455,Yes,No,No,No,Low,7.5,Poor,0
1514,87,Male,Asymptomatic,132,132,101,298,149,71,238,114,6.3,36.9,113,93,135,No,LVH,0.0,Downsloping,0,Fixed Defect,Former,Never,Moderate,12370,No,Yes,Yes,Yes,High,5.8,Good,1
1515,43,Female,Typical Angina,100,100,101,320,175,63,235,95,8.5,27.8,130,83,186,No,Normal,2.2,Upsloping,2,Reversible Defect,Former,Frequent,High,9119,No,No,No,Yes,Low,6.6,Good,0
1516,38,Female,Non-anginal Pain,148,148,110,327,174,55,70,178,5.2,24.1,81,55,190,No,ST-T Abnormality,2.0,Downsloping,0,Fixed Defect,Current,Occasional,Low,9431,No,No,No,No,Medium,6.2,Good,1
1517,75,Female,Atypical Angina,143,143,60,229,147,35,226,180,6.2,34.4,125,82,139,No,ST-T Abnormality,2.9,Downsloping,1,Normal,Former,Never,Moderate,7089,No,No,No,Yes,Medium,8.3,Average,1
1518,67,Male,Typical Angina,121,121,94,278,122,79,232,133,5.5,36.7,82,93,163,No,Normal,1.4,Downsloping,4,Reversible Defect,Current,Occasional,Low,3825,No,No,Yes,Yes,Medium,5.0,Poor,1
1519,80,Female,Asymptomatic,134,134,67,267,154,66,225,135,8.0,20.7,76,62,136,No,LVH,0.0,Downsloping,3,Fixed Defect,Current,Occasional,Moderate,9260,Yes,No,Yes,No,High,4.7,Average,1
1520,59,Female,Atypical Angina,169,169,93,238,74,62,135,179,5.8,36.2,92,74,149,No,LVH,0.3,Flat,4,Reversible Defect,Current,Frequent,Moderate,8417,No,No,Yes,Yes,Medium,8.9,Good,1
1521,48,Male,Asymptomatic,142,142,97,301,153,46,185,99,8.2,18.3,75,77,182,Yes,Normal,3.2,Flat,1,Fixed Defect,Current,Occasional,Low,14529,Yes,No,Yes,No,Low,6.9,Good,1
1522,48,Female,Non-anginal Pain,157,157,65,241,100,71,241,161,5.6,34.6,121,81,157,No,Normal,1.1,Downsloping,4,Normal,Former,Occasional,High,11339,No,No,No,Yes,Medium,8.9,Poor,0
1523,53,Male,Non-anginal Pain,102,102,61,299,131,54,158,167,8.6,37.4,74,72,163,No,ST-T Abnormality,0.7,Upsloping,2,Reversible Defect,Never,Never,Moderate,12096,No,No,Yes,Yes,Medium,7.0,Poor,1
1524,34,Male,Asymptomatic,154,154,93,298,179,73,299,161,6.8,27.5,116,59,187,No,ST-T Abnormality,2.7,Upsloping,0,Normal,Never,Occasional,Moderate,14439,No,No,No,Yes,High,5.8,Poor,0
1525,77,Female,Asymptomatic,101,101,76,325,211,39,115,116,9.5,19.1,72,94,133,No,Normal,0.9,Upsloping,2,Normal,Former,Never,High,7988,Yes,No,Yes,No,Low,6.5,Good,1
1526,80,Male,Atypical Angina,178,178,77,260,137,71,162,89,7.6,35.0,72,92,139,No,Normal,0.0,Upsloping,1,Normal,Former,Occasional,Moderate,5807,Yes,No,No,No,High,8.3,Poor,0
1527,81,Female,Non-anginal Pain,122,122,75,273,112,57,207,180,5.7,33.3,85,94,128,No,LVH,1.2,Downsloping,2,Normal,Former,Never,High,3977,No,No,No,No,Medium,6.3,Average,0
1528,37,Female,Asymptomatic,126,126,90,269,164,45,132,95,7.0,37.1,127,78,193,No,Normal,0.4,Flat,1,Normal,Current,Frequent,Moderate,13753,Yes,Yes,No,Yes,Medium,5.6,Good,1
1529,43,Male,Non-anginal Pain,121,121,95,325,180,50,153,178,6.3,34.3,103,55,172,Yes,Normal,1.2,Flat,3,Reversible Defect,Former,Never,Moderate,12045,No,No,No,Yes,Medium,8.4,Good,0
1530,45,Female,Atypical Angina,120,120,100,310,185,31,204,87,6.5,22.1,104,95,174,No,Normal,1.4,Downsloping,3,Normal,Current,Occasional,Moderate,4352,Yes,No,No,Yes,Medium,9.0,Average,1
1531,27,Male,Atypical Angina,136,136,88,226,125,49,92,110,9.4,19.9,107,85,193,No,LVH,1.9,Downsloping,3,Fixed Defect,Current,Never,Moderate,10601,Yes,No,Yes,No,Low,6.8,Good,0
1532,34,Male,Non-anginal Pain,146,146,72,317,169,51,155,94,5.5,33.5,90,96,181,No,ST-T Abnormality,0.2,Upsloping,3,Normal,Current,Never,High,2197,Yes,No,No,No,Medium,8.2,Good,0
1533,59,Male,Non-anginal Pain,105,105,106,242,89,65,168,164,8.8,30.9,82,82,153,No,LVH,0.4,Downsloping,2,Normal,Never,Frequent,Low,4308,Yes,No,Yes,No,Low,8.9,Good,1
1534,73,Male,Asymptomatic,131,131,86,222,97,78,223,122,7.9,24.7,111,96,151,No,ST-T Abnormality,0.1,Upsloping,2,Fixed Defect,Current,Frequent,High,2566,No,Yes,No,No,Low,5.1,Average,1
1535,46,Male,Asymptomatic,167,167,64,289,168,78,269,132,7.2,32.9,102,60,184,No,LVH,0.9,Flat,1,Reversible Defect,Current,Frequent,Moderate,10283,No,No,No,No,Medium,5.4,Average,1
1536,42,Male,Typical Angina,171,171,110,319,196,56,245,144,5.1,36.5,89,69,164,No,Normal,2.8,Downsloping,4,Fixed Defect,Current,Frequent,Moderate,5943,Yes,No,No,No,High,8.9,Average,1
1537,73,Female,Typical Angina,135,135,89,381,204,77,110,129,6.5,21.9,114,65,138,Yes,ST-T Abnormality,3.2,Flat,0,Fixed Defect,Current,Never,Low,5558,Yes,No,No,Yes,High,5.5,Poor,1
1538,34,Female,Non-anginal Pain,167,167,94,246,105,61,226,101,4.9,29.6,83,90,194,No,Normal,0.6,Flat,4,Normal,Never,Occasional,Moderate,7637,Yes,No,No,No,Low,8.4,Poor,0
1539,38,Male,Typical Angina,123,123,108,263,87,59,89,107,7.9,30.6,72,75,190,Yes,Normal,1.6,Upsloping,1,Reversible Defect,Never,Frequent,High,11175,Yes,No,No,No,Low,4.8,Average,0
1540,74,Female,Typical Angina,104,104,100,227,106,61,285,106,8.0,19.8,126,73,145,Yes,ST-T Abnormality,0.7,Upsloping,4,Normal,Never,Never,Moderate,7937,Yes,No,No,Yes,Medium,7.7,Average,1
1541,41,Female,Atypical Angina,104,104,83,232,100,61,77,155,6.7,39.4,82,97,187,No,Normal,1.6,Downsloping,1,Normal,Former,Occasional,Moderate,2001,No,Yes,No,No,Low,7.4,Poor,0
1542,68,Female,Typical Angina,135,135,72,356,202,53,249,81,4.9,27.1,105,69,143,Yes,ST-T Abnormality,1.1,Upsloping,2,Fixed Defect,Never,Never,Moderate,13168,No,Yes,No,No,Medium,4.7,Good,1
1543,64,Female,Asymptomatic,132,132,109,231,74,44,143,162,5.6,29.4,76,95,155,No,LVH,0.2,Upsloping,2,Reversible Defect,Never,Frequent,High,2348,Yes,No,Yes,Yes,Low,4.5,Average,0
1544,69,Male,Atypical Angina,104,104,89,243,98,61,188,140,7.8,31.2,121,76,158,No,Normal,2.4,Flat,4,Fixed Defect,Never,Never,Low,8413,Yes,No,No,Yes,High,7.4,Good,1
1545,61,Male,Typical Angina,121,121,60,393,212,78,297,83,8.7,34.1,94,64,169,No,LVH,2.5,Flat,3,Normal,Former,Occasional,Moderate,9993,No,No,Yes,No,Low,5.6,Poor,1
1546,85,Male,Atypical Angina,147,147,82,312,145,53,299,82,9.4,33.1,116,55,128,No,LVH,1.0,Flat,0,Fixed Defect,Never,Occasional,Low,5207,No,No,Yes,No,Medium,5.1,Average,0
1547,42,Female,Typical Angina,141,141,63,316,203,40,108,105,6.8,22.5,98,96,172,Yes,ST-T Abnormality,0.8,Upsloping,3,Fixed Defect,Current,Never,Low,14850,No,No,Yes,Yes,Low,5.3,Poor,1
1548,67,Female,Asymptomatic,123,123,94,304,185,56,243,84,5.3,38.0,85,56,145,No,ST-T Abnormality,0.0,Downsloping,0,Normal,Never,Occasional,Moderate,14637,No,Yes,No,Yes,High,5.0,Poor,1
1549,51,Male,Non-anginal Pain,154,154,101,363,209,40,168,115,8.2,34.6,123,97,168,No,ST-T Abnormality,2.6,Flat,3,Fixed Defect,Former,Occasional,Low,11093,No,No,Yes,No,Low,6.0,Poor,1
1550,58,Female,Atypical Angina,174,174,96,326,133,80,201,135,5.4,19.3,79,64,161,No,LVH,2.4,Flat,0,Reversible Defect,Current,Occasional,High,14529,Yes,No,No,No,Low,6.9,Poor,0
1551,66,Female,Atypical Angina,115,115,94,337,174,51,267,85,8.8,21.1,91,62,146,No,Normal,0.0,Upsloping,1,Fixed Defect,Former,Occasional,Moderate,5593,Yes,Yes,No,Yes,Low,5.5,Good,0
1552,62,Male,Asymptomatic,102,102,81,208,86,67,160,142,6.2,20.3,128,55,153,No,ST-T Abnormality,0.9,Flat,4,Reversible Defect,Current,Occasional,Moderate,2401,No,No,No,Yes,Medium,5.6,Average,1
1553,80,Female,Asymptomatic,152,152,91,315,151,77,116,174,6.7,22.6,80,82,131,No,LVH,2.4,Flat,4,Normal,Current,Never,High,6333,Yes,No,Yes,No,Low,5.4,Good,1
1554,35,Male,Atypical Angina,139,139,72,240,137,34,269,144,6.9,25.2,121,56,181,No,LVH,0.5,Downsloping,1,Normal,Current,Frequent,Low,12372,No,No,No,Yes,Medium,8.1,Good,0
1555,36,Male,Atypical Angina,127,127,89,261,131,58,143,89,5.7,28.4,125,70,177,Yes,LVH,1.3,Flat,2,Reversible Defect,Never,Never,Low,9167,Yes,Yes,No,No,Low,4.8,Good,1
1556,61,Female,Non-anginal Pain,144,144,79,342,193,80,176,119,6.9,26.4,129,62,161,No,Normal,1.6,Upsloping,2,Reversible Defect,Never,Never,Moderate,14753,No,No,Yes,No,High,5.3,Average,0
1557,54,Female,Asymptomatic,124,124,62,292,138,44,165,135,4.8,32.0,103,62,167,No,Normal,0.4,Downsloping,0,Fixed Defect,Former,Never,High,10327,Yes,Yes,No,Yes,Medium,5.8,Average,0
1558,48,Male,Typical Angina,155,155,72,335,209,59,104,177,5.5,27.5,117,60,174,No,Normal,2.1,Downsloping,0,Reversible Defect,Never,Never,High,7005,No,No,Yes,Yes,High,5.5,Good,1
1559,54,Female,Atypical Angina,125,125,95,294,117,76,297,169,5.6,30.5,101,99,163,No,LVH,2.9,Downsloping,3,Normal,Former,Frequent,Low,3231,No,No,Yes,No,Low,7.5,Poor,1
1560,71,Male,Typical Angina,139,139,64,280,131,45,109,145,7.1,18.8,108,85,135,No,Normal,2.4,Flat,3,Normal,Former,Occasional,Moderate,13320,No,Yes,Yes,Yes,Low,6.0,Poor,1
1561,56,Male,Atypical Angina,142,142,100,303,126,68,235,146,5.3,27.2,97,91,167,No,LVH,2.9,Flat,1,Normal,Former,Frequent,Low,7188,Yes,No,Yes,No,High,6.8,Poor,0
1562,56,Male,Typical Angina,120,120,74,237,91,51,86,166,7.5,18.9,94,58,152,No,ST-T Abnormality,1.2,Upsloping,4,Normal,Former,Occasional,Low,13530,Yes,Yes,Yes,Yes,High,8.5,Poor,1
1563,57,Female,Asymptomatic,116,116,78,292,121,78,249,88,7.1,27.6,84,90,159,No,Normal,0.9,Flat,3,Fixed Defect,Never,Occasional,High,2415,No,No,No,Yes,High,8.4,Good,0
1564,67,Male,Asymptomatic,152,152,97,288,191,48,132,166,6.0,33.5,117,90,155,No,ST-T Abnormality,1.8,Flat,3,Normal,Former,Frequent,Moderate,6462,No,No,No,Yes,Medium,6.7,Average,0
1565,88,Female,Asymptomatic,124,124,88,257,88,64,79,116,5.4,30.4,87,73,133,No,ST-T Abnormality,0.6,Upsloping,4,Normal,Never,Occasional,Low,8388,No,No,Yes,Yes,Low,5.0,Average,1
1566,47,Female,Non-anginal Pain,129,129,88,213,97,76,70,108,8.7,35.4,102,81,177,No,LVH,1.0,Upsloping,4,Fixed Defect,Never,Never,Moderate,10042,No,No,No,Yes,High,5.2,Good,0
1567,26,Female,Typical Angina,164,164,73,321,188,30,112,166,7.0,25.0,93,94,179,Yes,LVH,1.7,Flat,2,Normal,Never,Occasional,High,2701,Yes,No,Yes,No,Medium,6.5,Average,1
1568,65,Female,Atypical Angina,143,143,85,308,196,72,203,171,7.7,24.6,123,58,155,No,ST-T Abnormality,1.5,Upsloping,3,Normal,Former,Frequent,High,8631,Yes,No,No,Yes,High,6.4,Average,0
1569,39,Female,Typical Angina,151,151,61,236,90,58,200,90,6.2,37.3,84,99,186,No,LVH,0.9,Flat,3,Reversible Defect,Former,Occasional,Low,7376,No,No,No,No,Medium,5.7,Poor,0
1570,74,Male,Asymptomatic,180,180,79,328,204,64,166,172,5.0,23.9,115,93,134,No,LVH,0.3,Downsloping,3,Normal,Never,Frequent,Low,9639,No,No,Yes,Yes,Medium,5.0,Good,1
1571,27,Male,Atypical Angina,115,115,96,271,105,77,295,82,7.6,27.2,114,70,189,No,ST-T Abnormality,1.6,Flat,4,Normal,Never,Never,Moderate,13247,Yes,No,No,Yes,Low,5.7,Good,0
1572,66,Female,Asymptomatic,171,171,91,301,157,55,159,137,8.9,36.3,82,63,157,Yes,ST-T Abnormality,0.8,Downsloping,1,Normal,Current,Frequent,Moderate,13157,No,No,No,Yes,Low,5.8,Poor,1
1573,76,Female,Non-anginal Pain,116,116,77,254,121,77,154,179,6.9,28.0,77,93,142,No,Normal,0.0,Upsloping,3,Reversible Defect,Former,Occasional,High,7480,No,No,No,Yes,Low,6.9,Good,0
1574,60,Female,Asymptomatic,115,115,75,314,173,66,285,144,7.6,22.5,107,98,158,No,ST-T Abnormality,1.5,Downsloping,2,Normal,Never,Frequent,Moderate,14550,No,No,No,No,Low,7.0,Poor,0
1575,63,Male,Non-anginal Pain,136,136,110,258,143,69,157,172,5.5,29.9,105,73,159,No,ST-T Abnormality,1.3,Upsloping,1,Normal,Current,Frequent,High,7473,No,Yes,No,No,High,5.2,Average,1
1576,60,Male,Atypical Angina,130,130,88,228,134,54,150,132,7.3,28.0,108,89,165,No,LVH,1.5,Downsloping,0,Normal,Never,Frequent,Low,2304,No,No,No,No,Medium,6.6,Good,0
1577,85,Female,Typical Angina,157,157,99,254,114,50,265,141,8.5,18.6,74,85,123,No,LVH,1.5,Flat,1,Normal,Former,Occasional,High,8658,No,Yes,No,No,Low,6.3,Poor,0
1578,53,Female,Asymptomatic,178,178,93,290,174,38,171,126,8.6,22.6,87,81,168,Yes,LVH,0.0,Flat,2,Fixed Defect,Current,Never,Low,14742,No,No,Yes,Yes,Medium,5.8,Poor,1
1579,57,Female,Typical Angina,109,109,104,323,208,71,272,166,7.6,24.3,122,66,157,No,Normal,3.0,Flat,1,Normal,Never,Occasional,Low,7264,Yes,Yes,No,No,High,6.1,Good,0
1580,79,Female,Non-anginal Pain,117,117,79,252,92,80,233,138,6.3,31.2,114,55,143,No,ST-T Abnormality,0.0,Downsloping,0,Normal,Never,Occasional,Low,8932,No,Yes,Yes,Yes,High,8.1,Average,1
1581,82,Male,Asymptomatic,111,111,95,230,149,39,253,165,9.2,35.7,126,72,140,No,LVH,0.0,Downsloping,0,Fixed Defect,Never,Never,High,13982,No,Yes,No,No,Low,4.6,Poor,0
1582,64,Male,Non-anginal Pain,127,127,76,284,174,53,179,175,5.1,32.0,122,95,153,No,LVH,2.0,Upsloping,2,Normal,Current,Frequent,Moderate,6594,No,No,No,No,High,5.3,Average,1
1583,63,Male,Atypical Angina,138,138,103,322,200,68,253,135,5.4,19.7,104,68,157,No,LVH,0.2,Flat,2,Reversible Defect,Former,Frequent,Low,2038,No,No,No,Yes,Low,8.0,Good,1
1584,61,Female,Atypical Angina,179,179,65,335,188,73,241,113,5.0,35.5,92,87,146,No,LVH,2.8,Flat,2,Fixed Defect,Current,Occasional,High,13672,No,No,Yes,Yes,Low,4.8,Good,1
1585,27,Female,Non-anginal Pain,119,119,81,291,125,70,265,156,8.5,20.4,87,70,178,Yes,Normal,2.1,Downsloping,3,Normal,Never,Frequent,Moderate,7249,No,No,No,Yes,Low,7.1,Poor,1
1586,51,Male,Atypical Angina,174,174,61,188,73,51,260,159,5.5,30.6,94,57,172,No,Normal,2.0,Upsloping,1,Fixed Defect,Former,Frequent,Moderate,7968,No,No,Yes,No,High,9.0,Poor,0
1587,89,Female,Typical Angina,131,131,98,286,126,44,208,144,7.2,31.4,118,92,117,No,ST-T Abnormality,2.4,Downsloping,2,Fixed Defect,Current,Frequent,Moderate,5060,Yes,No,No,No,Medium,5.3,Good,1
1588,56,Female,Asymptomatic,166,166,78,347,162,70,262,117,6.4,29.4,96,80,150,No,Normal,1.8,Downsloping,0,Fixed Defect,Former,Frequent,Moderate,14229,No,Yes,No,No,Low,8.5,Poor,0
1589,82,Male,Typical Angina,170,170,62,301,154,33,273,154,9.1,38.7,126,97,144,Yes,ST-T Abnormality,0.0,Flat,1,Normal,Never,Frequent,Moderate,2341,No,No,No,No,High,5.6,Average,1
1590,49,Male,Typical Angina,130,130,100,247,73,73,100,88,5.7,18.9,118,61,163,No,Normal,3.6,Flat,4,Fixed Defect,Current,Never,High,12001,Yes,Yes,No,No,High,8.1,Average,1
1591,41,Female,Typical Angina,162,162,104,270,193,34,209,111,5.3,19.8,113,91,182,No,Normal,0.2,Upsloping,1,Reversible Defect,Never,Never,Moderate,3232,No,No,No,Yes,High,8.4,Poor,0
1592,47,Male,Asymptomatic,148,148,105,268,145,34,76,117,5.5,25.3,124,99,175,Yes,LVH,1.6,Upsloping,0,Normal,Never,Occasional,High,10040,Yes,No,No,Yes,Low,8.3,Average,0
1593,73,Female,Typical Angina,162,162,89,309,180,59,80,87,7.0,39.7,121,88,140,No,LVH,1.6,Upsloping,4,Reversible Defect,Never,Frequent,Moderate,6214,No,No,Yes,Yes,High,5.0,Poor,1
1594,83,Male,Atypical Angina,147,147,89,338,154,64,188,173,6.3,34.2,107,78,133,No,LVH,1.9,Flat,1,Fixed Defect,Former,Frequent,Moderate,3361,Yes,No,Yes,Yes,High,8.2,Average,1
1595,61,Female,Typical Angina,127,127,61,239,124,42,170,178,7.0,24.9,91,71,150,No,ST-T Abnormality,2.0,Flat,0,Fixed Defect,Never,Never,Moderate,13614,No,Yes,Yes,No,High,4.9,Average,1
1596,51,Male,Asymptomatic,144,144,92,218,121,33,245,111,8.9,25.5,104,65,177,No,Normal,2.8,Downsloping,1,Fixed Defect,Never,Frequent,High,12440,Yes,Yes,No,No,High,4.9,Poor,0
1597,72,Male,Typical Angina,111,111,66,304,188,60,287,164,8.9,24.7,96,63,144,Yes,ST-T Abnormality,0.8,Upsloping,4,Fixed Defect,Never,Never,Moderate,3396,No,No,Yes,Yes,Medium,6.7,Good,1
1598,82,Male,Non-anginal Pain,139,139,66,320,180,47,215,122,5.7,19.6,99,73,133,No,ST-T Abnormality,1.5,Upsloping,2,Fixed Defect,Never,Never,Moderate,7202,No,No,Yes,No,Medium,6.9,Good,1
1599,87,Female,Typical Angina,120,120,102,268,168,32,295,158,6.5,35.8,111,96,136,No,Normal,1.2,Downsloping,2,Fixed Defect,Never,Frequent,Moderate,3256,No,Yes,No,Yes,High,7.2,Average,1
1600,53,Male,Atypical Angina,146,146,100,262,177,34,128,179,7.2,22.9,88,96,158,No,Normal,1.0,Flat,2,Normal,Former,Frequent,Moderate,11497,Yes,No,No,No,Low,7.0,Good,0
1601,36,Female,Atypical Angina,168,168,63,263,119,31,174,111,6.3,33.8,103,77,192,No,Normal,1.7,Downsloping,2,Reversible Defect,Former,Occasional,High,9256,Yes,No,No,No,Medium,5.2,Good,0
1602,58,Male,Atypical Angina,179,179,86,231,144,45,105,130,7.3,33.5,116,73,157,No,ST-T Abnormality,3.5,Downsloping,4,Fixed Defect,Current,Never,Moderate,11896,Yes,No,Yes,No,Low,6.4,Poor,1
1603,30,Female,Asymptomatic,123,123,81,219,122,44,173,108,6.0,25.7,86,88,197,Yes,Normal,1.4,Downsloping,3,Fixed Defect,Never,Frequent,Moderate,6133,No,No,No,No,Medium,6.0,Poor,0
1604,41,Female,Non-anginal Pain,108,108,90,304,175,67,246,164,5.5,26.8,105,78,187,No,ST-T Abnormality,0.0,Flat,1,Fixed Defect,Never,Frequent,High,9442,Yes,No,No,No,Low,7.3,Average,0
1605,81,Female,Asymptomatic,138,138,67,371,206,59,207,178,5.9,33.0,92,69,132,No,LVH,2.0,Flat,0,Reversible Defect,Former,Never,Moderate,12439,Yes,No,No,No,Medium,5.1,Good,0
1606,40,Female,Typical Angina,139,139,86,336,194,57,95,117,8.0,37.2,99,61,165,No,Normal,2.0,Downsloping,0,Reversible Defect,Current,Frequent,Moderate,13149,Yes,No,No,Yes,High,6.8,Good,1
1607,55,Female,Non-anginal Pain,109,109,68,263,104,59,283,157,4.8,29.4,107,83,160,No,Normal,2.0,Downsloping,4,Fixed Defect,Current,Occasional,Moderate,6446,No,Yes,No,No,Low,8.6,Poor,1
1608,49,Male,Non-anginal Pain,151,151,76,329,214,70,145,84,5.5,35.5,106,61,162,No,Normal,0.7,Flat,3,Fixed Defect,Former,Occasional,Low,7274,Yes,No,No,No,High,5.9,Average,1
1609,41,Male,Typical Angina,170,170,60,248,175,32,133,80,4.8,38.4,129,78,171,No,Normal,1.0,Flat,4,Reversible Defect,Never,Never,Low,10948,No,No,No,No,High,5.2,Good,1
1610,44,Male,Asymptomatic,173,173,107,336,208,34,166,162,6.6,38.0,77,65,181,Yes,ST-T Abnormality,0.8,Flat,4,Normal,Never,Occasional,High,13416,Yes,No,Yes,Yes,Medium,4.5,Good,1
1611,41,Female,Atypical Angina,152,152,73,292,109,72,267,161,8.7,34.1,101,76,172,No,LVH,1.3,Downsloping,3,Fixed Defect,Current,Frequent,Moderate,7305,No,No,No,Yes,Low,7.2,Good,1
1612,54,Male,Typical Angina,133,133,85,340,201,71,297,135,5.2,25.9,108,96,170,No,Normal,2.5,Flat,4,Fixed Defect,Former,Frequent,High,9999,No,No,No,Yes,Low,7.6,Poor,0
1613,77,Male,Typical Angina,159,159,96,274,146,34,140,122,8.8,24.0,129,75,133,No,LVH,0.8,Upsloping,4,Normal,Never,Frequent,High,12092,Yes,No,No,No,High,5.2,Average,0
1614,68,Female,Typical Angina,170,170,109,233,114,56,296,143,7.9,29.8,71,88,150,No,Normal,0.7,Downsloping,4,Reversible Defect,Never,Frequent,Low,2368,No,No,No,No,Low,4.9,Average,0
1615,61,Male,Typical Angina,147,147,100,237,102,51,156,168,7.9,39.2,77,81,153,Yes,Normal,0.9,Upsloping,4,Fixed Defect,Never,Never,Moderate,6476,Yes,No,No,No,High,7.4,Good,1
1616,61,Female,Non-anginal Pain,117,117,79,232,80,55,191,168,7.1,32.9,80,99,161,No,ST-T Abnormality,0.5,Downsloping,0,Fixed Defect,Never,Occasional,Moderate,6732,No,Yes,No,No,Low,8.8,Poor,0
1617,52,Female,Non-anginal Pain,131,131,77,209,84,32,104,85,8.0,27.7,80,96,164,No,Normal,1.3,Upsloping,0,Fixed Defect,Current,Frequent,Low,9810,No,No,No,No,Low,5.5,Average,0
1618,48,Female,Asymptomatic,141,141,84,367,200,56,138,144,7.0,26.3,80,89,171,Yes,LVH,0.8,Flat,3,Fixed Defect,Never,Frequent,Low,9749,Yes,No,Yes,Yes,Low,4.7,Poor,1
1619,68,Female,Typical Angina,174,174,76,309,200,52,246,169,6.3,23.7,72,95,142,No,ST-T Abnormality,1.0,Downsloping,2,Reversible Defect,Never,Occasional,Low,5473,Yes,No,Yes,No,Low,6.4,Average,1
1620,38,Male,Typical Angina,144,144,80,352,163,71,133,162,5.5,29.5,74,91,184,Yes,LVH,2.3,Downsloping,4,Reversible Defect,Never,Occasional,Moderate,9569,Yes,No,No,Yes,High,4.5,Poor,0
1621,73,Female,Asymptomatic,100,100,97,320,137,64,216,178,6.1,33.3,86,88,147,No,LVH,0.0,Upsloping,1,Reversible Defect,Never,Occasional,Low,14706,No,No,No,No,High,8.8,Good,0
1622,52,Female,Typical Angina,140,140,93,320,187,54,272,159,6.7,19.8,90,98,177,No,Normal,2.4,Downsloping,1,Normal,Current,Frequent,Moderate,9324,Yes,No,Yes,Yes,Medium,5.4,Poor,1
1623,42,Female,Non-anginal Pain,143,143,99,362,206,78,285,92,7.8,18.4,96,78,171,No,LVH,2.2,Upsloping,2,Normal,Never,Never,Low,10126,Yes,No,No,No,Low,5.0,Good,1
1624,55,Female,Typical Angina,122,122,72,300,136,50,116,116,6.4,30.8,123,66,150,No,ST-T Abnormality,0.8,Upsloping,4,Normal,Never,Occasional,Moderate,4935,No,No,Yes,No,Low,6.0,Average,0
1625,41,Female,Non-anginal Pain,109,109,62,223,78,38,141,167,6.8,22.4,81,79,189,No,LVH,1.8,Downsloping,2,Fixed Defect,Never,Never,Moderate,6024,No,No,Yes,No,Medium,4.8,Average,1
1626,47,Female,Non-anginal Pain,144,144,66,208,92,47,256,175,8.5,18.8,89,85,179,No,LVH,0.4,Flat,3,Normal,Never,Occasional,Moderate,2840,Yes,Yes,Yes,Yes,Medium,5.8,Average,1
1627,44,Male,Atypical Angina,109,109,67,253,130,32,191,126,8.8,23.6,80,69,167,Yes,Normal,1.1,Flat,4,Normal,Current,Frequent,High,10057,Yes,No,No,No,Medium,7.0,Good,1
1628,53,Male,Non-anginal Pain,171,171,76,208,86,63,169,154,7.4,25.4,72,68,158,No,ST-T Abnormality,2.7,Downsloping,3,Fixed Defect,Former,Occasional,Moderate,13656,Yes,No,Yes,Yes,High,4.5,Good,1
1629,41,Female,Typical Angina,158,158,80,248,164,31,235,130,6.3,31.9,129,55,179,No,ST-T Abnormality,1.7,Downsloping,2,Fixed Defect,Never,Frequent,Low,13661,Yes,Yes,No,Yes,Low,5.3,Poor,1
1630,30,Female,Typical Angina,160,160,66,248,79,57,274,91,8.8,23.3,115,70,188,No,Normal,0.4,Upsloping,2,Normal,Never,Frequent,Low,8519,Yes,Yes,No,Yes,Low,5.5,Good,0
1631,77,Male,Typical Angina,176,176,69,216,104,39,76,92,5.7,23.9,98,65,144,Yes,LVH,2.1,Downsloping,0,Normal,Never,Frequent,Moderate,12801,Yes,No,Yes,No,High,5.6,Poor,1
1632,87,Male,Non-anginal Pain,152,152,71,306,167,37,174,174,7.1,33.7,94,92,135,No,ST-T Abnormality,2.4,Upsloping,4,Reversible Defect,Never,Frequent,Moderate,9443,No,Yes,Yes,No,Low,6.2,Average,1
1633,25,Male,Asymptomatic,116,116,91,231,130,54,87,142,8.3,18.0,128,67,200,No,Normal,0.6,Flat,1,Normal,Never,Frequent,High,4385,No,No,No,No,High,7.5,Good,0
1634,85,Female,Atypical Angina,135,135,87,285,198,39,205,108,5.7,37.0,116,65,126,Yes,Normal,2.2,Upsloping,1,Reversible Defect,Never,Occasional,Moderate,4893,Yes,Yes,No,Yes,Medium,7.2,Poor,1
1635,74,Male,Non-anginal Pain,135,135,79,208,80,76,169,136,8.0,28.7,103,59,151,No,LVH,1.8,Downsloping,1,Reversible Defect,Current,Never,High,11425,Yes,Yes,No,No,Low,5.8,Poor,0
1636,49,Male,Non-anginal Pain,126,126,105,356,211,76,271,159,5.2,32.1,127,88,167,No,LVH,0.9,Upsloping,4,Fixed Defect,Current,Never,High,14491,Yes,No,Yes,No,Medium,7.0,Average,1
1637,69,Male,Non-anginal Pain,101,101,60,257,116,77,198,118,6.7,29.2,99,85,161,No,ST-T Abnormality,1.5,Flat,3,Reversible Defect,Current,Frequent,Low,14340,No,No,Yes,Yes,High,7.3,Average,1
1638,56,Female,Non-anginal Pain,158,158,102,311,216,38,275,161,7.9,39.0,86,55,151,Yes,LVH,0.9,Upsloping,1,Normal,Former,Frequent,High,12943,Yes,No,Yes,No,Medium,7.8,Poor,1
1639,63,Male,Atypical Angina,140,140,96,307,215,46,285,116,8.8,21.1,90,80,158,No,Normal,1.2,Downsloping,2,Normal,Current,Never,Moderate,9047,No,No,Yes,No,High,7.8,Poor,1
1640,77,Male,Typical Angina,144,144,69,232,123,60,225,88,6.4,24.5,123,100,145,Yes,ST-T Abnormality,2.3,Downsloping,0,Normal,Former,Frequent,High,2494,No,Yes,No,Yes,High,8.9,Poor,1
1641,48,Male,Asymptomatic,159,159,63,310,142,58,230,109,5.0,39.8,112,82,168,No,LVH,0.8,Upsloping,1,Fixed Defect,Never,Frequent,Moderate,3299,Yes,Yes,No,Yes,High,4.7,Poor,0
1642,62,Female,Non-anginal Pain,161,161,79,238,96,37,135,154,5.1,29.5,73,100,150,No,LVH,0.5,Downsloping,0,Normal,Former,Occasional,High,4777,Yes,Yes,Yes,Yes,High,8.3,Average,1
1643,47,Male,Typical Angina,109,109,63,228,137,35,274,124,6.5,24.2,70,84,182,No,Normal,0.8,Upsloping,0,Fixed Defect,Current,Frequent,Low,10555,No,No,Yes,No,Low,6.2,Poor,1
1644,80,Female,Asymptomatic,151,151,61,274,158,34,191,86,8.0,39.3,74,91,139,Yes,ST-T Abnormality,3.8,Upsloping,1,Reversible Defect,Never,Occasional,Moderate,3881,Yes,No,Yes,No,Low,5.0,Good,1
1645,80,Male,Asymptomatic,104,104,85,219,119,46,151,124,5.8,37.0,124,61,130,No,LVH,1.3,Upsloping,2,Fixed Defect,Never,Never,Moderate,10179,Yes,No,Yes,Yes,Low,4.5,Poor,1
1646,66,Male,Atypical Angina,155,155,106,246,75,65,151,178,9.2,30.0,122,57,141,No,Normal,1.2,Flat,4,Normal,Current,Never,Low,13012,Yes,No,Yes,Yes,Low,8.2,Good,1
1647,37,Female,Non-anginal Pain,175,175,68,314,185,75,257,89,6.4,35.0,107,97,171,No,ST-T Abnormality,0.4,Downsloping,3,Normal,Former,Occasional,Low,6336,Yes,Yes,No,No,High,6.0,Poor,1
1648,44,Female,Atypical Angina,170,170,64,302,170,57,248,139,5.5,27.4,87,60,185,No,Normal,0.3,Upsloping,1,Reversible Defect,Former,Occasional,Moderate,10072,No,No,No,No,High,6.8,Good,0
1649,74,Female,Atypical Angina,178,178,110,271,134,33,94,125,6.9,28.1,81,69,136,No,Normal,0.8,Downsloping,1,Normal,Former,Frequent,High,6078,No,Yes,No,No,Low,8.2,Average,0
1650,45,Male,Asymptomatic,148,148,101,229,99,73,220,134,8.4,19.8,75,80,184,No,Normal,0.0,Downsloping,4,Fixed Defect,Former,Never,High,13033,Yes,No,No,Yes,High,7.1,Good,0
1651,86,Female,Asymptomatic,176,176,101,279,122,43,72,171,6.4,37.8,71,77,143,No,LVH,0.8,Downsloping,3,Normal,Current,Frequent,Moderate,2604,No,Yes,Yes,Yes,High,7.2,Good,1
1652,52,Male,Non-anginal Pain,147,147,87,315,199,32,286,96,6.0,27.2,96,73,169,No,Normal,0.0,Flat,4,Normal,Former,Occasional,Moderate,2210,Yes,No,Yes,Yes,Medium,6.3,Good,0
1653,40,Male,Typical Angina,101,101,75,367,203,46,266,141,6.8,34.3,91,63,188,No,ST-T Abnormality,0.9,Upsloping,0,Reversible Defect,Former,Frequent,Moderate,14946,Yes,No,No,No,Low,8.2,Average,0
1654,50,Male,Typical Angina,106,106,105,265,115,69,120,154,5.1,25.3,97,89,173,No,ST-T Abnormality,3.1,Flat,3,Reversible Defect,Former,Occasional,Low,9243,No,No,No,No,Medium,8.8,Poor,0
1655,66,Male,Atypical Angina,163,163,60,246,121,68,196,149,5.2,37.5,70,88,161,Yes,Normal,0.9,Upsloping,0,Normal,Current,Frequent,Moderate,4347,Yes,Yes,No,Yes,Low,5.7,Poor,1
1656,76,Male,Asymptomatic,114,114,85,371,206,80,138,156,5.0,31.1,84,80,152,No,LVH,1.3,Flat,3,Reversible Defect,Never,Frequent,Moderate,13568,No,No,No,Yes,Medium,8.8,Poor,1
1657,41,Male,Non-anginal Pain,121,121,106,248,157,47,254,122,7.5,39.7,127,79,189,No,Normal,1.8,Downsloping,3,Reversible Defect,Never,Frequent,Low,7194,No,No,No,No,Medium,8.4,Good,0
1658,52,Male,Typical Angina,122,122,74,195,86,64,147,118,6.0,32.7,116,89,169,No,LVH,2.5,Upsloping,3,Reversible Defect,Never,Frequent,Moderate,14587,No,No,Yes,Yes,Medium,8.0,Good,0
1659,29,Male,Atypical Angina,113,113,93,305,183,55,143,155,5.6,29.3,101,100,195,No,LVH,1.8,Flat,0,Normal,Current,Never,Moderate,6839,No,No,No,Yes,Medium,4.8,Poor,0
1660,39,Female,Non-anginal Pain,154,154,80,211,92,31,164,133,6.5,28.8,78,87,172,No,LVH,2.4,Upsloping,1,Reversible Defect,Current,Occasional,Moderate,6104,Yes,No,No,No,High,5.8,Average,1
1661,27,Male,Typical Angina,177,177,108,277,134,54,105,157,8.1,37.4,120,56,187,Yes,ST-T Abnormality,1.1,Upsloping,3,Normal,Current,Frequent,Low,11107,Yes,No,No,Yes,Medium,7.5,Poor,1
1662,27,Female,Atypical Angina,163,163,93,326,144,75,131,115,8.6,18.4,74,82,200,Yes,Normal,2.6,Downsloping,0,Reversible Defect,Never,Never,Low,11877,No,No,No,No,Medium,7.9,Good,0
1663,51,Male,Non-anginal Pain,103,103,89,271,148,39,281,166,5.1,35.1,115,74,172,No,Normal,2.4,Flat,4,Reversible Defect,Former,Occasional,High,9327,No,No,Yes,No,Medium,4.5,Average,1
1664,49,Female,Non-anginal Pain,150,150,88,224,85,71,116,112,7.0,28.7,75,68,175,No,ST-T Abnormality,2.6,Upsloping,0,Fixed Defect,Current,Frequent,Moderate,5668,Yes,No,No,No,Medium,6.4,Poor,0
1665,60,Male,Non-anginal Pain,157,157,103,306,183,63,292,130,4.9,39.1,101,78,147,No,LVH,1.7,Flat,0,Normal,Never,Frequent,Moderate,8190,No,Yes,Yes,Yes,High,4.8,Good,1
1666,44,Female,Asymptomatic,166,166,75,314,179,38,192,128,6.3,27.1,70,95,161,No,Normal,2.8,Upsloping,3,Fixed Defect,Current,Occasional,Moderate,14483,Yes,No,No,No,Medium,5.0,Poor,1
1667,82,Female,Asymptomatic,143,143,71,327,161,71,164,177,6.0,32.5,113,91,141,No,ST-T Abnormality,0.5,Upsloping,1,Normal,Former,Occasional,Low,11570,Yes,Yes,Yes,No,Medium,7.3,Average,1
1668,55,Female,Atypical Angina,142,142,76,239,137,58,266,170,8.8,32.4,70,71,160,No,Normal,1.9,Downsloping,2,Reversible Defect,Former,Frequent,High,9675,No,No,Yes,Yes,Medium,4.8,Poor,0
1669,90,Female,Asymptomatic,129,129,77,345,160,79,131,150,6.3,37.9,87,96,120,No,Normal,1.3,Flat,4,Normal,Former,Never,High,12080,No,Yes,No,Yes,Medium,7.6,Good,0
1670,74,Male,Asymptomatic,139,139,88,236,114,61,119,141,8.5,29.9,104,84,153,Yes,Normal,1.7,Flat,3,Fixed Defect,Current,Never,Low,8613,Yes,No,Yes,Yes,High,6.7,Average,1
1671,85,Male,Asymptomatic,115,115,85,271,125,34,209,146,8.2,23.2,111,82,132,No,LVH,1.0,Flat,2,Fixed Defect,Never,Occasional,Low,4822,Yes,No,No,Yes,Low,5.9,Good,0
1672,48,Male,Non-anginal Pain,113,113,85,251,80,73,187,158,5.5,23.7,99,83,180,No,LVH,0.2,Flat,4,Reversible Defect,Current,Never,Moderate,5150,No,No,No,Yes,High,6.8,Poor,0
1673,49,Female,Typical Angina,108,108,82,255,143,60,281,152,6.4,34.7,98,75,165,No,Normal,2.7,Downsloping,4,Normal,Never,Occasional,Low,2426,No,Yes,Yes,No,Medium,7.4,Good,1
1674,50,Male,Atypical Angina,151,151,78,317,211,42,132,111,8.1,22.6,117,65,169,No,LVH,0.0,Downsloping,0,Normal,Current,Frequent,Moderate,3450,Yes,No,Yes,Yes,Low,6.0,Average,0
1675,76,Female,Atypical Angina,160,160,62,324,161,66,120,103,5.0,25.2,127,69,151,No,ST-T Abnormality,0.3,Upsloping,4,Fixed Defect,Former,Occasional,Moderate,8076,No,No,Yes,Yes,Medium,8.4,Good,1
1676,90,Male,Atypical Angina,174,174,92,304,149,76,290,137,8.4,27.6,106,62,140,No,Normal,1.3,Downsloping,1,Normal,Current,Occasional,Moderate,13627,Yes,No,Yes,No,Low,8.4,Good,0
1677,62,Male,Typical Angina,127,127,101,269,138,58,258,106,7.2,31.6,78,95,158,Yes,Normal,0.3,Upsloping,1,Normal,Never,Never,High,5531,Yes,No,No,Yes,High,7.9,Good,1
1678,30,Male,Asymptomatic,154,154,65,310,159,49,130,84,6.3,26.1,124,82,183,No,Normal,0.5,Upsloping,0,Fixed Defect,Current,Frequent,High,13419,No,Yes,No,No,High,4.6,Good,1
1679,50,Male,Non-anginal Pain,125,125,71,295,161,61,228,160,8.3,36.0,111,61,157,No,LVH,3.3,Upsloping,2,Reversible Defect,Never,Never,Low,14428,No,No,Yes,Yes,High,6.2,Good,1
1680,31,Male,Typical Angina,147,147,96,295,215,38,76,89,6.8,23.2,103,74,182,No,Normal,3.2,Upsloping,3,Normal,Never,Occasional,High,12840,Yes,No,No,No,Low,7.3,Average,0
1681,51,Female,Non-anginal Pain,100,100,97,208,123,38,126,102,8.5,26.0,92,81,178,No,ST-T Abnormality,0.6,Downsloping,0,Normal,Never,Occasional,Moderate,13094,Yes,No,Yes,No,High,6.7,Average,0
1682,77,Female,Non-anginal Pain,120,120,105,305,173,66,95,90,9.1,30.1,106,73,152,No,Normal,1.9,Flat,3,Normal,Current,Frequent,Low,3608,Yes,No,Yes,Yes,High,7.4,Good,1
1683,34,Female,Non-anginal Pain,164,164,81,250,162,39,247,104,7.6,35.9,79,98,180,No,LVH,0.0,Upsloping,0,Normal,Never,Frequent,High,13090,Yes,No,No,No,High,8.2,Average,0
1684,86,Male,Asymptomatic,110,110,69,311,185,60,215,162,8.0,31.4,103,58,133,No,ST-T Abnormality,2.6,Upsloping,4,Reversible Defect,Never,Never,Low,9486,No,No,No,No,High,4.8,Poor,1
1685,57,Male,Typical Angina,170,170,66,210,84,77,140,145,8.7,33.9,89,70,151,No,LVH,0.3,Downsloping,0,Normal,Current,Frequent,Low,14631,Yes,No,No,Yes,High,5.6,Poor,1
1686,26,Female,Asymptomatic,155,155,65,243,107,50,85,88,9.1,32.9,73,72,196,Yes,LVH,2.0,Upsloping,1,Reversible Defect,Never,Never,Moderate,3985,No,No,No,Yes,High,5.7,Average,0
1687,80,Male,Non-anginal Pain,143,143,108,238,79,68,202,91,9.1,20.4,124,63,129,No,LVH,1.7,Upsloping,3,Normal,Current,Never,Low,3053,Yes,No,Yes,Yes,Low,8.9,Poor,1
1688,40,Female,Asymptomatic,128,128,95,296,188,45,199,119,5.3,28.0,85,96,165,No,ST-T Abnormality,1.4,Flat,1,Fixed Defect,Never,Never,High,4870,Yes,No,No,No,Medium,7.5,Good,0
1689,32,Female,Typical Angina,147,147,60,242,73,51,129,130,5.5,39.6,130,94,174,No,ST-T Abnormality,1.1,Flat,4,Normal,Current,Never,High,2430,No,No,No,Yes,Medium,5.8,Poor,1
1690,31,Female,Non-anginal Pain,147,147,81,328,216,62,272,127,5.6,30.8,97,76,197,No,ST-T Abnormality,0.4,Upsloping,4,Reversible Defect,Current,Occasional,High,4302,Yes,No,No,Yes,Medium,5.4,Good,0
1691,64,Male,Typical Angina,102,102,69,217,85,72,237,162,5.9,23.8,86,94,164,No,Normal,0.6,Upsloping,2,Fixed Defect,Former,Frequent,Moderate,7498,No,No,No,Yes,Low,5.0,Average,0
1692,73,Male,Non-anginal Pain,101,101,67,172,86,44,283,119,5.7,33.9,88,62,151,Yes,Normal,1.4,Flat,3,Reversible Defect,Current,Occasional,Low,10227,Yes,Yes,Yes,No,Medium,7.5,Good,1
1693,42,Male,Atypical Angina,151,151,99,313,148,66,241,155,6.8,37.6,119,96,173,No,ST-T Abnormality,1.1,Upsloping,3,Normal,Former,Never,Moderate,7696,Yes,No,Yes,No,High,6.5,Average,1
1694,73,Female,Non-anginal Pain,114,114,66,204,76,32,102,85,5.2,21.7,79,94,148,No,ST-T Abnormality,0.0,Upsloping,0,Reversible Defect,Never,Occasional,Moderate,4332,Yes,No,Yes,No,High,7.8,Poor,0
1695,42,Male,Typical Angina,179,179,102,237,89,57,98,157,9.5,34.8,121,85,179,No,LVH,2.1,Downsloping,3,Fixed Defect,Never,Never,Moderate,14972,Yes,Yes,No,Yes,Medium,6.7,Average,1
1696,41,Male,Non-anginal Pain,123,123,85,298,202,55,200,148,8.2,30.8,88,74,185,Yes,LVH,0.7,Flat,1,Reversible Defect,Never,Frequent,Moderate,5383,No,No,No,Yes,Medium,6.6,Good,1
1697,88,Female,Non-anginal Pain,167,167,76,223,86,34,113,115,6.2,37.0,84,95,133,No,ST-T Abnormality,2.7,Downsloping,2,Normal,Former,Occasional,Moderate,8385,No,No,Yes,Yes,Medium,5.9,Average,1
1698,83,Male,Non-anginal Pain,137,137,88,321,182,71,102,139,9.0,20.6,114,84,138,No,Normal,1.8,Downsloping,3,Reversible Defect,Former,Frequent,Moderate,3676,Yes,No,Yes,No,Medium,6.7,Average,1
1699,40,Male,Non-anginal Pain,103,103,106,348,182,68,231,161,6.6,35.4,83,84,171,No,Normal,3.2,Upsloping,0,Normal,Former,Occasional,Moderate,5208,Yes,No,No,No,Low,5.2,Poor,0
1700,69,Male,Non-anginal Pain,146,146,83,194,102,46,287,93,7.1,20.4,88,76,136,No,LVH,2.0,Downsloping,1,Fixed Defect,Never,Occasional,Moderate,7254,Yes,Yes,No,No,Medium,8.6,Good,0
1701,59,Male,Non-anginal Pain,109,109,60,210,102,33,110,171,5.1,27.6,123,81,162,No,LVH,0.3,Upsloping,3,Reversible Defect,Current,Occasional,Low,10413,No,Yes,No,No,Low,7.3,Average,1
1702,54,Female,Asymptomatic,179,179,72,356,216,51,80,130,9.0,21.7,94,66,175,No,LVH,1.8,Upsloping,0,Reversible Defect,Current,Frequent,High,14583,No,Yes,No,No,Medium,7.5,Poor,0
1703,52,Female,Atypical Angina,104,104,94,219,78,80,132,103,5.3,23.5,93,91,166,No,Normal,1.2,Downsloping,3,Fixed Defect,Current,Occasional,Low,4041,No,No,Yes,No,High,8.1,Good,1
1704,77,Male,Typical Angina,122,122,62,233,124,47,81,138,6.9,25.4,80,86,152,No,Normal,0.4,Downsloping,1,Fixed Defect,Current,Occasional,Moderate,12123,No,No,Yes,Yes,High,6.3,Average,0
1705,46,Female,Atypical Angina,164,164,108,330,205,58,245,154,5.5,18.7,83,88,183,Yes,LVH,1.8,Upsloping,2,Fixed Defect,Current,Never,Moderate,4423,Yes,No,Yes,No,Medium,6.0,Average,1
1706,61,Male,Asymptomatic,152,152,62,309,172,65,96,130,8.2,26.7,93,72,166,No,ST-T Abnormality,1.5,Downsloping,1,Fixed Defect,Never,Never,Moderate,9652,Yes,Yes,Yes,Yes,High,7.1,Average,1
1707,32,Male,Non-anginal Pain,148,148,64,227,78,49,145,90,7.6,20.7,72,58,194,No,ST-T Abnormality,2.1,Upsloping,2,Fixed Defect,Never,Occasional,Moderate,2542,Yes,No,No,No,Medium,8.7,Poor,0
1708,67,Male,Typical Angina,150,150,102,270,117,78,145,148,8.4,22.5,126,72,139,No,ST-T Abnormality,0.0,Upsloping,3,Normal,Never,Frequent,High,11718,Yes,No,No,No,Medium,7.9,Good,0
1709,55,Male,Typical Angina,114,114,71,340,195,62,144,97,8.4,37.0,78,77,156,No,LVH,0.9,Upsloping,4,Fixed Defect,Never,Never,Low,10950,No,No,No,Yes,High,6.5,Average,1
1710,74,Male,Atypical Angina,130,130,87,332,163,63,239,116,5.0,28.8,82,82,156,No,LVH,0.6,Upsloping,4,Fixed Defect,Never,Frequent,Low,5574,No,No,No,Yes,Medium,8.2,Good,1
1711,48,Female,Typical Angina,153,153,81,347,193,67,247,132,7.9,27.1,71,70,181,Yes,ST-T Abnormality,1.4,Flat,2,Normal,Never,Frequent,High,4545,Yes,No,No,Yes,Low,6.5,Poor,0
1712,58,Male,Non-anginal Pain,122,122,100,373,215,44,293,153,6.3,33.0,80,64,151,No,ST-T Abnormality,1.7,Flat,4,Reversible Defect,Never,Never,Low,12006,Yes,Yes,No,Yes,Medium,7.8,Good,1
1713,52,Male,Typical Angina,113,113,100,331,158,69,223,148,7.4,34.5,73,97,165,No,ST-T Abnormality,1.1,Upsloping,4,Reversible Defect,Current,Never,Moderate,5786,No,Yes,No,Yes,Medium,5.2,Average,1
1714,63,Female,Atypical Angina,122,122,71,268,129,38,107,120,5.0,36.2,76,64,164,No,ST-T Abnormality,1.0,Downsloping,2,Reversible Defect,Never,Never,Moderate,14735,Yes,Yes,Yes,No,Medium,6.1,Poor,1
1715,75,Female,Non-anginal Pain,175,175,110,270,114,79,152,99,7.8,35.9,95,75,152,Yes,ST-T Abnormality,0.3,Downsloping,0,Fixed Defect,Never,Occasional,Moderate,3076,Yes,No,No,Yes,Low,8.6,Poor,0
1716,25,Female,Non-anginal Pain,106,106,109,309,172,51,271,88,9.4,21.4,99,81,199,No,LVH,0.7,Flat,4,Reversible Defect,Current,Occasional,Moderate,7819,Yes,No,Yes,No,Medium,7.1,Average,1
1717,32,Male,Atypical Angina,137,137,75,284,158,73,145,157,5.3,21.0,96,83,177,Yes,Normal,1.0,Flat,2,Normal,Former,Never,Moderate,10150,No,No,No,No,Medium,7.7,Average,0
1718,43,Male,Non-anginal Pain,111,111,102,339,192,42,96,138,6.3,21.2,72,98,169,Yes,LVH,3.3,Upsloping,1,Reversible Defect,Never,Occasional,Moderate,10854,Yes,No,No,No,Low,6.8,Poor,1
1719,55,Male,Typical Angina,125,125,103,269,125,50,298,128,5.9,28.4,121,100,166,No,Normal,2.2,Flat,0,Fixed Defect,Current,Occasional,Moderate,12292,Yes,Yes,Yes,No,Medium,8.4,Poor,1
1720,56,Male,Non-anginal Pain,169,169,68,229,107,32,246,85,5.6,25.1,102,91,154,No,ST-T Abnormality,1.6,Flat,2,Fixed Defect,Former,Never,High,13047,No,Yes,No,Yes,High,7.5,Good,0
1721,35,Female,Asymptomatic,153,153,81,268,147,50,144,129,5.2,34.4,76,61,189,Yes,ST-T Abnormality,0.1,Upsloping,1,Fixed Defect,Former,Occasional,Low,5948,Yes,No,No,No,High,4.6,Good,1
1722,55,Female,Non-anginal Pain,122,122,66,259,165,45,239,167,6.6,28.3,119,84,150,No,ST-T Abnormality,1.1,Upsloping,4,Reversible Defect,Former,Occasional,Moderate,9312,Yes,Yes,No,Yes,Medium,4.9,Average,0
1723,46,Male,Atypical Angina,149,149,104,346,185,50,158,111,8.9,19.4,98,71,169,No,ST-T Abnormality,2.9,Flat,0,Normal,Never,Occasional,Moderate,8407,Yes,No,Yes,No,Low,5.8,Poor,0
1724,59,Male,Atypical Angina,175,175,100,309,158,58,161,164,8.3,23.0,109,58,153,No,ST-T Abnormality,1.4,Flat,2,Normal,Never,Occasional,Moderate,13095,Yes,No,Yes,Yes,High,6.0,Average,0
1725,45,Male,Asymptomatic,125,125,82,323,201,43,189,132,6.0,22.2,93,89,163,No,LVH,0.3,Flat,4,Reversible Defect,Former,Frequent,Moderate,11430,Yes,No,Yes,Yes,Medium,7.7,Good,0
1726,59,Male,Non-anginal Pain,155,155,83,202,89,59,225,114,9.1,28.7,121,68,151,No,Normal,2.2,Flat,2,Reversible Defect,Never,Frequent,Moderate,10542,No,No,Yes,Yes,High,5.7,Average,0
1727,55,Male,Typical Angina,174,174,73,274,140,37,137,100,9.1,31.3,92,99,151,No,ST-T Abnormality,1.6,Flat,4,Reversible Defect,Former,Never,Moderate,11499,No,No,No,No,Medium,5.2,Poor,0
1728,71,Female,Asymptomatic,102,102,72,363,194,70,278,109,5.0,23.8,98,78,151,No,LVH,1.0,Flat,3,Reversible Defect,Never,Frequent,Moderate,10003,No,No,No,Yes,High,7.4,Good,0
1729,28,Female,Typical Angina,121,121,74,275,142,31,201,99,7.4,33.5,78,72,177,No,Normal,1.0,Downsloping,0,Normal,Current,Occasional,Moderate,3442,Yes,No,No,Yes,Low,5.3,Good,1
1730,70,Male,Atypical Angina,173,173,63,343,184,41,199,104,8.1,19.4,71,100,149,No,ST-T Abnormality,1.4,Downsloping,2,Fixed Defect,Never,Occasional,Moderate,9865,No,No,Yes,No,Medium,8.7,Average,1
1731,61,Male,Typical Angina,153,153,81,355,212,64,213,97,6.2,36.1,83,59,151,No,Normal,1.4,Upsloping,1,Fixed Defect,Current,Never,High,8645,No,Yes,Yes,No,High,4.7,Average,1
1732,56,Female,Typical Angina,129,129,108,238,119,43,210,172,8.6,38.4,123,100,154,Yes,Normal,2.0,Downsloping,3,Reversible Defect,Former,Never,High,3507,No,Yes,No,Yes,Medium,7.5,Good,1
1733,46,Male,Asymptomatic,169,169,63,206,91,72,71,178,8.0,19.5,121,64,177,No,LVH,0.0,Flat,4,Fixed Defect,Former,Frequent,Moderate,7184,Yes,No,No,No,Medium,5.9,Good,0
1734,33,Male,Typical Angina,131,131,97,270,117,63,129,144,8.1,31.3,109,91,175,No,Normal,0.5,Upsloping,2,Normal,Current,Never,Moderate,9780,No,No,No,Yes,Medium,5.9,Good,0
1735,30,Male,Typical Angina,178,178,81,305,166,69,168,171,7.1,32.4,84,70,182,No,Normal,1.6,Downsloping,0,Normal,Former,Occasional,Moderate,8291,No,No,No,Yes,Medium,6.9,Poor,0
1736,47,Female,Typical Angina,144,144,106,375,212,53,244,94,9.4,30.7,114,76,160,Yes,LVH,0.0,Downsloping,0,Fixed Defect,Current,Frequent,Low,7080,No,No,No,No,High,8.3,Average,1
1737,43,Male,Atypical Angina,117,117,70,283,189,30,158,179,6.0,27.8,127,61,164,No,LVH,0.0,Downsloping,0,Reversible Defect,Current,Never,Moderate,11407,Yes,Yes,Yes,Yes,Low,5.3,Good,1
1738,60,Male,Non-anginal Pain,158,158,71,302,108,78,296,94,5.5,33.9,83,93,160,No,ST-T Abnormality,1.6,Upsloping,3,Reversible Defect,Former,Never,Low,10091,No,Yes,No,Yes,Low,7.7,Poor,0
1739,45,Female,Atypical Angina,136,136,86,242,100,40,233,159,9.3,20.3,95,65,182,No,ST-T Abnormality,1.4,Flat,2,Normal,Former,Never,Moderate,11503,Yes,No,Yes,No,High,4.6,Good,0
1740,63,Female,Non-anginal Pain,171,171,105,295,120,78,209,134,9.1,19.7,101,66,156,No,ST-T Abnormality,2.1,Flat,2,Reversible Defect,Never,Occasional,Moderate,12879,No,Yes,Yes,No,Medium,7.8,Average,1
1741,40,Female,Asymptomatic,143,143,64,349,218,56,198,138,4.8,37.0,125,61,179,No,Normal,2.6,Flat,2,Fixed Defect,Former,Occasional,Moderate,12000,No,No,Yes,No,Low,8.3,Good,1
1742,31,Female,Atypical Angina,164,164,83,337,199,75,265,139,6.4,33.2,124,57,177,No,LVH,1.2,Downsloping,3,Normal,Current,Never,Moderate,12475,Yes,No,Yes,Yes,Medium,5.3,Poor,1
1743,53,Male,Non-anginal Pain,131,131,80,253,104,61,241,92,5.4,21.8,108,61,168,No,ST-T Abnormality,1.0,Flat,0,Fixed Defect,Never,Frequent,High,11802,Yes,No,No,No,Low,8.5,Poor,0
1744,67,Female,Atypical Angina,128,128,82,331,180,67,253,140,7.9,30.6,90,96,143,No,Normal,3.2,Upsloping,2,Normal,Former,Frequent,High,13354,Yes,No,No,Yes,High,4.9,Good,1
1745,63,Female,Non-anginal Pain,172,172,94,223,123,57,242,176,6.3,23.5,118,94,145,Yes,ST-T Abnormality,1.8,Downsloping,0,Normal,Current,Frequent,Moderate,12721,No,Yes,Yes,No,Low,4.6,Good,1
1746,71,Female,Non-anginal Pain,102,102,105,230,139,40,278,91,8.9,26.1,81,74,154,Yes,LVH,0.6,Downsloping,4,Fixed Defect,Former,Occasional,Low,6447,Yes,No,Yes,No,High,6.5,Average,1
1747,67,Male,Asymptomatic,147,147,88,357,216,43,238,83,9.4,33.5,113,84,163,No,ST-T Abnormality,2.3,Upsloping,4,Reversible Defect,Current,Occasional,Moderate,11616,No,No,Yes,Yes,Low,7.9,Poor,1
1748,46,Female,Atypical Angina,168,168,70,315,162,67,176,156,8.7,35.3,77,86,170,No,ST-T Abnormality,0.0,Flat,3,Reversible Defect,Former,Frequent,High,13000,No,No,Yes,Yes,Medium,8.5,Good,0
1749,47,Female,Atypical Angina,133,133,83,255,105,31,250,113,7.6,27.3,126,92,161,No,Normal,0.4,Downsloping,3,Fixed Defect,Never,Frequent,High,12820,No,Yes,Yes,Yes,Low,6.6,Good,1
1750,90,Female,Typical Angina,114,114,95,306,205,61,254,109,5.9,31.0,100,88,138,No,LVH,0.7,Flat,0,Reversible Defect,Current,Never,High,5415,Yes,Yes,No,Yes,Medium,5.6,Average,1
1751,35,Female,Typical Angina,153,153,75,390,194,79,119,166,9.3,18.3,81,70,172,No,LVH,1.3,Upsloping,0,Reversible Defect,Never,Never,Moderate,4966,Yes,No,No,No,Medium,6.8,Good,0
1752,55,Female,Non-anginal Pain,160,160,67,287,135,67,229,155,4.9,20.5,115,57,150,No,LVH,0.0,Upsloping,1,Reversible Defect,Current,Occasional,Low,4688,Yes,No,No,No,Low,6.7,Good,0
1753,40,Male,Asymptomatic,107,107,81,235,135,32,127,108,6.0,36.7,92,97,175,No,LVH,0.3,Upsloping,0,Normal,Former,Occasional,Low,10205,Yes,No,No,Yes,Low,4.9,Average,0
1754,44,Female,Atypical Angina,106,106,86,267,168,58,187,179,7.9,31.6,97,65,185,No,ST-T Abnormality,2.8,Downsloping,0,Reversible Defect,Never,Frequent,Low,7535,Yes,No,No,No,Low,8.2,Poor,1
1755,39,Male,Non-anginal Pain,169,169,104,291,135,68,200,154,9.2,37.5,86,92,181,Yes,ST-T Abnormality,2.1,Flat,4,Reversible Defect,Never,Frequent,Low,11567,No,No,No,No,Low,6.1,Average,1
1756,43,Male,Asymptomatic,129,129,96,329,184,53,153,92,8.9,24.4,89,71,169,Yes,ST-T Abnormality,2.2,Flat,2,Fixed Defect,Current,Frequent,Moderate,7949,No,No,No,No,High,4.8,Average,1
1757,65,Male,Asymptomatic,140,140,61,307,170,49,145,99,5.2,25.0,130,90,146,Yes,LVH,1.9,Upsloping,0,Normal,Former,Occasional,Moderate,13516,No,No,No,No,Medium,6.9,Good,0
1758,52,Female,Typical Angina,119,119,70,226,101,53,253,106,8.8,28.7,113,71,175,Yes,Normal,1.3,Flat,2,Normal,Current,Never,Moderate,6718,No,No,Yes,Yes,Low,5.5,Average,1
1759,43,Male,Asymptomatic,154,154,75,201,82,73,186,106,5.9,27.8,93,65,180,No,Normal,2.3,Upsloping,4,Normal,Never,Frequent,High,7594,Yes,No,No,No,Medium,6.1,Good,0
1760,47,Female,Typical Angina,171,171,93,247,164,36,205,95,9.1,38.8,121,77,159,No,LVH,0.6,Downsloping,4,Fixed Defect,Former,Never,High,11197,Yes,Yes,Yes,No,High,7.0,Average,1
1761,42,Male,Asymptomatic,139,139,72,266,151,51,102,160,4.9,27.1,73,67,179,No,LVH,0.8,Downsloping,4,Normal,Former,Never,Moderate,6768,Yes,No,No,No,Low,8.2,Poor,0
1762,28,Male,Atypical Angina,100,100,102,221,104,48,148,112,7.1,33.0,85,88,182,No,LVH,1.3,Downsloping,3,Normal,Never,Occasional,Low,3946,Yes,No,No,Yes,Low,6.1,Good,0
1763,80,Male,Typical Angina,135,135,78,235,115,60,161,98,8.6,19.1,104,96,131,No,Normal,2.3,Upsloping,4,Normal,Current,Frequent,High,9594,No,No,Yes,No,Low,6.4,Average,1
1764,32,Male,Typical Angina,149,149,63,261,106,59,156,140,6.5,37.3,71,62,177,No,Normal,1.2,Upsloping,1,Normal,Never,Occasional,Low,8733,No,Yes,No,No,Medium,5.6,Average,1
1765,55,Female,Typical Angina,164,164,64,342,209,47,119,132,5.7,36.9,124,79,168,No,ST-T Abnormality,1.6,Upsloping,4,Fixed Defect,Current,Never,Moderate,3529,Yes,No,No,Yes,High,8.4,Good,1
1766,36,Male,Atypical Angina,171,171,106,336,186,73,153,116,8.8,21.4,121,66,173,No,ST-T Abnormality,1.0,Flat,1,Reversible Defect,Never,Frequent,Moderate,6564,No,No,No,No,Low,8.2,Average,0
1767,36,Female,Atypical Angina,120,120,73,255,127,52,112,132,9.1,26.2,100,83,189,No,ST-T Abnormality,1.2,Upsloping,3,Fixed Defect,Never,Occasional,Moderate,12551,No,No,No,Yes,Medium,8.1,Average,0
1768,46,Male,Atypical Angina,136,136,98,261,136,39,228,163,9.2,24.5,72,83,167,Yes,LVH,2.2,Downsloping,2,Normal,Never,Occasional,High,14299,No,No,No,Yes,Low,5.0,Poor,1
1769,40,Female,Asymptomatic,135,135,71,209,93,36,271,87,8.1,26.4,96,71,190,Yes,LVH,2.8,Upsloping,1,Reversible Defect,Former,Frequent,Moderate,5947,No,No,No,No,Medium,8.9,Good,0
1770,53,Female,Typical Angina,133,133,68,384,217,66,257,178,8.8,23.7,83,77,154,No,ST-T Abnormality,1.4,Downsloping,1,Normal,Never,Occasional,Moderate,7351,No,Yes,No,No,High,8.9,Good,0
1771,66,Male,Non-anginal Pain,129,129,63,314,193,41,165,93,5.3,35.7,127,87,161,No,LVH,3.2,Upsloping,3,Reversible Defect,Current,Never,High,6643,No,No,No,No,Low,7.4,Good,1
1772,44,Female,Asymptomatic,147,147,99,302,107,76,159,137,5.1,25.4,83,96,174,Yes,Normal,1.3,Upsloping,0,Reversible Defect,Never,Frequent,Low,6025,No,No,No,Yes,Low,7.6,Poor,0
1773,33,Female,Asymptomatic,136,136,64,297,110,75,215,179,8.2,24.9,79,97,196,Yes,LVH,0.0,Downsloping,0,Reversible Defect,Never,Frequent,High,11689,No,No,No,Yes,Low,8.8,Average,0
1774,34,Male,Atypical Angina,152,152,89,231,95,63,191,107,9.4,37.5,76,92,195,No,ST-T Abnormality,1.3,Downsloping,3,Normal,Former,Occasional,Moderate,7653,Yes,No,No,No,Medium,6.4,Poor,0
1775,35,Male,Asymptomatic,176,176,104,217,144,33,88,149,4.8,18.4,76,84,194,Yes,Normal,1.4,Downsloping,3,Fixed Defect,Former,Never,Moderate,9434,Yes,No,No,Yes,Medium,4.8,Poor,0
1776,37,Male,Typical Angina,105,105,80,374,213,43,257,128,7.5,38.2,120,61,170,Yes,ST-T Abnormality,2.1,Downsloping,0,Reversible Defect,Never,Never,Moderate,2085,No,No,Yes,No,Medium,7.3,Average,1
1777,33,Male,Non-anginal Pain,171,171,69,284,178,44,199,160,6.6,36.5,97,64,186,Yes,ST-T Abnormality,0.0,Upsloping,4,Normal,Never,Never,High,9941,Yes,Yes,No,Yes,Medium,5.6,Average,1
1778,74,Female,Non-anginal Pain,141,141,76,212,91,63,228,122,4.8,25.2,126,95,140,Yes,Normal,2.4,Flat,3,Normal,Current,Occasional,Low,12663,Yes,No,No,No,Low,5.6,Average,1
1779,47,Male,Typical Angina,119,119,60,238,101,73,130,93,8.5,20.5,96,64,183,No,ST-T Abnormality,0.7,Flat,1,Reversible Defect,Former,Occasional,Moderate,6588,No,No,Yes,Yes,Low,6.8,Average,0
1780,26,Female,Atypical Angina,174,174,84,268,180,44,215,128,4.9,38.1,80,81,192,No,LVH,0.0,Downsloping,3,Fixed Defect,Current,Frequent,Low,7109,Yes,No,Yes,Yes,Medium,8.1,Average,1
1781,40,Female,Asymptomatic,133,133,106,326,152,70,98,124,5.7,24.6,80,74,177,No,ST-T Abnormality,0.0,Downsloping,1,Reversible Defect,Never,Frequent,High,5471,Yes,No,No,No,Low,5.2,Poor,0
1782,84,Female,Typical Angina,137,137,87,362,197,49,256,83,8.2,27.4,79,99,137,No,LVH,1.8,Upsloping,2,Fixed Defect,Former,Never,Low,8303,No,No,No,No,High,5.8,Poor,1
1783,47,Male,Non-anginal Pain,165,165,70,306,159,54,241,127,6.2,21.0,127,63,159,No,LVH,0.0,Upsloping,3,Reversible Defect,Never,Never,Low,14897,Yes,Yes,No,Yes,Low,5.4,Good,0
1784,84,Female,Typical Angina,111,111,67,187,72,36,232,128,8.7,19.6,83,60,135,No,Normal,0.3,Flat,4,Normal,Former,Frequent,Moderate,6478,Yes,No,No,Yes,Low,6.1,Average,0
1785,76,Female,Typical Angina,156,156,107,281,163,31,79,163,9.2,18.9,105,93,130,No,Normal,2.5,Upsloping,2,Normal,Current,Frequent,Moderate,11474,No,No,Yes,No,Low,4.6,Poor,1
1786,83,Female,Atypical Angina,180,180,72,257,107,58,167,105,9.2,23.0,125,90,147,No,ST-T Abnormality,2.7,Flat,4,Fixed Defect,Never,Frequent,Moderate,5708,Yes,No,No,Yes,Medium,5.6,Good,0
1787,32,Female,Non-anginal Pain,134,134,71,190,90,47,257,128,9.0,25.5,88,82,175,No,Normal,1.7,Downsloping,3,Reversible Defect,Current,Never,High,13924,Yes,No,No,No,Medium,5.9,Good,0
1788,42,Female,Asymptomatic,137,137,91,312,133,65,275,100,7.9,38.0,91,76,184,No,LVH,1.7,Flat,4,Reversible Defect,Never,Frequent,Moderate,11660,Yes,No,No,Yes,Medium,6.0,Good,0
1789,62,Male,Non-anginal Pain,160,160,88,263,172,37,182,170,7.7,34.0,94,88,158,No,ST-T Abnormality,0.3,Upsloping,0,Reversible Defect,Never,Occasional,Low,11741,Yes,No,Yes,Yes,Low,7.0,Poor,1
1790,26,Male,Asymptomatic,123,123,100,270,120,68,125,93,5.6,34.4,92,78,192,No,Normal,2.1,Flat,3,Fixed Defect,Never,Frequent,Moderate,13786,No,No,Yes,Yes,Low,5.5,Poor,0
1791,39,Male,Atypical Angina,172,172,100,291,175,39,211,143,9.0,27.8,100,66,188,No,Normal,0.5,Flat,2,Normal,Never,Never,Moderate,7302,Yes,No,No,No,High,7.5,Good,0
1792,35,Male,Atypical Angina,120,120,106,260,114,51,121,95,6.8,38.1,119,85,189,No,Normal,2.3,Upsloping,2,Reversible Defect,Current,Frequent,High,12098,Yes,No,No,No,High,6.9,Good,0
1793,85,Female,Asymptomatic,106,106,104,319,182,80,96,167,9.2,21.4,78,92,131,No,LVH,1.2,Downsloping,3,Fixed Defect,Never,Frequent,Low,8484,No,No,No,No,Medium,4.9,Average,0
1794,55,Male,Typical Angina,103,103,70,337,208,50,170,171,8.1,20.2,120,79,152,No,Normal,0.3,Downsloping,0,Normal,Never,Occasional,Moderate,6093,Yes,No,Yes,Yes,High,6.2,Poor,0
1795,66,Male,Non-anginal Pain,179,179,92,213,85,58,292,105,4.9,21.2,99,83,162,No,LVH,1.0,Flat,2,Fixed Defect,Never,Frequent,Low,14506,No,No,Yes,No,Medium,8.6,Poor,1
1796,62,Female,Asymptomatic,125,125,108,220,94,55,120,85,6.4,36.1,117,66,157,Yes,ST-T Abnormality,2.0,Flat,1,Reversible Defect,Current,Frequent,Moderate,8221,No,No,No,Yes,Medium,9.0,Poor,1
1797,68,Male,Non-anginal Pain,146,146,105,297,161,31,158,174,5.8,28.0,94,64,149,Yes,ST-T Abnormality,2.3,Flat,3,Fixed Defect,Never,Never,Moderate,12625,No,No,Yes,Yes,Low,7.5,Poor,1
1798,58,Male,Asymptomatic,100,100,64,242,169,33,97,129,7.8,30.5,103,90,151,No,LVH,1.6,Upsloping,0,Reversible Defect,Never,Never,Moderate,13647,Yes,No,No,No,Low,7.0,Good,0
1799,53,Male,Asymptomatic,109,109,89,213,70,36,245,120,8.3,39.0,78,78,163,No,ST-T Abnormality,2.4,Upsloping,4,Fixed Defect,Never,Frequent,Moderate,14823,Yes,No,No,No,Low,7.6,Good,0
1800,53,Male,Non-anginal Pain,125,125,64,253,90,61,215,111,5.3,29.2,90,68,175,No,Normal,1.3,Downsloping,3,Reversible Defect,Never,Occasional,Moderate,13081,No,No,No,Yes,Medium,6.0,Poor,0
1801,87,Female,Non-anginal Pain,114,114,84,331,178,70,206,168,5.7,32.5,81,68,124,Yes,LVH,1.4,Upsloping,2,Reversible Defect,Current,Never,Moderate,6707,Yes,Yes,No,Yes,Medium,4.6,Poor,1
1802,61,Female,Non-anginal Pain,157,157,79,338,199,58,251,112,7.3,18.3,77,96,146,No,LVH,1.6,Flat,2,Normal,Never,Frequent,Moderate,11137,Yes,No,No,Yes,Low,8.5,Average,0
1803,90,Female,Asymptomatic,126,126,79,185,86,51,228,152,9.1,39.1,114,97,128,No,LVH,0.0,Upsloping,2,Reversible Defect,Current,Occasional,Low,14930,No,Yes,Yes,No,Medium,8.5,Poor,1
1804,54,Female,Asymptomatic,103,103,87,230,133,46,167,126,6.8,19.9,80,78,152,No,LVH,0.8,Upsloping,1,Fixed Defect,Current,Occasional,High,12350,Yes,No,Yes,Yes,High,5.5,Average,1
1805,81,Female,Typical Angina,174,174,90,324,213,46,125,165,9.1,28.0,87,62,126,No,Normal,1.7,Downsloping,0,Reversible Defect,Current,Never,High,7494,Yes,No,Yes,No,High,7.6,Average,1
1806,50,Male,Asymptomatic,146,146,66,314,171,48,234,159,7.0,35.9,105,87,172,No,LVH,1.6,Flat,4,Fixed Defect,Former,Frequent,Moderate,12251,No,No,Yes,No,Medium,7.7,Average,0
1807,35,Male,Non-anginal Pain,106,106,84,328,176,34,207,163,9.3,24.4,116,92,173,No,LVH,1.5,Upsloping,4,Normal,Current,Occasional,High,12987,No,No,No,No,High,8.4,Good,1
1808,63,Male,Typical Angina,117,117,76,241,128,33,257,136,9.5,18.4,93,61,164,No,Normal,1.8,Upsloping,1,Normal,Current,Occasional,Moderate,4912,No,Yes,No,No,Medium,6.5,Poor,1
1809,78,Male,Asymptomatic,161,161,63,305,112,78,247,176,7.5,39.9,96,74,128,No,ST-T Abnormality,0.2,Flat,3,Normal,Current,Never,Moderate,12431,Yes,No,No,No,Medium,7.3,Average,1
1810,33,Female,Atypical Angina,138,138,95,335,201,70,86,102,8.9,33.9,128,96,179,No,Normal,1.1,Upsloping,2,Reversible Defect,Current,Occasional,High,11453,Yes,No,Yes,No,Low,8.9,Poor,1
1811,47,Female,Typical Angina,127,127,64,264,132,61,216,141,8.9,20.3,95,68,174,No,Normal,1.4,Upsloping,3,Fixed Defect,Never,Occasional,Low,11921,No,No,Yes,Yes,High,7.2,Poor,0
1812,29,Male,Typical Angina,143,143,61,293,157,35,140,167,5.1,28.9,125,86,180,No,LVH,1.5,Flat,1,Reversible Defect,Current,Occasional,Low,3315,No,No,No,No,Low,7.2,Average,1
1813,46,Female,Asymptomatic,164,164,87,375,206,74,296,139,5.4,20.0,74,65,160,No,LVH,1.5,Downsloping,3,Reversible Defect,Never,Never,High,13372,Yes,No,Yes,No,Medium,7.7,Average,1
1814,25,Female,Atypical Angina,139,139,81,263,111,77,72,108,7.7,32.0,101,66,191,No,LVH,2.4,Downsloping,2,Normal,Never,Occasional,High,14830,No,Yes,No,No,Medium,8.3,Average,1
1815,36,Female,Asymptomatic,122,122,60,271,139,68,76,162,8.0,29.9,100,68,171,No,ST-T Abnormality,1.8,Flat,3,Reversible Defect,Former,Occasional,Moderate,10704,No,No,No,No,Medium,6.7,Good,0
1816,74,Female,Non-anginal Pain,128,128,68,190,74,62,74,113,5.2,22.7,80,64,151,No,ST-T Abnormality,2.3,Flat,3,Fixed Defect,Current,Never,Low,13341,No,No,Yes,Yes,High,5.8,Average,1
1817,72,Female,Typical Angina,162,162,88,226,115,39,193,88,5.1,23.1,79,82,158,Yes,ST-T Abnormality,0.0,Flat,4,Reversible Defect,Former,Frequent,Moderate,10653,No,Yes,No,No,Low,7.3,Good,1
1818,55,Female,Asymptomatic,125,125,75,323,127,78,211,145,5.8,31.5,116,87,169,No,ST-T Abnormality,0.6,Downsloping,4,Reversible Defect,Current,Frequent,High,4451,No,No,No,Yes,Medium,5.4,Good,0
1819,80,Male,Atypical Angina,180,180,99,382,195,70,99,154,7.6,38.0,71,70,135,No,ST-T Abnormality,0.0,Downsloping,2,Fixed Defect,Never,Frequent,Moderate,8617,Yes,No,Yes,Yes,Low,8.7,Poor,1
1820,69,Male,Asymptomatic,111,111,63,330,181,41,183,165,8.1,29.9,114,83,149,No,LVH,1.3,Flat,3,Normal,Never,Frequent,Moderate,3107,Yes,No,No,No,High,7.1,Average,0
1821,80,Male,Asymptomatic,149,149,67,213,110,46,159,93,7.3,22.8,87,58,128,Yes,LVH,2.9,Upsloping,3,Reversible Defect,Never,Frequent,Moderate,8698,No,No,No,Yes,Low,5.1,Average,1
1822,27,Female,Non-anginal Pain,144,144,90,300,122,68,78,81,7.0,23.2,105,64,178,No,LVH,3.5,Downsloping,4,Fixed Defect,Never,Never,Moderate,10325,No,No,No,Yes,Low,7.1,Good,0
1823,90,Female,Non-anginal Pain,102,102,80,289,138,71,254,157,7.1,27.5,87,59,132,No,Normal,0.6,Flat,1,Fixed Defect,Never,Never,Moderate,8253,No,No,No,No,Low,7.7,Average,0
1824,88,Female,Typical Angina,141,141,75,292,166,76,104,138,8.4,28.0,117,70,141,Yes,Normal,2.8,Flat,3,Fixed Defect,Never,Frequent,High,9706,No,Yes,Yes,Yes,High,7.6,Average,1
1825,38,Female,Typical Angina,119,119,108,293,181,63,159,126,7.3,25.9,129,57,177,No,ST-T Abnormality,1.4,Downsloping,4,Normal,Former,Frequent,Low,12841,Yes,No,No,Yes,Medium,5.7,Average,0
1826,80,Female,Asymptomatic,124,124,99,246,149,47,172,152,7.6,22.0,83,91,132,No,Normal,1.2,Upsloping,0,Reversible Defect,Current,Never,Moderate,7190,No,Yes,Yes,No,High,8.6,Average,1
1827,26,Female,Typical Angina,114,114,101,315,180,43,86,138,8.7,34.2,71,59,179,Yes,LVH,1.7,Flat,4,Reversible Defect,Never,Frequent,Low,5755,Yes,No,No,Yes,Medium,5.9,Good,1
1828,81,Female,Asymptomatic,146,146,69,306,211,48,291,86,7.4,21.0,82,59,133,No,LVH,0.5,Upsloping,2,Reversible Defect,Never,Never,Moderate,4453,No,No,No,Yes,Medium,7.7,Good,0
1829,70,Female,Typical Angina,169,169,87,211,73,68,245,127,6.0,25.2,99,77,151,No,ST-T Abnormality,0.7,Downsloping,3,Fixed Defect,Former,Never,Low,7509,No,No,No,No,Low,5.5,Good,0
1830,31,Female,Typical Angina,112,112,68,191,97,53,176,130,7.8,26.6,125,98,175,No,ST-T Abnormality,0.8,Flat,2,Normal,Never,Occasional,Moderate,2476,No,Yes,No,Yes,High,8.3,Good,0
1831,72,Female,Typical Angina,174,174,66,361,216,74,250,104,6.3,27.4,79,93,149,No,Normal,1.3,Downsloping,4,Reversible Defect,Never,Frequent,High,8350,Yes,No,No,Yes,Low,5.1,Average,0
1832,59,Female,Asymptomatic,112,112,64,218,128,40,265,166,5.4,19.6,101,95,153,Yes,ST-T Abnormality,1.8,Upsloping,3,Reversible Defect,Never,Frequent,Moderate,3786,Yes,No,No,Yes,Low,7.3,Good,0
1833,56,Male,Non-anginal Pain,149,149,73,195,73,43,176,120,6.7,39.9,127,67,151,No,LVH,0.4,Flat,1,Fixed Defect,Former,Frequent,High,2558,No,No,Yes,Yes,Low,4.7,Average,0
1834,69,Male,Asymptomatic,128,128,103,217,93,50,213,161,5.0,30.0,100,89,139,No,ST-T Abnormality,1.1,Downsloping,2,Reversible Defect,Current,Occasional,Low,12145,Yes,No,No,No,High,8.9,Poor,1
1835,69,Male,Asymptomatic,158,158,65,257,157,46,170,134,7.3,39.0,93,57,161,No,ST-T Abnormality,0.4,Flat,1,Reversible Defect,Current,Occasional,Moderate,5849,No,Yes,Yes,Yes,Medium,8.7,Average,1
1836,79,Female,Atypical Angina,116,116,74,251,128,47,138,145,8.8,25.9,109,90,148,No,LVH,1.7,Upsloping,1,Reversible Defect,Former,Frequent,Low,8423,Yes,No,Yes,No,Medium,8.5,Good,1
1837,54,Female,Asymptomatic,110,110,100,242,121,35,299,80,5.6,22.8,102,67,174,No,ST-T Abnormality,1.5,Flat,0,Normal,Former,Occasional,High,7025,No,No,No,Yes,Medium,5.3,Poor,0
1838,54,Male,Atypical Angina,166,166,94,235,111,40,232,170,8.3,28.6,114,76,155,No,LVH,2.2,Downsloping,2,Fixed Defect,Current,Occasional,Moderate,2247,No,No,No,No,Medium,5.7,Average,1
1839,49,Female,Non-anginal Pain,173,173,63,358,182,61,101,91,7.2,21.3,108,79,178,No,ST-T Abnormality,1.2,Flat,1,Fixed Defect,Former,Occasional,Moderate,3276,Yes,No,Yes,No,Low,6.2,Poor,0
1840,90,Female,Non-anginal Pain,106,106,101,261,92,72,124,111,7.1,23.2,92,97,128,No,Normal,2.0,Upsloping,0,Normal,Current,Occasional,High,8245,Yes,No,Yes,No,Medium,8.7,Poor,1
1841,73,Female,Typical Angina,179,179,65,289,202,47,194,94,7.5,39.9,100,67,149,Yes,LVH,0.8,Upsloping,4,Reversible Defect,Never,Occasional,Moderate,7649,Yes,No,No,No,High,6.1,Average,1
1842,70,Female,Atypical Angina,150,150,87,346,189,41,299,146,7.2,29.7,74,59,144,Yes,ST-T Abnormality,1.2,Downsloping,2,Fixed Defect,Never,Frequent,Moderate,4292,No,Yes,No,Yes,Low,7.4,Poor,1
1843,29,Female,Typical Angina,100,100,84,157,70,45,200,90,8.7,38.4,100,97,200,No,Normal,1.1,Upsloping,4,Normal,Never,Never,Low,4905,No,No,No,No,Low,7.7,Poor,0
1844,83,Male,Non-anginal Pain,118,118,101,197,85,46,188,109,6.5,21.7,90,79,146,No,Normal,0.7,Upsloping,0,Fixed Defect,Never,Frequent,High,7997,No,No,Yes,Yes,Low,8.8,Average,0
1845,51,Female,Asymptomatic,155,155,78,342,158,69,110,139,6.0,37.5,70,64,166,Yes,LVH,0.9,Flat,0,Normal,Never,Occasional,Moderate,12727,Yes,No,No,Yes,Medium,5.8,Poor,0
1846,36,Male,Atypical Angina,136,136,71,270,110,74,203,113,5.8,27.6,124,82,193,Yes,ST-T Abnormality,1.4,Downsloping,1,Reversible Defect,Current,Never,High,10810,No,No,No,No,Medium,8.4,Good,1
1847,46,Male,Non-anginal Pain,158,158,82,304,139,69,121,148,5.7,25.2,101,80,173,No,ST-T Abnormality,2.2,Flat,4,Fixed Defect,Former,Occasional,Low,2954,Yes,No,Yes,Yes,High,4.5,Poor,0
1848,41,Male,Non-anginal Pain,122,122,64,267,123,71,143,166,8.4,23.4,91,74,180,No,ST-T Abnormality,2.8,Flat,1,Reversible Defect,Current,Frequent,Moderate,10624,Yes,No,No,No,High,8.9,Good,0
1849,41,Female,Asymptomatic,143,143,71,302,157,74,75,180,6.8,21.3,104,59,178,Yes,LVH,2.2,Downsloping,3,Reversible Defect,Former,Frequent,Low,13679,Yes,No,No,No,Medium,5.0,Average,0
1850,85,Female,Non-anginal Pain,122,122,66,215,124,31,97,102,5.3,27.1,122,100,141,Yes,ST-T Abnormality,3.9,Downsloping,2,Reversible Defect,Former,Never,Low,4234,Yes,Yes,No,Yes,High,6.1,Average,1
1851,37,Female,Asymptomatic,133,133,80,216,102,37,290,136,7.1,39.5,102,67,178,Yes,Normal,0.7,Upsloping,0,Reversible Defect,Never,Never,Low,12467,No,No,No,Yes,Low,5.3,Good,1
1852,63,Male,Atypical Angina,105,105,73,312,138,56,294,123,6.9,22.3,106,67,145,No,ST-T Abnormality,0.6,Upsloping,4,Normal,Never,Never,Moderate,13521,Yes,Yes,No,No,Medium,6.0,Poor,1
1853,83,Female,Asymptomatic,136,136,61,270,125,51,90,156,8.2,27.6,70,98,129,Yes,ST-T Abnormality,0.0,Downsloping,4,Reversible Defect,Never,Occasional,Low,10117,No,No,No,Yes,High,6.9,Poor,1
1854,40,Female,Typical Angina,176,176,104,252,130,72,98,143,8.8,30.4,90,97,190,Yes,LVH,0.0,Flat,2,Normal,Never,Occasional,Low,5452,No,No,No,Yes,Low,5.2,Average,1
1855,29,Male,Asymptomatic,169,169,107,331,180,64,160,176,5.2,29.1,114,72,195,Yes,LVH,0.0,Flat,0,Fixed Defect,Never,Never,Moderate,14895,No,No,No,No,High,8.1,Good,0
1856,50,Male,Non-anginal Pain,159,159,81,214,84,72,226,137,7.7,18.4,91,91,167,Yes,LVH,2.7,Flat,4,Normal,Former,Occasional,High,4639,Yes,No,No,Yes,Medium,7.1,Average,1
1857,46,Male,Typical Angina,179,179,92,216,105,71,274,118,8.3,21.7,88,61,167,Yes,Normal,1.0,Flat,4,Normal,Former,Frequent,Low,7712,Yes,No,No,Yes,High,5.6,Average,1
1858,86,Female,Atypical Angina,121,121,86,232,135,34,249,153,8.3,33.7,81,74,130,Yes,ST-T Abnormality,2.6,Flat,2,Normal,Current,Frequent,High,13860,No,No,No,Yes,Medium,5.1,Poor,1
1859,35,Female,Typical Angina,180,180,71,318,172,63,210,162,7.4,24.2,80,83,170,No,Normal,2.4,Flat,1,Fixed Defect,Former,Occasional,High,4014,No,No,Yes,Yes,High,4.7,Average,1
1860,25,Male,Atypical Angina,140,140,99,237,133,52,100,136,5.1,18.2,112,59,200,No,ST-T Abnormality,1.2,Upsloping,1,Normal,Current,Occasional,Moderate,11806,No,No,No,Yes,High,6.3,Average,0
1861,55,Female,Atypical Angina,117,117,62,327,189,35,156,128,7.5,34.8,121,98,172,No,ST-T Abnormality,1.2,Flat,1,Fixed Defect,Never,Occasional,Moderate,3100,Yes,No,No,Yes,Low,8.7,Average,0
1862,36,Female,Typical Angina,155,155,72,241,110,39,221,158,4.9,29.1,83,60,183,No,LVH,1.4,Downsloping,1,Fixed Defect,Current,Frequent,Moderate,11312,Yes,No,No,Yes,Low,6.1,Average,0
1863,68,Male,Atypical Angina,142,142,65,317,177,75,295,121,8.0,36.9,123,74,152,Yes,ST-T Abnormality,0.0,Downsloping,1,Reversible Defect,Never,Occasional,Moderate,13881,Yes,No,Yes,No,High,7.1,Good,1
1864,57,Female,Asymptomatic,177,177,91,254,158,41,143,91,5.5,25.8,129,55,152,No,LVH,1.1,Downsloping,0,Reversible Defect,Never,Never,Moderate,7299,No,No,Yes,Yes,Low,5.9,Average,0
1865,89,Male,Atypical Angina,124,124,101,209,106,61,224,160,6.7,18.2,122,72,123,Yes,ST-T Abnormality,1.3,Flat,2,Normal,Never,Occasional,Moderate,4503,Yes,No,No,Yes,Medium,8.8,Average,1
1866,65,Female,Asymptomatic,149,149,90,319,180,60,71,180,5.2,22.5,84,95,160,No,Normal,1.3,Upsloping,4,Normal,Current,Occasional,Moderate,12076,Yes,No,No,Yes,Medium,4.5,Good,0
1867,78,Female,Atypical Angina,115,115,79,243,94,64,209,116,7.5,20.7,90,84,141,No,LVH,1.9,Upsloping,0,Fixed Defect,Current,Never,Low,8860,Yes,No,Yes,Yes,High,6.6,Average,1
1868,76,Male,Typical Angina,179,179,72,294,164,69,210,144,6.4,24.8,126,65,131,No,Normal,1.9,Flat,3,Reversible Defect,Current,Never,Moderate,5133,Yes,Yes,Yes,Yes,Medium,7.8,Average,1
1869,34,Male,Atypical Angina,146,146,100,312,129,63,79,139,5.5,22.0,82,91,186,No,Normal,1.9,Upsloping,1,Normal,Current,Occasional,Moderate,14058,Yes,No,No,Yes,Low,7.1,Good,0
1870,70,Male,Asymptomatic,131,131,94,375,197,78,169,136,9.2,20.3,122,97,146,No,Normal,0.0,Upsloping,3,Fixed Defect,Current,Never,Moderate,12400,No,Yes,Yes,Yes,Low,7.2,Average,1
1871,77,Female,Non-anginal Pain,151,151,69,224,139,42,277,152,7.7,20.3,77,56,141,No,LVH,0.7,Downsloping,4,Reversible Defect,Former,Occasional,Moderate,4313,Yes,Yes,Yes,Yes,High,6.8,Poor,1
1872,51,Male,Asymptomatic,170,170,67,293,144,35,133,104,4.9,34.7,91,59,157,No,Normal,2.6,Flat,3,Fixed Defect,Former,Frequent,Moderate,7566,Yes,No,Yes,No,Medium,5.6,Poor,1
1873,81,Male,Atypical Angina,135,135,101,287,106,75,174,102,6.1,36.2,73,71,125,No,LVH,1.5,Downsloping,3,Reversible Defect,Current,Occasional,High,3878,No,No,No,Yes,Low,5.6,Poor,0
1874,50,Female,Non-anginal Pain,152,152,70,224,79,45,101,171,6.3,18.3,93,66,167,No,LVH,0.2,Upsloping,2,Reversible Defect,Current,Occasional,Low,3370,No,No,Yes,Yes,Medium,6.7,Poor,1
1875,40,Female,Typical Angina,121,121,103,292,192,36,156,146,8.4,24.2,129,94,189,No,LVH,1.5,Flat,1,Reversible Defect,Never,Never,Moderate,3612,No,No,No,Yes,Low,8.2,Poor,0
1876,37,Female,Typical Angina,165,165,97,293,171,62,287,97,8.1,26.4,91,55,190,No,ST-T Abnormality,1.4,Upsloping,0,Normal,Never,Occasional,High,10113,No,No,No,No,Low,5.1,Poor,0
1877,75,Male,Non-anginal Pain,109,109,99,331,187,35,73,162,8.6,28.2,117,67,138,Yes,LVH,0.0,Flat,0,Fixed Defect,Never,Never,Moderate,2027,Yes,No,No,Yes,High,5.2,Poor,0
1878,52,Male,Asymptomatic,129,129,61,248,93,77,206,160,7.6,33.5,79,72,154,No,ST-T Abnormality,1.2,Downsloping,3,Fixed Defect,Never,Never,Moderate,6920,Yes,No,No,Yes,Low,7.2,Average,0
1879,53,Male,Asymptomatic,105,105,73,254,92,42,97,129,8.0,24.1,95,56,163,No,LVH,1.4,Downsloping,0,Fixed Defect,Former,Occasional,Low,7092,Yes,Yes,Yes,Yes,High,6.8,Poor,0
1880,64,Male,Asymptomatic,107,107,80,259,141,46,113,90,8.5,29.3,119,78,152,Yes,LVH,0.9,Flat,2,Normal,Former,Frequent,Low,8614,Yes,No,No,Yes,High,8.9,Poor,0
1881,77,Male,Asymptomatic,124,124,64,329,192,77,132,136,5.4,38.9,114,94,153,Yes,LVH,2.9,Flat,3,Reversible Defect,Current,Frequent,High,5530,No,No,No,No,High,7.7,Good,1
1882,31,Female,Non-anginal Pain,149,149,82,246,110,56,171,129,6.8,28.6,76,79,177,No,ST-T Abnormality,1.8,Flat,3,Normal,Former,Never,Low,3947,Yes,No,No,Yes,Medium,4.6,Good,0
1883,27,Female,Atypical Angina,123,123,83,353,220,41,158,157,8.6,31.8,102,76,199,No,LVH,0.4,Flat,1,Reversible Defect,Never,Never,Moderate,10449,No,No,No,Yes,High,6.4,Good,0
1884,49,Male,Atypical Angina,127,127,68,347,196,64,219,149,7.5,36.0,83,62,159,No,Normal,1.6,Downsloping,0,Normal,Never,Occasional,Moderate,2120,Yes,Yes,No,Yes,Medium,8.7,Average,1
1885,69,Female,Typical Angina,155,155,81,262,147,32,226,87,5.5,36.3,128,55,157,No,ST-T Abnormality,0.1,Downsloping,4,Reversible Defect,Former,Frequent,Low,2113,No,No,No,No,Low,6.3,Poor,0
1886,39,Male,Asymptomatic,153,153,65,275,104,56,296,88,6.9,34.9,115,81,169,Yes,ST-T Abnormality,1.6,Flat,3,Normal,Current,Frequent,Low,8734,No,No,No,Yes,High,6.2,Poor,1
1887,70,Female,Asymptomatic,133,133,80,230,137,36,156,123,5.0,33.6,97,65,135,No,Normal,1.3,Flat,0,Fixed Defect,Former,Frequent,Moderate,3316,No,No,No,No,High,8.8,Good,0
1888,72,Male,Non-anginal Pain,110,110,79,218,85,58,124,150,9.4,20.2,117,65,158,Yes,Normal,1.0,Downsloping,2,Reversible Defect,Former,Never,Moderate,7089,Yes,No,Yes,No,Medium,5.3,Average,1
1889,80,Male,Non-anginal Pain,129,129,63,240,111,60,171,163,7.2,35.5,121,87,129,No,Normal,1.2,Upsloping,2,Normal,Never,Frequent,Moderate,2688,No,No,No,No,High,6.2,Average,0
1890,38,Female,Non-anginal Pain,109,109,104,255,70,66,177,88,7.0,28.1,108,91,173,No,LVH,2.1,Flat,4,Normal,Current,Never,Moderate,14326,Yes,No,No,Yes,High,8.3,Average,1
1891,45,Female,Typical Angina,103,103,82,224,78,39,76,87,8.4,28.6,89,84,161,No,ST-T Abnormality,0.0,Upsloping,2,Fixed Defect,Current,Occasional,Moderate,14590,No,No,Yes,Yes,Low,8.8,Average,1
1892,82,Male,Atypical Angina,140,140,94,245,111,37,214,169,4.9,28.9,82,91,143,No,ST-T Abnormality,0.4,Upsloping,4,Normal,Current,Frequent,Low,5716,No,No,No,No,High,7.8,Good,1
1893,83,Male,Asymptomatic,129,129,101,256,119,79,169,149,6.3,18.1,123,84,132,No,Normal,0.2,Flat,2,Normal,Current,Occasional,Moderate,10279,No,No,Yes,Yes,Medium,7.4,Good,1
1894,90,Male,Typical Angina,156,156,95,304,158,63,218,102,6.1,37.5,98,78,128,No,LVH,1.7,Upsloping,2,Fixed Defect,Former,Occasional,Low,10817,Yes,No,No,No,Low,6.3,Poor,0
1895,48,Female,Asymptomatic,180,180,64,288,170,45,174,179,5.7,39.5,98,72,173,No,LVH,0.1,Downsloping,2,Normal,Former,Never,Moderate,5166,Yes,Yes,Yes,No,Low,6.7,Good,1
1896,78,Male,Asymptomatic,101,101,81,280,142,76,145,131,5.6,37.2,122,98,130,Yes,Normal,1.4,Flat,2,Normal,Former,Occasional,Moderate,14642,No,No,No,No,Low,6.9,Average,1
1897,65,Male,Asymptomatic,116,116,100,310,129,75,150,180,5.3,25.6,110,94,149,No,ST-T Abnormality,0.9,Flat,3,Fixed Defect,Current,Never,Moderate,14834,Yes,Yes,Yes,No,Low,8.1,Good,1
1898,69,Male,Asymptomatic,123,123,84,299,164,74,300,127,6.4,31.5,114,74,159,No,LVH,1.2,Downsloping,2,Reversible Defect,Current,Occasional,Moderate,13768,No,No,Yes,No,Low,8.6,Poor,1
1899,73,Male,Typical Angina,110,110,92,203,101,35,254,177,9.4,21.1,86,58,156,Yes,ST-T Abnormality,1.2,Downsloping,0,Fixed Defect,Current,Occasional,Moderate,7896,No,No,Yes,No,Low,5.8,Good,1
1900,52,Male,Atypical Angina,153,153,84,221,86,65,201,162,4.8,30.3,87,92,153,No,ST-T Abnormality,0.0,Downsloping,2,Reversible Defect,Never,Occasional,High,5380,Yes,Yes,No,No,Medium,6.8,Average,1
1901,79,Male,Asymptomatic,167,167,77,319,146,55,278,83,7.5,28.4,99,77,133,No,LVH,1.0,Upsloping,0,Normal,Never,Occasional,Low,4409,No,No,Yes,No,Medium,7.7,Average,1
1902,89,Female,Atypical Angina,167,167,103,225,132,35,187,119,7.6,21.9,113,72,116,Yes,LVH,1.0,Upsloping,0,Reversible Defect,Never,Frequent,High,3508,Yes,Yes,No,Yes,Low,4.7,Poor,1
1903,68,Male,Typical Angina,137,137,66,254,141,32,266,148,8.8,39.7,98,100,150,No,ST-T Abnormality,1.6,Flat,0,Fixed Defect,Never,Never,Moderate,12067,Yes,No,No,Yes,Low,5.3,Good,0
1904,80,Male,Typical Angina,132,132,94,267,111,57,279,106,5.5,28.5,84,74,137,No,LVH,1.8,Downsloping,1,Fixed Defect,Former,Occasional,Low,5976,No,Yes,No,No,Medium,5.6,Good,0
1905,70,Female,Non-anginal Pain,117,117,77,300,177,64,163,144,7.2,29.8,103,68,158,No,Normal,0.3,Downsloping,1,Reversible Defect,Current,Never,High,13293,Yes,Yes,Yes,Yes,Medium,6.9,Average,1
1906,39,Male,Non-anginal Pain,179,179,105,246,84,59,134,171,8.6,38.3,89,98,168,No,LVH,0.0,Flat,1,Fixed Defect,Former,Frequent,Moderate,11871,No,No,No,Yes,Low,5.5,Poor,0
1907,72,Female,Non-anginal Pain,140,140,98,241,110,54,201,107,8.1,35.6,121,82,151,No,Normal,1.0,Downsloping,2,Normal,Former,Never,Low,7672,No,No,Yes,No,Low,6.2,Good,1
1908,48,Female,Typical Angina,100,100,71,243,148,41,195,111,6.8,25.7,96,70,165,No,LVH,2.2,Downsloping,1,Reversible Defect,Never,Occasional,Low,11324,No,No,No,Yes,Medium,7.4,Average,0
1909,25,Male,Asymptomatic,118,118,72,275,131,52,71,167,5.0,30.4,70,92,195,No,Normal,2.2,Downsloping,0,Normal,Never,Never,Moderate,4094,Yes,No,No,No,Low,5.1,Poor,0
1910,30,Male,Typical Angina,149,149,64,219,77,48,143,140,8.9,30.7,81,83,197,No,ST-T Abnormality,3.1,Flat,0,Fixed Defect,Never,Frequent,Moderate,12057,Yes,No,No,Yes,Medium,5.4,Poor,0
1911,75,Female,Typical Angina,104,104,71,357,188,75,109,168,6.2,25.1,125,84,149,Yes,ST-T Abnormality,3.1,Upsloping,2,Fixed Defect,Former,Never,Moderate,4074,No,No,No,Yes,High,7.6,Average,1
1912,44,Female,Asymptomatic,148,148,94,285,150,57,227,95,6.1,38.1,115,81,174,No,LVH,1.4,Flat,2,Normal,Former,Never,Low,2082,Yes,No,No,Yes,Low,7.9,Average,0
1913,58,Male,Asymptomatic,123,123,69,304,199,41,179,179,8.4,27.8,80,75,149,No,LVH,0.6,Downsloping,1,Normal,Never,Never,Moderate,13807,Yes,Yes,No,No,Medium,4.7,Average,0
1914,60,Male,Asymptomatic,106,106,62,261,181,35,257,114,7.1,28.4,118,56,159,No,Normal,0.0,Downsloping,0,Normal,Current,Frequent,High,5376,No,No,No,Yes,Medium,4.8,Average,1
1915,74,Male,Typical Angina,164,164,90,195,82,71,200,177,5.8,19.9,116,78,141,No,LVH,0.8,Upsloping,1,Normal,Former,Occasional,Moderate,2888,No,No,No,No,Medium,6.2,Good,0
1916,65,Male,Non-anginal Pain,139,139,71,292,146,36,152,138,5.0,20.3,100,94,158,Yes,ST-T Abnormality,1.3,Upsloping,3,Normal,Never,Occasional,Moderate,12831,Yes,Yes,No,Yes,Low,6.4,Poor,1
1917,76,Male,Non-anginal Pain,180,180,62,311,217,44,268,173,7.6,25.6,115,89,150,No,LVH,1.9,Downsloping,3,Normal,Former,Occasional,Low,13389,Yes,No,No,No,Low,6.8,Good,1
1918,74,Male,Non-anginal Pain,173,173,68,363,212,41,198,135,6.2,31.4,93,60,134,Yes,LVH,2.4,Upsloping,3,Normal,Current,Frequent,Low,10078,No,No,Yes,Yes,Low,7.6,Poor,1
1919,39,Female,Non-anginal Pain,151,151,67,360,218,36,238,115,8.6,30.7,94,97,176,No,ST-T Abnormality,0.4,Downsloping,2,Reversible Defect,Former,Never,Moderate,4826,Yes,No,Yes,No,High,8.5,Good,1
1920,44,Female,Non-anginal Pain,170,170,109,270,159,64,260,117,7.7,35.0,116,84,175,No,Normal,1.9,Downsloping,1,Reversible Defect,Never,Occasional,High,5809,No,No,No,Yes,Low,8.5,Poor,0
1921,81,Male,Typical Angina,174,174,103,279,143,33,168,164,7.0,38.6,127,95,124,Yes,ST-T Abnormality,2.3,Flat,4,Reversible Defect,Never,Never,High,3953,Yes,No,No,Yes,Medium,4.7,Poor,1
1922,87,Male,Typical Angina,108,108,92,379,191,70,77,176,4.9,27.6,122,72,123,No,Normal,0.8,Upsloping,0,Normal,Current,Never,Low,13259,Yes,No,Yes,Yes,Medium,8.2,Good,1
1923,27,Female,Asymptomatic,145,145,102,309,216,40,107,114,6.2,38.1,111,95,186,No,ST-T Abnormality,2.2,Downsloping,3,Fixed Defect,Current,Occasional,High,7280,No,Yes,No,Yes,High,7.8,Good,1
1924,64,Female,Typical Angina,142,142,99,253,120,43,188,174,9.5,30.3,77,83,157,No,LVH,0.3,Upsloping,0,Reversible Defect,Former,Frequent,Moderate,11977,Yes,No,Yes,Yes,Low,8.7,Poor,1
1925,73,Female,Atypical Angina,148,148,85,300,209,34,256,171,9.4,27.3,125,81,136,No,ST-T Abnormality,2.4,Downsloping,4,Normal,Current,Frequent,Moderate,10230,No,No,No,No,Medium,6.6,Average,1
1926,79,Female,Typical Angina,161,161,73,344,188,61,188,120,5.0,36.5,122,99,130,No,ST-T Abnormality,2.3,Downsloping,4,Normal,Never,Never,High,12742,Yes,No,No,No,Low,8.3,Poor,1
1927,55,Female,Non-anginal Pain,151,151,81,366,197,65,285,131,4.8,28.3,117,83,174,No,ST-T Abnormality,0.4,Upsloping,2,Normal,Former,Occasional,Low,5442,Yes,Yes,Yes,Yes,Low,5.5,Good,1
1928,67,Female,Asymptomatic,175,175,102,247,112,75,228,176,5.8,33.0,102,77,153,No,LVH,0.2,Downsloping,3,Normal,Former,Occasional,High,13201,Yes,No,No,No,High,7.8,Good,0
1929,33,Male,Non-anginal Pain,137,137,99,285,127,79,208,175,6.7,27.2,77,60,179,No,Normal,0.5,Downsloping,0,Fixed Defect,Never,Never,Moderate,6802,No,No,No,No,Low,5.7,Average,0
1930,72,Male,Asymptomatic,134,134,60,291,170,59,84,90,9.0,39.3,85,87,139,No,Normal,3.0,Upsloping,4,Fixed Defect,Never,Occasional,Moderate,8944,No,Yes,Yes,Yes,Low,7.5,Good,1
1931,34,Female,Typical Angina,160,160,65,230,110,75,132,93,9.5,20.6,107,88,177,No,LVH,1.1,Flat,1,Normal,Never,Occasional,Moderate,2572,Yes,Yes,No,No,Medium,5.0,Good,0
1932,36,Female,Atypical Angina,144,144,83,231,92,47,290,106,9.2,23.2,91,74,184,Yes,ST-T Abnormality,1.0,Downsloping,1,Normal,Current,Occasional,Low,14370,No,Yes,No,Yes,Medium,7.5,Average,1
1933,49,Male,Typical Angina,106,106,88,265,172,51,215,91,6.7,33.2,84,73,173,Yes,ST-T Abnormality,2.0,Flat,0,Fixed Defect,Never,Never,Moderate,8436,No,No,Yes,No,High,8.0,Average,1
1934,87,Male,Atypical Angina,135,135,109,300,140,65,158,83,7.5,36.1,112,92,141,No,ST-T Abnormality,2.8,Upsloping,2,Fixed Defect,Current,Frequent,Low,14400,Yes,Yes,Yes,No,Low,8.8,Average,1
1935,51,Male,Non-anginal Pain,110,110,63,259,122,39,130,146,6.0,31.2,100,57,170,No,LVH,0.0,Upsloping,3,Reversible Defect,Never,Frequent,High,11190,Yes,Yes,No,Yes,High,4.6,Poor,0
1936,37,Female,Typical Angina,174,174,74,288,170,38,98,168,8.9,36.9,108,63,176,No,Normal,0.2,Downsloping,3,Fixed Defect,Current,Frequent,Moderate,14177,Yes,No,No,Yes,High,8.0,Poor,1
1937,25,Male,Asymptomatic,114,114,86,246,113,47,228,90,5.2,27.4,79,86,187,Yes,LVH,0.7,Upsloping,4,Normal,Never,Never,Low,13520,No,No,No,Yes,Low,7.8,Average,1
1938,51,Male,Typical Angina,139,139,82,320,187,76,217,112,5.3,37.9,120,99,159,Yes,ST-T Abnormality,1.4,Downsloping,2,Fixed Defect,Current,Never,Moderate,14387,No,Yes,Yes,Yes,High,7.5,Good,1
1939,47,Male,Asymptomatic,148,148,68,213,94,55,294,109,5.5,29.8,115,93,168,Yes,Normal,0.0,Upsloping,2,Normal,Former,Never,High,6132,Yes,Yes,Yes,No,Low,6.5,Good,1
1940,52,Female,Non-anginal Pain,169,169,77,269,104,63,248,91,6.9,29.3,89,85,167,No,Normal,0.9,Flat,2,Fixed Defect,Never,Never,Moderate,2057,No,Yes,Yes,No,High,5.8,Good,1
1941,29,Female,Non-anginal Pain,134,134,102,227,102,47,71,176,7.4,33.2,114,89,177,Yes,LVH,1.1,Flat,4,Fixed Defect,Never,Occasional,Low,6322,No,No,No,Yes,High,6.9,Poor,1
1942,66,Female,Typical Angina,103,103,79,283,179,41,136,158,8.9,18.6,105,67,143,No,ST-T Abnormality,0.7,Upsloping,3,Fixed Defect,Current,Frequent,Low,6101,Yes,No,Yes,No,Low,6.1,Good,1
1943,55,Male,Atypical Angina,102,102,106,206,82,62,79,154,8.7,25.1,92,85,155,No,Normal,2.4,Downsloping,1,Normal,Never,Never,High,12596,No,No,Yes,Yes,Low,7.4,Good,0
1944,58,Female,Atypical Angina,101,101,70,284,103,67,213,97,8.8,30.4,123,75,170,Yes,ST-T Abnormality,1.2,Downsloping,1,Reversible Defect,Former,Frequent,High,10608,Yes,Yes,No,No,High,7.6,Good,1
1945,57,Male,Non-anginal Pain,160,160,101,340,211,30,82,128,7.3,21.7,79,57,173,Yes,ST-T Abnormality,1.3,Flat,0,Normal,Current,Frequent,Low,10357,No,No,Yes,Yes,High,4.7,Average,1
1946,39,Female,Non-anginal Pain,174,174,99,225,81,31,98,93,8.5,19.9,77,100,177,No,ST-T Abnormality,0.7,Downsloping,2,Normal,Former,Never,High,8647,No,No,No,No,Low,6.6,Good,0
1947,69,Male,Typical Angina,117,117,96,238,122,47,155,119,9.4,34.6,112,98,139,No,Normal,2.1,Downsloping,3,Reversible Defect,Never,Frequent,Low,14495,No,Yes,No,No,Medium,4.9,Good,1
1948,63,Female,Non-anginal Pain,129,129,83,214,91,77,99,160,9.2,32.8,81,67,160,No,Normal,0.7,Flat,1,Normal,Former,Occasional,Low,14342,Yes,No,Yes,No,Medium,6.9,Good,0
1949,80,Female,Non-anginal Pain,148,148,67,314,208,59,226,112,7.6,23.4,127,59,140,No,Normal,3.4,Downsloping,0,Normal,Former,Frequent,Moderate,13632,No,No,No,No,High,7.1,Poor,0
1950,85,Male,Typical Angina,133,133,61,232,92,43,297,94,8.7,23.1,70,55,123,Yes,ST-T Abnormality,0.0,Upsloping,4,Reversible Defect,Former,Never,Low,4968,No,No,Yes,No,Low,5.2,Average,1
1951,58,Female,Typical Angina,141,141,64,338,194,62,299,107,6.1,19.8,108,83,153,Yes,LVH,1.0,Flat,4,Reversible Defect,Former,Frequent,Moderate,5357,Yes,No,No,No,High,5.7,Good,0
1952,30,Male,Asymptomatic,124,124,72,348,207,74,274,129,6.2,18.7,118,60,188,No,LVH,1.9,Upsloping,1,Reversible Defect,Never,Never,Moderate,9322,No,Yes,No,Yes,Medium,7.0,Good,0
1953,28,Female,Asymptomatic,148,148,83,273,96,58,255,143,6.2,24.1,87,61,200,No,ST-T Abnormality,2.6,Downsloping,0,Fixed Defect,Never,Frequent,Low,10732,Yes,No,Yes,Yes,Low,6.9,Good,1
1954,80,Female,Typical Angina,118,118,109,303,188,62,190,160,9.1,34.1,110,81,134,No,LVH,1.1,Downsloping,0,Fixed Defect,Current,Frequent,Low,12275,Yes,No,No,Yes,Low,4.9,Average,1
1955,30,Male,Typical Angina,141,141,81,270,133,75,112,174,6.9,18.5,96,88,183,Yes,Normal,0.2,Flat,4,Normal,Former,Frequent,Moderate,2482,No,No,No,No,Medium,5.1,Average,0
1956,84,Female,Non-anginal Pain,156,156,86,274,105,52,146,124,7.4,35.2,121,75,131,Yes,ST-T Abnormality,0.0,Downsloping,2,Reversible Defect,Never,Occasional,Moderate,3437,No,No,Yes,Yes,Medium,7.1,Good,1
1957,27,Male,Asymptomatic,138,138,79,204,75,51,159,111,7.4,39.7,122,91,190,Yes,LVH,1.2,Flat,0,Reversible Defect,Former,Never,Moderate,11536,Yes,No,No,No,Medium,6.3,Average,0
1958,87,Female,Typical Angina,161,161,97,248,131,36,96,96,6.1,33.4,118,92,128,Yes,Normal,0.2,Flat,2,Fixed Defect,Never,Frequent,High,5830,No,No,No,Yes,Medium,4.7,Good,1
1959,78,Male,Asymptomatic,126,126,98,294,177,56,176,123,6.4,37.2,74,96,145,No,Normal,1.2,Upsloping,3,Fixed Defect,Former,Never,High,5111,No,No,No,No,Low,8.2,Poor,1
1960,35,Male,Typical Angina,128,128,62,204,83,40,269,138,5.2,22.7,129,72,172,No,LVH,1.2,Flat,2,Normal,Former,Never,High,3854,Yes,No,No,No,Medium,5.8,Good,0
1961,53,Female,Atypical Angina,165,165,76,251,156,42,280,170,8.9,36.7,107,89,170,Yes,ST-T Abnormality,1.1,Flat,2,Fixed Defect,Current,Frequent,High,9648,Yes,Yes,No,No,Medium,5.4,Good,1
1962,51,Male,Non-anginal Pain,100,100,66,332,201,32,156,142,6.0,22.6,121,87,175,No,LVH,1.8,Upsloping,0,Normal,Current,Occasional,Moderate,3645,Yes,Yes,Yes,Yes,High,7.0,Good,1
1963,49,Female,Atypical Angina,180,180,83,277,147,47,175,137,8.7,18.3,76,85,168,No,ST-T Abnormality,2.7,Upsloping,3,Reversible Defect,Current,Never,Moderate,2707,Yes,No,No,No,Medium,7.6,Average,1
1964,59,Male,Atypical Angina,106,106,68,197,114,43,185,91,6.7,31.9,94,66,162,No,ST-T Abnormality,0.5,Upsloping,1,Normal,Never,Frequent,High,13963,Yes,No,Yes,No,Low,8.1,Good,0
1965,82,Male,Atypical Angina,178,178,103,302,183,78,82,161,9.3,38.2,114,92,142,No,Normal,0.2,Downsloping,2,Normal,Current,Occasional,Moderate,14442,Yes,Yes,Yes,Yes,Low,4.9,Good,1
1966,39,Male,Typical Angina,143,143,84,244,81,49,75,105,7.4,39.0,108,81,174,No,ST-T Abnormality,1.7,Upsloping,2,Fixed Defect,Never,Frequent,Moderate,12369,Yes,No,No,Yes,Medium,8.0,Good,0
1967,54,Male,Asymptomatic,102,102,91,378,205,64,150,119,5.8,34.2,92,81,157,No,LVH,1.0,Upsloping,3,Reversible Defect,Never,Frequent,Moderate,3638,No,Yes,Yes,No,Low,7.9,Poor,1
1968,62,Female,Typical Angina,104,104,106,211,86,34,212,100,5.5,33.0,83,87,160,No,LVH,0.3,Downsloping,3,Fixed Defect,Current,Frequent,High,6440,No,Yes,Yes,No,Medium,8.1,Good,1
1969,63,Female,Typical Angina,110,110,104,280,149,49,135,96,6.6,29.6,73,71,162,Yes,ST-T Abnormality,0.8,Upsloping,4,Normal,Former,Never,High,14931,Yes,No,Yes,No,Low,8.6,Poor,1
1970,81,Female,Typical Angina,146,146,107,283,160,50,284,106,6.9,35.3,123,95,145,No,Normal,1.6,Flat,4,Fixed Defect,Current,Occasional,Low,12461,Yes,No,Yes,Yes,High,8.8,Average,1
1971,28,Male,Atypical Angina,143,143,73,259,83,75,210,100,7.2,36.8,113,91,199,No,LVH,2.5,Upsloping,4,Reversible Defect,Never,Frequent,Moderate,5453,No,No,No,Yes,Medium,5.6,Good,0
1972,63,Female,Atypical Angina,117,117,89,231,92,46,250,176,6.6,25.5,80,87,157,No,LVH,2.0,Flat,3,Reversible Defect,Never,Never,Low,7075,Yes,No,Yes,Yes,Medium,5.7,Average,1
1973,77,Female,Typical Angina,133,133,84,189,78,34,106,97,5.1,19.8,109,68,146,No,LVH,0.8,Downsloping,0,Reversible Defect,Former,Frequent,Moderate,6864,Yes,No,Yes,Yes,Low,5.1,Poor,1
1974,70,Male,Typical Angina,119,119,105,242,108,71,277,143,6.8,19.2,128,57,155,No,LVH,1.9,Flat,2,Normal,Never,Frequent,High,8616,Yes,No,No,Yes,High,5.2,Good,0
1975,77,Female,Non-anginal Pain,141,141,104,322,193,61,257,94,5.5,24.4,83,73,135,No,ST-T Abnormality,1.8,Flat,4,Normal,Never,Never,High,3936,Yes,No,Yes,No,Low,5.6,Poor,1
1976,80,Female,Atypical Angina,102,102,73,307,181,49,100,89,7.7,26.6,86,95,148,No,ST-T Abnormality,2.6,Downsloping,1,Fixed Defect,Never,Never,Moderate,2308,No,No,No,No,Medium,8.9,Poor,0
1977,37,Female,Non-anginal Pain,140,140,60,346,211,50,278,106,8.2,35.8,73,64,181,No,ST-T Abnormality,0.0,Upsloping,0,Normal,Current,Frequent,High,10239,No,No,No,Yes,High,5.2,Good,0
1978,77,Female,Asymptomatic,136,136,79,263,116,63,96,112,8.9,29.1,118,67,152,No,Normal,0.2,Flat,1,Normal,Never,Frequent,Moderate,9293,Yes,No,Yes,No,High,5.2,Average,0
1979,42,Male,Asymptomatic,137,137,110,306,116,71,257,151,7.2,19.0,75,55,174,No,Normal,2.6,Flat,3,Reversible Defect,Former,Occasional,Moderate,11596,Yes,No,No,No,High,4.6,Average,0
1980,58,Male,Asymptomatic,163,163,66,263,148,36,217,177,6.4,37.4,120,71,172,No,Normal,1.2,Flat,4,Reversible Defect,Former,Occasional,Moderate,11992,Yes,Yes,No,Yes,High,5.0,Good,1
1981,50,Female,Non-anginal Pain,151,151,104,223,73,49,234,156,5.3,31.9,76,70,173,Yes,ST-T Abnormality,0.0,Downsloping,4,Reversible Defect,Never,Never,Moderate,14569,No,No,No,Yes,Medium,8.5,Average,1
1982,87,Female,Asymptomatic,171,171,81,340,166,78,171,88,7.9,24.1,115,81,137,No,Normal,0.0,Upsloping,0,Fixed Defect,Never,Frequent,High,8046,No,No,Yes,Yes,Medium,4.8,Average,1
1983,40,Female,Atypical Angina,122,122,80,281,139,76,247,95,8.5,29.5,106,60,190,Yes,LVH,1.7,Upsloping,4,Fixed Defect,Never,Never,Moderate,2872,Yes,No,No,Yes,High,5.1,Poor,0
1984,83,Female,Typical Angina,135,135,68,332,181,36,152,168,7.3,28.3,86,67,123,No,ST-T Abnormality,1.5,Downsloping,1,Normal,Never,Frequent,Moderate,2410,No,No,Yes,Yes,High,5.3,Good,1
1985,71,Female,Asymptomatic,107,107,71,321,149,73,225,160,5.4,23.9,125,79,140,No,Normal,0.0,Flat,2,Reversible Defect,Never,Never,Low,11366,No,Yes,No,Yes,Low,8.0,Poor,1
1986,39,Female,Atypical Angina,144,144,74,300,147,78,215,163,4.9,39.5,82,92,177,No,LVH,0.0,Downsloping,0,Fixed Defect,Former,Occasional,Low,13476,Yes,No,No,Yes,High,5.9,Poor,0
1987,44,Female,Asymptomatic,113,113,103,286,140,69,153,90,6.4,29.4,127,98,177,No,ST-T Abnormality,0.9,Downsloping,2,Reversible Defect,Never,Never,High,8566,Yes,No,Yes,No,Low,8.5,Poor,0
1988,56,Male,Non-anginal Pain,161,161,106,330,207,30,121,80,7.7,18.3,79,90,170,No,Normal,1.3,Upsloping,3,Normal,Former,Never,Moderate,10421,Yes,No,Yes,No,High,4.6,Average,0
1989,52,Male,Non-anginal Pain,150,150,63,201,105,47,208,165,5.6,33.8,112,88,172,No,Normal,2.6,Upsloping,2,Reversible Defect,Never,Never,Moderate,4079,Yes,Yes,Yes,No,Medium,7.9,Average,1
1990,40,Female,Typical Angina,157,157,108,212,98,45,269,113,6.4,19.8,92,99,180,No,ST-T Abnormality,0.6,Flat,1,Fixed Defect,Former,Never,Low,4528,No,No,Yes,Yes,High,4.7,Average,0
1991,88,Female,Asymptomatic,127,127,91,271,185,42,284,114,8.8,35.0,79,71,126,No,LVH,1.0,Upsloping,1,Normal,Never,Occasional,Moderate,12792,Yes,Yes,Yes,Yes,Low,7.4,Average,1
1992,87,Male,Asymptomatic,156,156,91,334,161,67,285,109,5.9,39.0,91,60,120,No,Normal,1.4,Downsloping,2,Normal,Current,Occasional,High,14547,Yes,No,Yes,Yes,Low,6.9,Good,1
1993,62,Male,Asymptomatic,159,159,107,226,96,69,109,115,7.3,25.2,126,88,165,Yes,LVH,1.1,Downsloping,4,Fixed Defect,Current,Never,Moderate,4619,No,No,Yes,Yes,Medium,6.0,Poor,1
1994,82,Male,Asymptomatic,157,157,80,163,75,34,187,117,7.1,37.8,93,95,138,No,Normal,0.9,Upsloping,3,Fixed Defect,Former,Occasional,Moderate,13722,No,No,Yes,No,Medium,7.6,Good,1
1995,90,Male,Atypical Angina,106,106,75,384,202,77,242,166,8.2,35.3,128,56,115,Yes,Normal,0.8,Downsloping,1,Normal,Never,Never,Moderate,6958,Yes,No,Yes,No,Low,8.0,Good,1
1996,65,Male,Asymptomatic,147,147,77,294,200,30,258,108,5.3,39.8,129,68,162,No,LVH,2.8,Downsloping,1,Fixed Defect,Never,Frequent,High,2472,No,Yes,No,Yes,High,6.9,Good,1
1997,71,Female,Asymptomatic,175,175,69,355,204,32,217,92,7.8,23.0,96,88,152,No,Normal,0.8,Upsloping,4,Fixed Defect,Never,Occasional,High,9536,No,No,No,Yes,Low,8.0,Good,1
1998,33,Female,Typical Angina,178,178,94,348,189,71,100,149,6.4,30.7,72,81,189,No,Normal,0.0,Flat,2,Fixed Defect,Former,Frequent,Moderate,4727,No,No,No,Yes,Medium,6.0,Average,0
1999,54,Male,Asymptomatic,128,128,61,309,198,49,246,127,5.5,34.2,113,63,171,No,ST-T Abnormality,0.0,Upsloping,1,Fixed Defect,Former,Frequent,Low,12924,Yes,No,No,Yes,Low,8.4,Good,0
2000,59,Male,Asymptomatic,146,146,110,331,176,59,98,163,7.5,24.3,114,92,157,Yes,ST-T Abnormality,1.6,Flat,3,Normal,Current,Occasional,Moderate,5091,No,No,Yes,No,High,6.0,Average,1
2001,61,Male,Atypical Angina,176,176,92,381,181,80,265,143,7.1,31.5,82,86,166,No,ST-T Abnormality,0.5,Upsloping,1,Fixed Defect,Former,Never,Moderate,14388,Yes,No,Yes,Yes,Low,8.0,Poor,1
2002,29,Female,Asymptomatic,126,126,90,334,202,40,243,175,5.0,36.7,128,95,193,Yes,Normal,3.9,Upsloping,4,Fixed Defect,Current,Never,High,14011,Yes,No,No,Yes,Low,7.3,Poor,1
2003,45,Female,Non-anginal Pain,136,136,90,311,159,76,182,166,8.2,39.4,99,65,171,No,Normal,0.0,Flat,1,Fixed Defect,Never,Never,Moderate,8685,No,Yes,Yes,No,Medium,7.1,Good,1
2004,58,Male,Atypical Angina,157,157,84,310,206,40,77,149,7.1,37.1,125,60,155,Yes,ST-T Abnormality,1.2,Downsloping,4,Normal,Never,Frequent,Moderate,3146,Yes,No,Yes,Yes,Low,8.8,Poor,1
2005,76,Male,Atypical Angina,122,122,84,270,192,34,177,96,8.5,25.0,119,65,149,No,LVH,1.3,Flat,4,Fixed Defect,Former,Never,Moderate,9983,Yes,No,No,Yes,High,5.6,Good,1
2006,37,Male,Asymptomatic,120,120,92,357,214,34,238,133,6.8,25.8,121,96,190,Yes,LVH,0.0,Flat,3,Reversible Defect,Never,Never,Low,2426,Yes,No,Yes,Yes,Medium,5.3,Good,1
2007,59,Male,Asymptomatic,133,133,93,357,176,73,214,158,8.8,31.5,76,62,162,No,LVH,2.3,Flat,3,Fixed Defect,Never,Never,Low,12217,Yes,Yes,No,Yes,High,7.7,Average,1
2008,79,Female,Typical Angina,144,144,100,314,173,64,188,126,8.9,23.5,105,92,145,No,ST-T Abnormality,2.0,Downsloping,0,Reversible Defect,Former,Frequent,Low,9763,Yes,No,Yes,Yes,Medium,6.6,Good,1
2009,66,Male,Non-anginal Pain,160,160,70,251,110,78,230,81,6.0,20.8,70,78,156,No,ST-T Abnormality,0.6,Downsloping,2,Fixed Defect,Current,Frequent,High,4171,No,Yes,No,No,Medium,6.6,Average,1
2010,44,Male,Asymptomatic,152,152,72,283,183,50,263,141,7.7,31.6,89,89,186,No,Normal,0.0,Downsloping,1,Reversible Defect,Never,Frequent,Low,2630,No,No,No,Yes,Medium,7.7,Poor,0
2011,39,Female,Non-anginal Pain,103,103,103,282,161,49,74,165,8.7,26.6,117,100,186,No,LVH,2.4,Flat,3,Reversible Defect,Never,Occasional,Moderate,3162,No,No,No,Yes,Low,6.9,Average,0
2012,76,Male,Atypical Angina,138,138,92,264,90,72,208,174,5.0,33.6,104,95,142,Yes,ST-T Abnormality,0.5,Flat,4,Normal,Current,Occasional,High,2097,No,Yes,No,Yes,Medium,7.5,Poor,1
2013,87,Female,Asymptomatic,141,141,85,215,78,64,96,178,5.6,31.3,91,67,123,Yes,Normal,2.0,Downsloping,4,Reversible Defect,Current,Frequent,Low,11972,No,Yes,Yes,No,Medium,6.8,Average,1
2014,49,Female,Typical Angina,165,165,100,347,179,75,262,144,7.4,31.0,88,57,162,No,LVH,0.5,Flat,0,Reversible Defect,Current,Occasional,High,5180,Yes,No,No,Yes,Medium,7.4,Good,1
2015,66,Female,Non-anginal Pain,143,143,95,226,80,63,262,172,5.9,25.0,80,87,143,Yes,ST-T Abnormality,0.3,Downsloping,3,Fixed Defect,Former,Occasional,Low,3348,Yes,Yes,No,No,Medium,6.1,Average,1
2016,83,Male,Atypical Angina,172,172,94,343,169,55,185,155,5.5,38.1,72,60,130,Yes,LVH,1.0,Flat,2,Fixed Defect,Current,Occasional,Moderate,5902,Yes,No,Yes,No,High,7.9,Average,1
2017,77,Male,Atypical Angina,142,142,81,258,111,45,137,154,6.0,26.8,79,99,136,Yes,ST-T Abnormality,0.0,Flat,1,Reversible Defect,Former,Occasional,Low,11469,Yes,No,No,Yes,High,4.5,Average,0
2018,79,Female,Atypical Angina,102,102,69,186,78,66,299,101,8.3,25.1,95,89,149,Yes,ST-T Abnormality,1.0,Upsloping,0,Fixed Defect,Current,Frequent,High,2214,No,Yes,No,No,Medium,7.6,Good,1
2019,33,Female,Typical Angina,137,137,108,226,70,39,121,127,5.8,39.4,90,65,186,Yes,LVH,1.7,Upsloping,4,Fixed Defect,Former,Never,Moderate,11704,No,No,No,No,High,6.3,Poor,1
2020,73,Male,Non-anginal Pain,105,105,67,260,82,78,171,82,7.3,24.3,88,83,143,No,LVH,1.5,Flat,2,Fixed Defect,Never,Frequent,Low,3918,No,No,No,No,Low,6.6,Poor,0
2021,37,Male,Asymptomatic,113,113,91,313,197,54,159,93,6.2,39.1,94,73,191,No,ST-T Abnormality,2.6,Downsloping,1,Reversible Defect,Current,Frequent,Low,8690,No,No,No,Yes,Low,7.2,Average,1
2022,49,Male,Atypical Angina,146,146,82,304,175,43,86,164,7.6,27.8,121,96,160,No,LVH,0.0,Upsloping,0,Fixed Defect,Former,Frequent,Moderate,11700,No,No,Yes,Yes,Medium,5.4,Average,0
2023,71,Male,Atypical Angina,179,179,78,310,194,33,267,89,4.8,38.8,72,71,148,No,LVH,0.8,Upsloping,2,Reversible Defect,Never,Frequent,Moderate,12915,No,Yes,No,Yes,High,6.5,Poor,1
2024,79,Male,Typical Angina,152,152,94,179,71,32,80,87,7.3,36.6,105,86,132,No,ST-T Abnormality,1.0,Flat,1,Fixed Defect,Current,Never,Low,7686,No,No,Yes,No,High,6.8,Poor,1
2025,48,Male,Typical Angina,102,102,82,204,94,59,189,81,8.7,31.6,86,79,167,Yes,LVH,1.0,Downsloping,3,Reversible Defect,Current,Occasional,Low,4321,Yes,No,No,No,High,8.8,Good,1
2026,49,Female,Asymptomatic,166,166,72,186,75,32,103,139,8.9,19.8,126,99,181,No,Normal,0.0,Flat,3,Fixed Defect,Never,Never,Moderate,10948,Yes,No,No,No,High,5.9,Good,0
2027,54,Male,Typical Angina,138,138,93,324,178,80,88,113,9.0,33.3,96,68,162,Yes,ST-T Abnormality,1.2,Flat,1,Fixed Defect,Current,Occasional,Moderate,14759,Yes,No,No,Yes,High,4.8,Good,1
2028,66,Female,Atypical Angina,115,115,104,277,196,36,79,126,8.4,37.8,107,56,156,No,LVH,0.0,Upsloping,1,Reversible Defect,Never,Frequent,Low,5955,No,Yes,Yes,Yes,High,7.1,Average,1
2029,27,Male,Asymptomatic,141,141,93,346,204,55,203,125,7.0,34.0,93,97,194,Yes,LVH,0.0,Flat,3,Fixed Defect,Never,Occasional,Low,4319,Yes,No,No,No,Medium,6.0,Poor,1
2030,51,Male,Atypical Angina,111,111,87,208,105,41,118,145,8.5,35.7,87,79,178,No,LVH,2.8,Downsloping,2,Fixed Defect,Never,Never,Moderate,13289,No,Yes,Yes,Yes,High,4.6,Good,1
2031,53,Female,Non-anginal Pain,166,166,84,282,144,67,233,124,5.8,28.0,116,100,171,No,ST-T Abnormality,1.3,Upsloping,3,Reversible Defect,Never,Occasional,Low,9915,No,No,No,No,Low,4.8,Good,0
2032,80,Female,Asymptomatic,149,149,99,330,161,49,126,161,4.9,39.5,85,92,148,No,LVH,0.0,Flat,4,Reversible Defect,Current,Occasional,Moderate,10642,Yes,No,Yes,No,High,8.0,Good,1
2033,64,Male,Non-anginal Pain,158,158,80,210,99,69,81,143,9.2,38.8,121,56,156,No,LVH,2.5,Downsloping,2,Reversible Defect,Never,Never,Moderate,11214,No,No,No,No,Low,4.9,Good,0
2034,28,Male,Atypical Angina,153,153,92,170,72,35,136,103,5.1,28.7,73,68,182,Yes,ST-T Abnormality,2.1,Downsloping,3,Normal,Never,Never,Moderate,8615,No,No,No,No,High,4.5,Average,0
2035,56,Female,Typical Angina,157,157,65,233,87,68,78,169,7.0,34.8,85,92,151,Yes,Normal,1.7,Flat,3,Fixed Defect,Current,Occasional,Moderate,12214,Yes,No,No,Yes,Low,5.6,Poor,1
2036,50,Female,Asymptomatic,156,156,68,227,134,43,123,178,8.6,29.2,120,60,157,Yes,Normal,1.8,Downsloping,2,Reversible Defect,Never,Occasional,Moderate,14483,No,No,No,Yes,High,4.8,Good,0
2037,88,Male,Asymptomatic,128,128,66,215,97,65,280,93,5.9,25.7,111,64,131,No,Normal,0.0,Flat,4,Fixed Defect,Never,Frequent,Moderate,2103,No,No,Yes,No,Medium,7.9,Average,1
2038,39,Female,Asymptomatic,142,142,74,230,118,35,282,97,8.5,33.2,122,94,182,No,ST-T Abnormality,2.1,Downsloping,0,Fixed Defect,Never,Frequent,Moderate,7680,No,No,No,No,High,5.9,Poor,0
2039,41,Male,Non-anginal Pain,162,162,68,235,83,57,300,114,6.4,27.8,130,76,184,No,Normal,1.8,Downsloping,2,Reversible Defect,Never,Never,Low,8645,No,No,No,No,Medium,7.4,Poor,0
2040,25,Male,Non-anginal Pain,132,132,70,233,96,31,117,109,7.0,18.3,85,76,191,No,ST-T Abnormality,2.7,Upsloping,2,Reversible Defect,Never,Occasional,Moderate,11265,No,No,No,Yes,Medium,8.9,Average,0
2041,90,Male,Non-anginal Pain,157,157,88,180,76,41,98,108,9.2,21.6,126,71,120,No,Normal,0.6,Flat,4,Reversible Defect,Current,Occasional,Low,13251,No,No,No,No,Low,5.2,Poor,1
2042,45,Male,Non-anginal Pain,128,128,103,201,104,33,165,178,8.8,18.7,92,89,170,No,Normal,0.9,Upsloping,4,Normal,Never,Never,High,7142,No,No,No,Yes,High,5.4,Average,0
2043,78,Female,Non-anginal Pain,177,177,96,265,147,69,150,172,6.3,32.1,114,85,135,No,Normal,0.5,Downsloping,1,Fixed Defect,Former,Occasional,Moderate,10148,Yes,Yes,No,No,Medium,7.1,Poor,1
2044,51,Male,Typical Angina,138,138,71,287,172,44,257,94,6.6,29.1,81,87,154,Yes,ST-T Abnormality,2.6,Downsloping,0,Fixed Defect,Never,Occasional,High,2093,No,No,No,No,High,7.1,Poor,1
2045,58,Male,Asymptomatic,161,161,103,229,94,41,161,108,6.4,38.8,82,95,147,No,LVH,1.0,Upsloping,0,Fixed Defect,Current,Occasional,Moderate,8770,Yes,No,No,Yes,Low,5.9,Good,0
2046,66,Female,Asymptomatic,138,138,91,273,124,33,174,174,8.6,36.6,112,80,163,No,ST-T Abnormality,2.5,Upsloping,3,Normal,Never,Occasional,Moderate,11249,Yes,Yes,No,Yes,Medium,5.7,Average,1
2047,73,Female,Non-anginal Pain,121,121,99,346,220,39,233,163,7.9,35.6,109,61,132,No,Normal,0.0,Downsloping,1,Normal,Current,Never,Low,14460,Yes,No,No,No,High,7.5,Average,1
2048,82,Female,Asymptomatic,116,116,60,327,204,58,134,94,7.9,37.5,79,84,146,No,ST-T Abnormality,0.0,Downsloping,0,Fixed Defect,Former,Frequent,Moderate,3345,No,Yes,No,Yes,High,5.0,Poor,0
2049,84,Female,Non-anginal Pain,177,177,94,364,219,67,113,129,5.2,39.0,78,95,136,No,Normal,1.6,Flat,3,Fixed Defect,Never,Never,Low,6860,No,Yes,No,Yes,Low,8.3,Good,1
2050,67,Male,Atypical Angina,171,171,96,235,140,44,135,131,5.0,32.3,118,62,162,Yes,Normal,1.6,Upsloping,4,Reversible Defect,Current,Frequent,Moderate,7878,No,Yes,Yes,No,Low,6.3,Poor,1
2051,37,Female,Asymptomatic,174,174,82,267,138,73,139,99,8.3,19.2,103,98,179,No,Normal,2.1,Upsloping,0,Fixed Defect,Never,Frequent,High,10205,No,Yes,No,No,Medium,8.8,Good,0
2052,35,Female,Atypical Angina,130,130,78,208,114,35,263,143,5.0,24.2,95,91,183,Yes,Normal,1.0,Flat,4,Normal,Current,Never,Low,7473,Yes,No,No,No,Medium,7.7,Poor,1
2053,73,Male,Non-anginal Pain,160,160,66,240,84,75,81,174,8.6,20.4,106,82,152,No,ST-T Abnormality,0.0,Flat,2,Fixed Defect,Current,Never,Moderate,6373,No,No,No,No,High,5.6,Good,1
2054,70,Female,Asymptomatic,167,167,98,330,175,59,266,123,8.6,33.9,109,76,153,No,Normal,1.1,Upsloping,2,Normal,Former,Frequent,Moderate,8401,Yes,Yes,No,Yes,Low,6.2,Poor,1
2055,56,Female,Asymptomatic,150,150,94,245,143,38,180,121,7.3,39.7,104,67,160,No,Normal,1.9,Flat,0,Fixed Defect,Current,Occasional,High,14827,Yes,No,No,Yes,Low,5.6,Average,1
2056,68,Female,Atypical Angina,170,170,102,242,123,55,296,102,5.8,25.2,73,62,156,No,ST-T Abnormality,1.2,Upsloping,1,Normal,Former,Never,Moderate,5783,No,No,Yes,Yes,Low,5.9,Good,0
2057,82,Male,Atypical Angina,127,127,107,370,184,74,220,167,7.7,29.0,109,86,128,No,Normal,1.1,Upsloping,0,Normal,Never,Never,Low,5426,No,Yes,No,Yes,High,5.8,Average,0
2058,59,Male,Asymptomatic,110,110,74,263,145,68,261,119,7.7,32.6,104,93,167,No,Normal,0.0,Flat,1,Reversible Defect,Current,Never,Moderate,3434,Yes,No,Yes,Yes,High,4.6,Good,1
2059,52,Male,Asymptomatic,108,108,79,285,120,74,241,172,6.3,30.4,76,58,169,No,LVH,0.0,Upsloping,2,Reversible Defect,Current,Never,Moderate,2191,No,No,No,No,High,8.5,Good,1
2060,48,Male,Typical Angina,174,174,73,338,157,75,244,151,7.6,38.5,103,96,162,Yes,LVH,1.9,Upsloping,0,Normal,Current,Occasional,Moderate,4593,Yes,Yes,No,Yes,High,8.1,Good,1
2061,88,Female,Atypical Angina,100,100,92,251,149,47,105,114,7.6,39.9,89,89,136,No,Normal,1.9,Flat,2,Reversible Defect,Never,Occasional,Moderate,10993,No,No,Yes,No,High,6.7,Poor,1
2062,52,Male,Atypical Angina,101,101,78,206,87,68,131,119,9.0,29.2,71,96,171,No,LVH,0.9,Downsloping,3,Normal,Former,Occasional,Moderate,4364,No,No,Yes,Yes,Medium,7.2,Average,0
2063,51,Male,Asymptomatic,159,159,110,250,86,65,232,148,6.9,19.2,81,82,158,No,LVH,0.9,Flat,3,Normal,Current,Frequent,Low,2325,No,No,Yes,Yes,High,6.7,Good,1
2064,36,Male,Non-anginal Pain,144,144,97,339,204,76,192,132,7.4,38.9,124,95,189,Yes,ST-T Abnormality,0.9,Upsloping,3,Fixed Defect,Never,Never,Moderate,10274,Yes,No,No,Yes,Medium,7.2,Average,1
2065,28,Female,Typical Angina,111,111,90,379,220,77,297,147,8.7,24.0,105,55,194,Yes,LVH,2.0,Flat,1,Fixed Defect,Never,Never,Moderate,8333,Yes,No,No,Yes,Low,8.4,Good,0
2066,57,Female,Atypical Angina,107,107,73,236,114,73,124,120,7.4,20.5,82,85,150,No,ST-T Abnormality,1.5,Upsloping,0,Fixed Defect,Former,Never,Low,9675,No,Yes,Yes,Yes,High,8.2,Average,1
2067,85,Male,Typical Angina,112,112,84,275,170,32,253,176,7.8,37.7,102,61,136,Yes,LVH,1.6,Upsloping,2,Fixed Defect,Former,Occasional,Low,12884,No,No,No,No,High,5.8,Average,1
2068,62,Male,Non-anginal Pain,170,170,109,236,81,72,130,123,4.8,22.3,125,60,152,Yes,ST-T Abnormality,0.6,Upsloping,4,Reversible Defect,Never,Never,High,7909,Yes,Yes,Yes,No,High,4.8,Good,1
2069,57,Male,Atypical Angina,148,148,107,303,122,74,72,161,7.3,27.8,93,77,163,No,Normal,0.0,Downsloping,0,Reversible Defect,Never,Occasional,High,14377,No,Yes,Yes,Yes,Medium,7.2,Poor,0
2070,52,Male,Non-anginal Pain,132,132,87,284,164,68,80,173,6.9,39.0,127,62,158,Yes,LVH,0.6,Upsloping,0,Fixed Defect,Never,Never,Low,2090,No,No,Yes,No,Low,8.1,Good,1
2071,78,Male,Asymptomatic,177,177,106,306,182,45,291,121,5.7,20.2,101,91,139,Yes,ST-T Abnormality,2.0,Upsloping,1,Reversible Defect,Current,Occasional,High,3639,Yes,Yes,No,Yes,Medium,9.0,Good,1
2072,31,Male,Asymptomatic,143,143,62,224,91,64,138,81,9.4,21.0,103,95,198,Yes,LVH,1.7,Flat,4,Fixed Defect,Current,Frequent,High,9999,No,No,No,Yes,Low,6.1,Good,0
2073,29,Male,Asymptomatic,138,138,64,386,206,75,189,163,7.6,35.7,81,79,178,Yes,ST-T Abnormality,1.8,Downsloping,2,Reversible Defect,Never,Occasional,Low,12029,Yes,No,Yes,Yes,Low,6.1,Poor,1
2074,71,Female,Atypical Angina,128,128,76,236,129,30,246,129,7.2,18.1,88,94,151,No,ST-T Abnormality,0.7,Upsloping,2,Normal,Current,Frequent,Moderate,10068,Yes,Yes,Yes,Yes,Medium,7.3,Poor,1
2075,43,Male,Asymptomatic,108,108,67,245,126,68,113,89,8.8,23.0,128,96,178,Yes,Normal,0.0,Flat,3,Reversible Defect,Current,Occasional,High,14115,No,Yes,No,Yes,Low,6.0,Average,1
2076,58,Female,Typical Angina,168,168,95,357,211,39,218,121,8.0,39.4,104,61,160,Yes,Normal,3.4,Flat,3,Normal,Former,Never,High,9938,Yes,No,Yes,No,Medium,5.5,Average,1
2077,62,Male,Typical Angina,106,106,73,329,209,58,149,158,6.0,29.7,126,65,162,No,Normal,1.4,Flat,3,Reversible Defect,Never,Occasional,High,2465,Yes,No,No,No,Medium,6.0,Average,0
2078,48,Female,Non-anginal Pain,164,164,82,191,77,62,271,91,6.0,26.1,112,96,174,No,LVH,0.0,Downsloping,0,Reversible Defect,Current,Never,Low,9761,Yes,No,Yes,No,High,8.0,Average,0
2079,30,Female,Typical Angina,118,118,78,227,86,76,129,107,6.5,32.4,98,57,187,Yes,Normal,1.9,Downsloping,3,Normal,Current,Occasional,High,2963,Yes,No,Yes,No,Medium,6.1,Good,1
2080,75,Male,Atypical Angina,114,114,95,317,160,59,106,176,7.9,24.4,129,58,132,No,Normal,1.6,Downsloping,2,Fixed Defect,Never,Occasional,High,7908,Yes,No,No,No,High,5.0,Average,0
2081,38,Male,Asymptomatic,152,152,82,319,185,47,128,140,8.7,29.3,121,92,172,No,Normal,1.8,Flat,3,Fixed Defect,Current,Never,Low,8123,Yes,No,No,No,Low,5.3,Average,0
2082,75,Male,Typical Angina,121,121,109,225,122,31,82,102,6.7,19.2,114,89,143,Yes,ST-T Abnormality,2.0,Flat,1,Fixed Defect,Former,Occasional,Moderate,6328,No,Yes,No,Yes,Medium,6.3,Poor,1
2083,66,Male,Asymptomatic,135,135,109,364,199,67,141,140,8.6,20.2,108,55,145,Yes,Normal,1.9,Flat,2,Normal,Never,Frequent,High,13644,No,Yes,Yes,No,Low,8.1,Good,1
2084,66,Female,Typical Angina,120,120,86,385,204,64,219,91,6.7,21.3,98,85,163,Yes,Normal,0.1,Upsloping,3,Normal,Never,Never,High,13500,No,No,Yes,No,Medium,7.2,Poor,1
2085,63,Female,Non-anginal Pain,175,175,110,274,127,58,132,153,6.7,28.7,127,84,148,Yes,Normal,0.2,Flat,1,Normal,Never,Never,Low,2632,No,No,Yes,Yes,Low,7.7,Good,1
2086,34,Female,Atypical Angina,164,164,89,204,117,34,290,153,7.3,29.0,98,90,172,Yes,Normal,1.6,Flat,3,Reversible Defect,Never,Frequent,Moderate,3919,Yes,No,No,No,High,8.1,Good,1
2087,84,Male,Atypical Angina,157,157,99,225,79,69,288,162,6.7,24.6,129,98,138,No,LVH,0.2,Upsloping,1,Fixed Defect,Never,Occasional,High,4526,Yes,No,Yes,No,High,8.5,Poor,0
2088,75,Female,Asymptomatic,148,148,84,342,179,44,72,82,8.5,23.1,98,69,144,Yes,ST-T Abnormality,0.0,Flat,1,Normal,Current,Occasional,Moderate,2148,No,No,Yes,Yes,High,5.4,Good,1
2089,54,Male,Asymptomatic,176,176,60,242,71,71,202,102,6.6,20.1,115,86,161,No,Normal,2.5,Flat,4,Fixed Defect,Current,Occasional,Moderate,2657,Yes,No,No,Yes,Low,8.5,Good,1
2090,28,Male,Asymptomatic,141,141,65,257,91,74,171,132,9.5,21.8,124,85,180,No,ST-T Abnormality,0.5,Flat,4,Fixed Defect,Never,Never,Moderate,6894,Yes,No,No,Yes,Low,7.9,Poor,0
2091,50,Female,Atypical Angina,132,132,96,239,89,59,215,150,9.3,18.6,130,90,169,No,Normal,2.0,Downsloping,3,Reversible Defect,Current,Frequent,High,9487,Yes,No,Yes,No,Medium,6.6,Poor,0
2092,42,Female,Asymptomatic,132,132,90,350,175,59,174,149,5.0,23.9,84,62,172,No,LVH,1.1,Upsloping,0,Reversible Defect,Current,Never,Moderate,2470,Yes,No,No,No,High,6.6,Average,0
2093,74,Male,Non-anginal Pain,127,127,92,285,180,49,95,101,9.5,19.2,91,65,152,Yes,LVH,1.0,Downsloping,4,Fixed Defect,Current,Never,Moderate,12377,Yes,Yes,Yes,Yes,High,8.5,Poor,1
2094,46,Female,Typical Angina,142,142,76,275,118,66,183,179,6.6,23.7,96,77,179,No,LVH,1.7,Downsloping,2,Reversible Defect,Former,Never,Low,8911,No,No,No,No,Low,8.2,Good,0
2095,47,Female,Non-anginal Pain,112,112,78,206,109,33,205,153,7.7,21.2,98,99,177,No,Normal,0.5,Downsloping,1,Reversible Defect,Never,Frequent,High,2349,No,No,No,Yes,High,7.0,Poor,0
2096,85,Male,Asymptomatic,169,169,99,318,178,46,201,120,7.3,19.3,71,58,133,No,Normal,1.7,Downsloping,4,Normal,Never,Never,Low,12558,No,No,Yes,No,High,8.0,Average,1
2097,49,Female,Atypical Angina,157,157,101,288,134,41,201,80,8.9,25.3,86,58,174,No,Normal,2.5,Flat,3,Reversible Defect,Current,Never,Moderate,4703,No,No,No,No,High,5.9,Poor,1
2098,58,Male,Atypical Angina,169,169,84,351,211,54,136,151,7.1,38.7,74,66,150,No,LVH,0.3,Upsloping,1,Fixed Defect,Never,Never,High,3527,Yes,No,No,No,Medium,7.4,Average,0
2099,84,Female,Asymptomatic,153,153,64,252,134,36,109,112,9.4,36.9,121,84,140,No,LVH,1.5,Downsloping,0,Fixed Defect,Never,Never,Moderate,9576,No,No,Yes,Yes,Low,6.0,Good,1
2100,51,Male,Non-anginal Pain,126,126,77,325,184,39,137,94,5.9,18.9,119,58,167,No,Normal,1.8,Flat,3,Normal,Current,Frequent,Low,13631,Yes,No,Yes,Yes,Medium,8.7,Good,1
2101,41,Male,Typical Angina,132,132,102,224,122,59,197,101,7.7,31.5,82,75,164,No,Normal,1.9,Flat,3,Normal,Never,Frequent,High,9495,Yes,No,No,No,Medium,5.1,Good,0
2102,72,Male,Atypical Angina,179,179,106,365,208,54,178,105,9.4,31.5,115,70,155,No,ST-T Abnormality,4.6,Downsloping,0,Fixed Defect,Former,Occasional,Moderate,14749,No,No,No,No,High,4.9,Good,1
2103,32,Female,Asymptomatic,176,176,108,181,101,36,253,150,8.0,31.3,109,76,192,Yes,ST-T Abnormality,1.8,Upsloping,3,Normal,Current,Occasional,Low,3190,Yes,No,No,Yes,High,5.2,Good,1
2104,33,Male,Typical Angina,151,151,80,311,134,58,276,144,6.3,23.9,86,99,186,No,LVH,0.5,Downsloping,2,Fixed Defect,Former,Frequent,Moderate,10425,Yes,No,No,No,High,4.7,Poor,0
2105,85,Female,Non-anginal Pain,118,118,110,169,70,55,243,162,5.4,31.7,106,79,127,No,LVH,2.6,Downsloping,4,Reversible Defect,Never,Never,Low,5069,Yes,No,No,No,Medium,6.7,Poor,1
2106,89,Male,Non-anginal Pain,107,107,82,325,169,59,148,92,8.1,25.3,79,64,123,No,LVH,1.5,Flat,1,Reversible Defect,Never,Frequent,Low,3703,Yes,Yes,No,Yes,Medium,5.5,Poor,1
2107,42,Female,Typical Angina,154,154,71,173,74,49,265,121,6.2,29.4,87,86,180,Yes,ST-T Abnormality,2.4,Downsloping,0,Reversible Defect,Current,Occasional,High,2252,Yes,No,No,No,Medium,7.6,Poor,0
2108,34,Female,Typical Angina,162,162,74,381,194,73,250,118,7.8,36.3,120,55,177,No,ST-T Abnormality,2.1,Upsloping,2,Fixed Defect,Never,Never,High,10084,Yes,Yes,Yes,Yes,Medium,4.7,Good,1
2109,47,Female,Typical Angina,139,139,72,280,157,57,134,110,5.2,18.2,80,80,181,No,LVH,1.0,Flat,1,Reversible Defect,Never,Occasional,Moderate,9010,No,No,Yes,No,Medium,6.2,Average,0
2110,89,Male,Typical Angina,145,145,72,254,94,56,190,84,5.1,26.4,89,60,123,No,ST-T Abnormality,1.4,Upsloping,4,Reversible Defect,Never,Occasional,Low,2931,Yes,Yes,No,No,High,8.2,Good,0
2111,41,Female,Atypical Angina,142,142,109,276,169,47,229,132,8.7,35.6,97,56,173,No,LVH,1.1,Downsloping,2,Fixed Defect,Never,Frequent,High,13000,No,No,No,No,Low,8.8,Poor,0
2112,87,Male,Non-anginal Pain,117,117,79,206,92,45,161,130,7.6,23.6,128,55,131,Yes,Normal,0.5,Flat,3,Fixed Defect,Never,Occasional,Low,2442,No,No,No,No,High,6.1,Good,1
2113,46,Female,Typical Angina,109,109,69,302,126,70,223,136,6.1,19.8,97,76,167,No,Normal,2.0,Flat,1,Reversible Defect,Former,Occasional,Low,2955,No,No,Yes,Yes,Medium,5.0,Poor,0
2114,78,Female,Typical Angina,156,156,70,207,133,31,161,179,8.2,26.3,74,74,138,No,Normal,3.0,Downsloping,3,Reversible Defect,Never,Occasional,Moderate,14397,Yes,No,No,No,Medium,6.6,Average,0
2115,53,Female,Typical Angina,165,165,79,276,135,40,104,176,8.3,28.4,79,99,175,Yes,ST-T Abnormality,0.1,Upsloping,3,Normal,Never,Occasional,Moderate,13698,No,No,No,No,High,7.1,Average,0
2116,89,Male,Asymptomatic,111,111,106,330,187,52,190,104,5.5,30.8,120,55,132,No,LVH,0.9,Flat,4,Reversible Defect,Current,Occasional,Low,10530,Yes,No,Yes,Yes,Medium,8.3,Average,1
2117,83,Male,Typical Angina,140,140,64,377,207,77,198,133,8.9,38.7,89,66,147,No,ST-T Abnormality,2.6,Flat,4,Normal,Former,Never,Moderate,8886,No,No,No,Yes,Low,8.5,Poor,0
2118,55,Male,Atypical Angina,160,160,94,313,213,34,153,117,8.9,26.4,93,92,165,No,LVH,2.3,Upsloping,1,Normal,Never,Frequent,Low,2313,No,No,Yes,No,High,8.1,Average,1
2119,53,Female,Asymptomatic,140,140,110,188,80,33,73,127,7.4,36.5,72,60,154,No,LVH,2.2,Flat,3,Reversible Defect,Current,Never,Low,12507,No,No,Yes,Yes,High,7.4,Good,1
2120,89,Male,Typical Angina,114,114,66,289,195,33,207,157,7.9,25.4,114,81,124,No,Normal,1.3,Downsloping,3,Normal,Never,Occasional,High,12068,No,No,No,No,Medium,8.4,Good,1
2121,37,Female,Non-anginal Pain,149,149,65,349,211,74,142,155,5.7,30.1,99,59,183,Yes,LVH,1.7,Flat,3,Normal,Current,Never,High,5813,No,No,No,Yes,Medium,8.7,Average,1
2122,59,Female,Typical Angina,109,109,86,325,159,55,164,136,7.2,35.6,124,55,152,No,ST-T Abnormality,3.6,Flat,2,Normal,Never,Frequent,High,3247,No,No,No,Yes,High,8.8,Average,0
2123,37,Female,Typical Angina,176,176,91,214,77,39,280,155,9.0,34.5,97,100,171,Yes,LVH,2.3,Downsloping,0,Fixed Defect,Never,Occasional,Moderate,8110,Yes,No,Yes,Yes,Medium,5.8,Average,1
2124,75,Female,Non-anginal Pain,138,138,74,320,178,65,97,118,6.6,30.2,127,99,138,Yes,LVH,0.9,Flat,3,Fixed Defect,Never,Frequent,High,13824,No,No,No,Yes,High,8.4,Average,1
2125,79,Female,Atypical Angina,102,102,68,277,178,35,222,91,6.7,30.7,110,95,144,No,LVH,1.6,Flat,3,Reversible Defect,Never,Occasional,Low,5377,No,No,No,No,High,6.6,Good,1
2126,74,Female,Asymptomatic,145,145,74,264,90,73,267,160,8.7,30.8,77,72,155,No,Normal,0.0,Flat,0,Fixed Defect,Former,Occasional,Moderate,5574,No,No,No,No,Low,6.4,Poor,0
2127,40,Male,Atypical Angina,161,161,70,338,176,69,277,102,6.6,30.9,83,84,165,No,ST-T Abnormality,0.6,Upsloping,1,Normal,Current,Frequent,Moderate,8767,Yes,No,No,No,Low,6.4,Good,1
2128,34,Male,Typical Angina,147,147,87,292,178,59,228,149,5.8,37.5,113,92,194,No,LVH,0.0,Downsloping,3,Fixed Defect,Former,Frequent,Moderate,7845,No,Yes,No,Yes,Medium,5.7,Poor,1
2129,87,Male,Non-anginal Pain,125,125,63,259,112,65,108,99,8.9,25.7,125,57,135,No,LVH,0.0,Upsloping,3,Normal,Former,Occasional,Moderate,7676,No,Yes,No,No,Medium,7.4,Average,0
2130,59,Male,Non-anginal Pain,170,170,89,224,106,30,179,133,7.3,32.0,100,66,169,No,LVH,1.5,Upsloping,0,Reversible Defect,Never,Frequent,High,12986,Yes,Yes,No,No,High,6.2,Poor,0
2131,35,Female,Asymptomatic,177,177,98,268,127,55,161,149,8.6,28.6,76,89,195,No,Normal,0.5,Flat,3,Fixed Defect,Never,Frequent,Moderate,4681,Yes,No,Yes,Yes,Low,6.9,Poor,0
2132,28,Male,Typical Angina,173,173,76,329,167,45,171,80,8.4,20.2,118,86,185,Yes,LVH,0.0,Upsloping,2,Fixed Defect,Never,Frequent,High,9273,No,No,No,Yes,High,6.6,Good,0
2133,63,Male,Atypical Angina,111,111,98,312,166,57,228,127,4.8,24.8,128,80,162,Yes,LVH,2.5,Downsloping,4,Fixed Defect,Current,Occasional,High,3345,Yes,Yes,Yes,Yes,Low,8.1,Average,1
2134,68,Male,Typical Angina,114,114,99,275,154,72,139,123,7.7,39.4,75,69,146,No,ST-T Abnormality,3.6,Downsloping,0,Fixed Defect,Former,Never,Low,11846,Yes,No,Yes,Yes,Low,5.7,Poor,1
2135,36,Female,Typical Angina,144,144,86,358,210,58,249,111,9.3,30.9,103,86,189,Yes,ST-T Abnormality,2.1,Upsloping,2,Normal,Never,Never,Low,13087,No,No,No,Yes,Low,5.3,Good,1
2136,47,Female,Asymptomatic,180,180,71,256,91,52,281,129,8.1,23.6,87,99,179,Yes,LVH,1.9,Flat,4,Normal,Current,Frequent,Moderate,5082,Yes,No,Yes,No,Medium,7.6,Poor,1
2137,62,Male,Asymptomatic,144,144,64,290,166,77,201,80,7.3,21.9,128,87,163,Yes,Normal,0.4,Upsloping,0,Fixed Defect,Former,Never,Low,10491,No,Yes,Yes,No,Low,5.2,Average,1
2138,44,Male,Asymptomatic,174,174,71,316,163,66,260,153,5.5,37.6,70,75,171,Yes,LVH,0.2,Flat,1,Reversible Defect,Never,Occasional,Low,14220,Yes,No,No,Yes,High,6.5,Poor,0
2139,54,Female,Typical Angina,106,106,69,335,191,41,74,148,5.8,19.1,105,64,153,No,Normal,1.8,Upsloping,1,Normal,Never,Frequent,Low,3419,No,No,No,Yes,High,5.0,Good,0
2140,55,Female,Typical Angina,176,176,70,268,87,75,128,155,7.0,36.6,106,69,174,No,LVH,1.3,Downsloping,1,Fixed Defect,Never,Never,Low,10669,No,No,No,No,Low,5.4,Good,0
2141,30,Female,Typical Angina,161,161,103,291,220,30,225,139,7.3,21.1,93,84,181,No,Normal,1.8,Flat,3,Normal,Never,Frequent,High,12120,Yes,No,No,Yes,High,6.0,Average,0
2142,33,Male,Atypical Angina,174,174,82,284,155,74,136,112,5.0,20.7,93,71,189,No,LVH,2.1,Downsloping,1,Reversible Defect,Never,Frequent,Moderate,7940,No,No,No,Yes,Low,6.9,Good,0
2143,44,Male,Typical Angina,143,143,98,248,153,45,213,175,6.9,27.8,78,95,161,No,ST-T Abnormality,1.2,Flat,3,Fixed Defect,Former,Occasional,Low,10166,No,No,No,Yes,High,7.9,Good,0
2144,40,Female,Asymptomatic,101,101,102,219,90,75,135,179,9.5,35.5,96,62,165,No,LVH,0.1,Upsloping,0,Normal,Never,Occasional,Moderate,11171,Yes,No,No,No,High,7.5,Average,0
2145,61,Male,Typical Angina,136,136,96,255,99,68,99,141,7.9,33.7,120,66,162,No,LVH,0.0,Flat,0,Normal,Never,Occasional,Low,4644,No,Yes,Yes,No,Medium,5.0,Poor,1
2146,32,Female,Atypical Angina,103,103,109,308,120,74,139,106,6.3,33.7,108,88,183,No,LVH,2.9,Flat,2,Normal,Current,Never,Moderate,5125,Yes,No,No,Yes,High,8.7,Good,1
2147,72,Female,Asymptomatic,163,163,95,275,101,56,273,100,8.4,22.3,89,88,133,Yes,Normal,2.8,Downsloping,3,Fixed Defect,Former,Never,Moderate,10225,No,Yes,Yes,Yes,Medium,8.3,Good,1
2148,73,Female,Asymptomatic,102,102,73,247,111,63,146,174,6.5,25.0,87,72,142,No,ST-T Abnormality,0.4,Upsloping,4,Fixed Defect,Current,Occasional,High,10482,No,Yes,Yes,Yes,Medium,5.5,Good,1
2149,49,Female,Typical Angina,114,114,101,331,208,61,277,125,9.3,30.8,110,67,163,No,LVH,1.3,Flat,1,Fixed Defect,Former,Never,Low,12905,Yes,Yes,No,No,High,5.1,Good,0
2150,31,Male,Typical Angina,107,107,104,327,180,73,162,175,9.1,30.0,102,81,181,No,ST-T Abnormality,1.4,Upsloping,4,Fixed Defect,Current,Frequent,Low,10093,No,No,No,Yes,Medium,4.7,Poor,0
2151,90,Female,Atypical Angina,152,152,74,339,204,50,155,98,8.9,30.9,116,69,127,No,Normal,2.1,Flat,1,Reversible Defect,Never,Frequent,Low,12774,Yes,No,Yes,Yes,Low,8.3,Poor,1
2152,33,Male,Non-anginal Pain,111,111,76,232,74,52,166,97,5.9,18.6,127,84,177,No,Normal,0.0,Upsloping,0,Reversible Defect,Never,Occasional,Low,9515,No,No,Yes,No,High,6.9,Good,0
2153,59,Male,Typical Angina,133,133,85,259,109,69,95,128,7.9,23.7,121,68,156,Yes,Normal,1.2,Upsloping,1,Fixed Defect,Current,Frequent,Moderate,4893,No,No,No,Yes,High,7.4,Poor,1
2154,40,Male,Typical Angina,117,117,97,157,70,36,207,143,8.2,31.9,88,77,186,Yes,Normal,1.3,Flat,4,Fixed Defect,Former,Occasional,Low,8817,No,No,No,Yes,Medium,4.7,Poor,1
2155,58,Male,Non-anginal Pain,130,130,80,267,135,45,187,177,9.1,32.1,94,77,149,No,Normal,1.2,Upsloping,4,Reversible Defect,Former,Occasional,Moderate,7027,Yes,No,No,Yes,High,5.2,Poor,0
2156,53,Female,Typical Angina,139,139,92,226,146,33,168,152,6.5,30.2,112,93,152,No,ST-T Abnormality,0.7,Downsloping,3,Fixed Defect,Former,Occasional,High,14194,No,No,Yes,No,Medium,6.2,Poor,1
2157,45,Male,Atypical Angina,180,180,65,167,76,48,75,92,5.5,24.4,76,77,185,No,ST-T Abnormality,2.0,Upsloping,2,Normal,Former,Never,Low,11700,No,Yes,Yes,Yes,Medium,5.3,Poor,1
2158,42,Female,Asymptomatic,160,160,73,367,186,76,108,106,5.0,39.2,114,73,185,No,ST-T Abnormality,2.6,Upsloping,1,Fixed Defect,Former,Occasional,Moderate,3631,Yes,No,No,No,High,4.8,Average,0
2159,84,Female,Typical Angina,168,168,80,284,163,40,96,117,6.0,30.7,129,70,121,No,Normal,0.3,Flat,2,Normal,Never,Frequent,Moderate,10078,Yes,No,No,No,Low,4.5,Good,1
2160,90,Female,Atypical Angina,146,146,107,254,146,49,133,179,7.1,30.3,114,99,139,No,ST-T Abnormality,0.2,Downsloping,3,Reversible Defect,Current,Never,Moderate,3653,No,No,Yes,No,Low,6.9,Poor,1
2161,79,Male,Typical Angina,144,144,75,273,116,68,225,150,6.5,30.6,125,85,150,No,ST-T Abnormality,2.2,Downsloping,4,Normal,Never,Occasional,Moderate,2888,No,No,Yes,Yes,High,5.6,Average,1
2162,28,Male,Atypical Angina,143,143,61,296,140,41,127,118,5.0,28.1,126,70,182,Yes,Normal,0.7,Upsloping,4,Normal,Former,Occasional,Low,7666,No,No,No,Yes,High,7.3,Good,1
2163,61,Female,Asymptomatic,125,125,79,329,178,56,118,172,7.5,18.6,86,93,166,No,ST-T Abnormality,1.8,Flat,2,Reversible Defect,Former,Occasional,Low,5146,No,No,No,Yes,Low,5.4,Good,1
2164,52,Male,Typical Angina,162,162,90,232,80,43,297,84,9.3,33.4,117,67,155,No,ST-T Abnormality,0.5,Downsloping,4,Reversible Defect,Former,Frequent,Low,3541,No,No,No,No,Low,7.6,Average,0
2165,74,Female,Non-anginal Pain,176,176,94,274,180,50,81,93,8.8,29.2,87,68,149,No,Normal,1.8,Flat,1,Fixed Defect,Current,Never,High,11763,Yes,No,No,No,Medium,8.8,Good,0
2166,58,Female,Non-anginal Pain,166,166,60,322,194,41,109,82,5.0,32.4,81,60,162,No,Normal,1.5,Upsloping,2,Normal,Former,Never,High,3829,Yes,No,Yes,No,High,6.9,Average,1
2167,32,Male,Non-anginal Pain,169,169,65,314,158,36,110,129,8.5,28.8,78,100,184,No,ST-T Abnormality,3.3,Flat,0,Normal,Never,Occasional,Moderate,10101,No,No,No,Yes,Medium,7.3,Good,0
2168,36,Male,Non-anginal Pain,125,125,80,262,140,69,173,114,5.5,18.3,79,97,176,No,ST-T Abnormality,0.1,Flat,4,Reversible Defect,Never,Never,High,3478,No,Yes,No,No,High,8.7,Poor,0
2169,71,Male,Typical Angina,124,124,79,311,197,42,115,82,9.1,27.7,74,89,142,No,Normal,1.0,Flat,0,Fixed Defect,Never,Occasional,High,14974,Yes,No,Yes,No,Medium,9.0,Poor,1
2170,72,Female,Asymptomatic,136,136,71,351,198,49,300,160,5.5,39.5,115,60,143,No,LVH,1.0,Flat,1,Normal,Never,Frequent,Low,14150,No,No,No,No,High,7.8,Good,1
2171,36,Male,Atypical Angina,180,180,107,396,220,72,222,119,5.2,27.5,92,91,175,No,LVH,0.5,Flat,1,Normal,Never,Frequent,High,9628,Yes,Yes,Yes,Yes,Low,8.5,Good,1
2172,86,Male,Non-anginal Pain,163,163,63,321,209,53,148,129,8.9,22.9,121,73,125,No,LVH,0.5,Flat,1,Fixed Defect,Never,Occasional,Low,9879,No,No,Yes,No,Medium,7.1,Poor,1
2173,37,Male,Asymptomatic,174,174,82,324,205,35,168,84,7.2,18.3,105,89,176,Yes,Normal,1.8,Upsloping,4,Normal,Current,Never,Moderate,8085,Yes,No,No,Yes,Low,7.5,Average,1
2174,46,Male,Atypical Angina,151,151,94,258,123,35,282,100,6.1,25.1,73,97,181,Yes,ST-T Abnormality,2.9,Upsloping,0,Normal,Never,Frequent,Moderate,3620,No,Yes,No,Yes,Medium,5.3,Poor,1
2175,81,Female,Asymptomatic,156,156,108,291,165,71,170,127,6.9,27.6,75,69,125,No,ST-T Abnormality,2.2,Downsloping,2,Reversible Defect,Never,Never,High,8892,No,Yes,Yes,No,Medium,7.4,Poor,1
2176,81,Male,Non-anginal Pain,138,138,90,210,99,60,154,105,9.2,35.2,106,65,144,No,ST-T Abnormality,1.2,Downsloping,1,Fixed Defect,Current,Never,Moderate,8298,No,No,Yes,No,Low,7.0,Poor,1
2177,67,Female,Typical Angina,134,134,109,262,73,72,248,158,7.6,36.8,125,65,163,No,LVH,2.4,Downsloping,3,Fixed Defect,Never,Frequent,Moderate,10879,No,Yes,Yes,No,High,7.1,Poor,1
2178,53,Male,Asymptomatic,142,142,88,299,187,63,87,134,8.9,20.3,97,71,155,No,ST-T Abnormality,0.0,Upsloping,0,Reversible Defect,Current,Frequent,High,10617,No,No,Yes,No,Medium,8.2,Good,0
2179,67,Male,Typical Angina,146,146,89,309,164,39,240,127,9.2,34.1,95,94,154,No,LVH,3.0,Downsloping,2,Reversible Defect,Current,Occasional,High,3465,Yes,No,Yes,Yes,Low,6.2,Average,1
2180,87,Male,Non-anginal Pain,147,147,89,326,173,56,144,83,5.5,24.0,76,97,140,No,Normal,2.0,Downsloping,3,Fixed Defect,Never,Never,Moderate,13245,No,No,No,Yes,High,7.4,Good,0
2181,73,Female,Non-anginal Pain,105,105,66,261,160,59,296,160,9.2,28.2,81,82,140,No,Normal,0.4,Downsloping,1,Fixed Defect,Former,Frequent,Moderate,12062,Yes,No,No,Yes,Low,6.9,Average,0
2182,84,Female,Non-anginal Pain,118,118,96,288,117,77,121,136,6.8,38.8,77,65,142,No,Normal,2.3,Downsloping,4,Reversible Defect,Never,Frequent,Moderate,7892,Yes,Yes,Yes,Yes,High,6.5,Average,1
2183,42,Male,Typical Angina,127,127,61,332,163,66,266,170,7.2,27.5,70,70,174,No,LVH,1.3,Flat,2,Reversible Defect,Current,Never,Moderate,11235,No,No,No,Yes,Medium,8.7,Poor,0
2184,60,Female,Typical Angina,127,127,88,347,219,34,138,176,9.1,28.7,79,99,151,No,Normal,2.9,Upsloping,0,Reversible Defect,Current,Frequent,High,10694,Yes,No,Yes,Yes,High,6.5,Average,1
2185,25,Female,Atypical Angina,131,131,65,237,114,47,173,140,7.9,28.5,86,57,200,No,Normal,1.3,Upsloping,0,Reversible Defect,Never,Never,Moderate,13960,No,No,No,No,Low,6.7,Good,0
2186,90,Male,Typical Angina,158,158,66,226,141,42,261,119,6.4,20.4,120,74,123,No,LVH,1.7,Upsloping,1,Fixed Defect,Current,Frequent,Low,7867,No,No,No,No,High,4.9,Average,0
2187,60,Female,Non-anginal Pain,121,121,81,334,207,55,105,129,6.5,27.2,122,55,161,No,LVH,1.6,Downsloping,3,Fixed Defect,Never,Never,Low,8672,No,No,No,Yes,Low,5.7,Poor,0
2188,35,Male,Typical Angina,112,112,104,217,99,65,75,154,9.2,27.5,95,81,194,No,LVH,1.1,Downsloping,1,Reversible Defect,Current,Never,Low,8696,Yes,Yes,Yes,Yes,Medium,7.0,Average,1
2189,48,Male,Asymptomatic,127,127,71,222,103,47,289,147,8.1,21.4,88,92,171,No,Normal,1.3,Downsloping,2,Fixed Defect,Never,Frequent,High,4021,No,No,Yes,Yes,Medium,8.1,Average,0
2190,42,Female,Non-anginal Pain,149,149,69,205,82,49,217,159,5.2,32.8,97,56,182,No,LVH,1.2,Flat,2,Normal,Former,Occasional,Low,13441,Yes,Yes,No,Yes,Medium,5.2,Poor,1
2191,37,Female,Non-anginal Pain,116,116,97,332,167,49,114,139,5.3,18.5,117,55,178,Yes,Normal,0.5,Downsloping,4,Fixed Defect,Current,Never,High,6876,No,No,No,Yes,Medium,7.5,Average,1
2192,42,Male,Non-anginal Pain,135,135,92,220,144,33,126,161,6.1,36.3,123,100,170,No,LVH,1.1,Downsloping,1,Reversible Defect,Current,Occasional,Low,9027,No,No,No,No,Medium,5.5,Average,1
2193,35,Male,Non-anginal Pain,178,178,105,362,196,52,166,164,6.8,36.5,94,85,176,No,ST-T Abnormality,0.0,Flat,3,Fixed Defect,Never,Frequent,Low,13705,Yes,No,No,Yes,Medium,7.7,Poor,1
2194,75,Female,Atypical Angina,125,125,104,297,135,77,100,119,6.7,38.0,70,63,134,No,Normal,1.6,Flat,2,Reversible Defect,Never,Frequent,Low,5139,No,Yes,Yes,Yes,Low,6.0,Good,1
2195,37,Male,Asymptomatic,161,161,86,224,91,64,207,107,8.4,27.3,75,77,187,No,Normal,1.0,Downsloping,2,Normal,Former,Occasional,Moderate,7864,Yes,Yes,No,No,Low,7.5,Poor,0
2196,66,Female,Non-anginal Pain,138,138,71,295,102,76,219,121,4.8,37.9,82,64,142,No,Normal,1.1,Upsloping,4,Reversible Defect,Never,Never,Low,7896,No,No,Yes,No,High,7.3,Good,1
2197,72,Male,Typical Angina,105,105,67,283,152,43,241,111,5.5,38.1,92,89,156,Yes,Normal,1.2,Downsloping,1,Normal,Never,Occasional,Moderate,3160,No,Yes,No,No,High,7.7,Poor,1
2198,85,Male,Asymptomatic,112,112,78,294,209,37,99,95,7.1,36.1,100,81,128,No,Normal,1.2,Upsloping,1,Normal,Never,Occasional,High,5423,No,No,Yes,No,Low,8.4,Average,1
2199,66,Female,Typical Angina,139,139,72,228,89,76,121,168,8.6,38.4,81,71,142,No,Normal,0.5,Flat,4,Normal,Never,Frequent,Low,6521,No,Yes,Yes,Yes,Medium,4.5,Average,1
2200,78,Male,Typical Angina,147,147,74,285,142,46,202,93,9.1,33.3,124,94,146,No,LVH,1.9,Upsloping,0,Fixed Defect,Former,Never,Moderate,5458,Yes,Yes,No,No,High,5.7,Average,1
2201,69,Male,Typical Angina,133,133,92,238,106,51,298,167,6.4,29.0,103,70,145,No,ST-T Abnormality,1.1,Downsloping,3,Normal,Never,Occasional,Moderate,2074,No,No,Yes,Yes,Low,7.7,Good,1
2202,32,Female,Asymptomatic,151,151,88,281,133,54,261,102,8.0,37.0,95,67,195,No,Normal,0.0,Upsloping,1,Reversible Defect,Former,Frequent,Moderate,9518,No,No,No,No,Medium,4.6,Good,0
2203,35,Male,Typical Angina,172,172,76,256,118,69,266,124,9.0,19.8,93,65,181,No,LVH,0.0,Downsloping,1,Fixed Defect,Former,Never,High,6814,Yes,No,No,Yes,High,7.5,Average,0
2204,64,Female,Atypical Angina,179,179,97,320,197,63,129,121,8.4,28.2,95,64,158,No,LVH,1.1,Downsloping,2,Fixed Defect,Never,Never,Low,14414,Yes,Yes,Yes,Yes,High,8.2,Good,1
2205,74,Male,Non-anginal Pain,174,174,78,223,98,68,275,126,6.8,26.6,113,85,134,No,LVH,0.8,Upsloping,2,Normal,Former,Frequent,Low,3995,No,Yes,Yes,No,Medium,7.1,Average,1
2206,64,Male,Typical Angina,158,158,91,261,142,63,101,159,8.3,36.0,86,62,148,No,Normal,0.2,Downsloping,2,Normal,Never,Occasional,High,6874,No,Yes,No,No,Medium,5.2,Poor,0
2207,40,Female,Atypical Angina,125,125,65,197,70,65,244,164,7.2,37.0,114,98,172,No,ST-T Abnormality,2.3,Downsloping,2,Normal,Current,Occasional,Moderate,3921,Yes,Yes,No,No,Medium,6.0,Poor,1
2208,47,Female,Atypical Angina,154,154,108,293,148,58,270,179,7.0,20.5,89,69,171,No,ST-T Abnormality,2.1,Upsloping,4,Reversible Defect,Current,Never,High,5159,No,Yes,No,Yes,High,7.6,Average,1
2209,27,Female,Non-anginal Pain,115,115,109,284,126,53,91,159,8.5,35.3,127,70,179,No,LVH,0.5,Flat,4,Reversible Defect,Never,Never,High,13504,No,No,No,No,Low,5.7,Average,0
2210,71,Female,Asymptomatic,145,145,70,344,201,63,271,84,5.7,21.8,110,65,140,Yes,LVH,0.4,Downsloping,3,Fixed Defect,Never,Occasional,High,11180,No,No,Yes,No,Medium,5.1,Poor,1
2211,66,Female,Non-anginal Pain,176,176,92,317,217,37,243,167,5.9,34.0,71,97,142,No,LVH,0.2,Flat,1,Reversible Defect,Current,Never,High,4394,Yes,No,No,Yes,Low,7.3,Average,1
2212,35,Female,Asymptomatic,150,150,86,291,165,71,139,151,8.3,39.3,83,63,193,No,ST-T Abnormality,0.8,Flat,3,Fixed Defect,Current,Never,Low,5879,Yes,No,No,Yes,Medium,6.3,Good,1
2213,79,Male,Atypical Angina,142,142,74,286,198,46,199,145,7.8,20.8,94,59,134,No,LVH,0.2,Upsloping,1,Fixed Defect,Never,Never,Moderate,9571,No,No,No,No,Low,4.5,Average,0
2214,36,Male,Asymptomatic,147,147,65,286,185,31,73,82,7.6,34.8,73,85,192,No,ST-T Abnormality,1.9,Flat,2,Reversible Defect,Former,Occasional,High,2825,No,No,No,Yes,High,5.3,Average,1
2215,54,Female,Non-anginal Pain,103,103,110,282,116,46,211,88,5.3,39.3,129,63,162,No,Normal,0.9,Downsloping,0,Reversible Defect,Current,Never,Moderate,11740,No,Yes,Yes,Yes,Low,4.8,Average,1
2216,66,Male,Typical Angina,170,170,96,280,153,80,259,107,7.1,25.8,130,82,164,No,ST-T Abnormality,0.6,Flat,3,Fixed Defect,Current,Never,Low,12768,Yes,Yes,No,No,Low,6.4,Average,1
2217,32,Female,Atypical Angina,137,137,106,223,140,31,95,138,5.7,24.4,79,72,197,No,ST-T Abnormality,1.9,Flat,4,Normal,Never,Occasional,Moderate,12969,No,No,Yes,Yes,Low,5.8,Good,1
2218,35,Male,Non-anginal Pain,172,172,68,271,105,56,232,102,7.0,23.5,104,79,184,No,Normal,1.3,Downsloping,1,Reversible Defect,Former,Frequent,High,8717,No,No,No,No,Low,7.7,Average,0
2219,59,Female,Non-anginal Pain,147,147,91,279,125,35,292,112,8.6,34.6,111,91,150,No,LVH,1.0,Flat,1,Reversible Defect,Never,Never,High,2081,No,No,No,No,Medium,6.5,Good,0
2220,58,Female,Typical Angina,114,114,110,244,84,60,237,166,9.2,31.1,105,74,152,No,ST-T Abnormality,1.6,Upsloping,2,Normal,Never,Never,High,10317,Yes,No,No,No,Medium,8.3,Poor,0
2221,29,Male,Non-anginal Pain,107,107,67,293,126,60,248,180,6.0,35.3,90,62,200,No,Normal,2.7,Downsloping,2,Normal,Former,Occasional,Moderate,8650,No,No,No,Yes,Low,8.9,Good,0
2222,33,Female,Typical Angina,167,167,100,243,103,55,146,135,5.6,19.7,126,63,195,No,Normal,1.2,Upsloping,2,Normal,Never,Frequent,Moderate,10394,No,No,Yes,No,Medium,7.9,Poor,0
2223,64,Male,Asymptomatic,124,124,65,373,179,80,121,98,7.0,28.1,125,72,148,Yes,LVH,0.9,Upsloping,0,Reversible Defect,Former,Frequent,Moderate,11953,Yes,No,Yes,Yes,Medium,8.8,Average,1
2224,56,Male,Typical Angina,174,174,74,338,186,72,247,124,7.9,20.1,110,68,164,No,ST-T Abnormality,2.4,Downsloping,2,Fixed Defect,Never,Never,High,12884,Yes,No,No,No,Medium,8.7,Average,0
2225,85,Male,Typical Angina,167,167,92,295,207,35,152,165,9.4,23.0,106,64,142,No,ST-T Abnormality,1.2,Flat,3,Reversible Defect,Current,Frequent,High,12380,No,No,No,Yes,Medium,5.1,Poor,1
2226,81,Female,Asymptomatic,150,150,84,327,165,47,124,176,8.5,26.9,123,56,134,No,Normal,0.9,Upsloping,1,Reversible Defect,Current,Never,Low,7910,No,No,Yes,Yes,Low,5.0,Good,1
2227,80,Male,Non-anginal Pain,121,121,93,309,192,44,144,130,8.7,31.3,110,91,149,No,LVH,1.1,Downsloping,2,Reversible Defect,Former,Frequent,Moderate,8606,No,No,Yes,Yes,Low,4.8,Poor,1
2228,54,Male,Non-anginal Pain,144,144,86,280,123,49,136,83,8.8,34.1,89,71,165,No,LVH,2.2,Downsloping,2,Fixed Defect,Never,Never,Moderate,8631,Yes,No,Yes,Yes,Medium,7.8,Good,1
2229,74,Female,Typical Angina,134,134,68,216,74,46,165,166,8.4,36.6,71,62,152,No,LVH,2.9,Downsloping,3,Fixed Defect,Never,Occasional,Moderate,11723,Yes,No,Yes,Yes,High,7.0,Good,1
2230,37,Female,Asymptomatic,142,142,75,242,108,33,107,99,6.6,19.1,108,56,169,No,ST-T Abnormality,1.6,Flat,3,Fixed Defect,Never,Never,Low,6569,No,No,No,No,Low,4.9,Average,0
2231,29,Male,Asymptomatic,144,144,64,307,144,74,86,172,7.6,29.6,124,82,186,No,ST-T Abnormality,0.0,Upsloping,1,Fixed Defect,Never,Never,Low,9915,Yes,No,No,No,Medium,4.8,Good,0
2232,80,Male,Typical Angina,132,132,94,261,87,79,104,165,6.3,36.9,75,96,140,No,LVH,0.0,Downsloping,3,Reversible Defect,Never,Occasional,Low,5420,No,No,No,Yes,Low,4.6,Poor,1
2233,63,Male,Typical Angina,131,131,107,253,99,72,207,143,8.1,37.4,80,96,144,No,ST-T Abnormality,1.1,Upsloping,4,Fixed Defect,Former,Occasional,Moderate,8192,Yes,No,No,Yes,Low,4.7,Good,0
2234,33,Female,Non-anginal Pain,155,155,80,283,108,66,161,82,7.9,34.4,105,67,184,No,Normal,1.1,Downsloping,0,Fixed Defect,Never,Frequent,Moderate,7948,Yes,No,No,Yes,Medium,5.9,Good,0
2235,50,Female,Atypical Angina,177,177,103,312,169,36,90,163,8.5,32.2,109,60,176,No,Normal,0.5,Upsloping,0,Reversible Defect,Never,Occasional,Moderate,5388,Yes,Yes,Yes,Yes,High,6.2,Poor,1
2236,45,Female,Non-anginal Pain,180,180,78,336,188,53,164,97,4.9,31.2,78,96,182,Yes,ST-T Abnormality,2.6,Downsloping,4,Fixed Defect,Former,Frequent,Moderate,2101,Yes,No,Yes,No,Medium,5.7,Average,1
2237,35,Male,Non-anginal Pain,146,146,69,291,135,76,277,96,5.6,39.6,91,100,191,No,Normal,0.1,Flat,4,Normal,Former,Never,High,14326,No,No,No,Yes,Low,6.1,Average,0
2238,80,Male,Asymptomatic,113,113,64,234,95,70,105,106,8.1,23.2,125,62,129,No,ST-T Abnormality,3.5,Flat,1,Reversible Defect,Never,Frequent,Moderate,12165,Yes,No,No,Yes,High,8.8,Poor,0
2239,72,Male,Typical Angina,127,127,102,253,77,66,280,88,5.7,34.3,121,58,142,No,LVH,0.0,Downsloping,1,Normal,Never,Frequent,Moderate,12564,No,Yes,No,Yes,Low,4.6,Good,0
2240,44,Female,Typical Angina,166,166,86,253,130,43,208,147,9.5,32.5,98,66,169,Yes,ST-T Abnormality,0.3,Downsloping,2,Reversible Defect,Never,Occasional,Low,10196,Yes,No,No,No,Medium,7.0,Good,1
2241,31,Male,Typical Angina,134,134,92,368,217,63,217,85,8.6,24.1,128,72,199,No,ST-T Abnormality,2.5,Flat,3,Normal,Current,Never,Moderate,12493,No,No,No,Yes,Low,5.9,Average,0
2242,51,Female,Non-anginal Pain,148,148,86,344,161,78,83,179,6.0,22.2,87,98,163,No,LVH,0.8,Flat,0,Fixed Defect,Never,Occasional,Moderate,7314,Yes,No,No,No,Medium,7.1,Poor,0
2243,47,Female,Asymptomatic,175,175,84,233,88,60,240,114,9.2,22.2,73,81,158,Yes,LVH,1.0,Downsloping,3,Reversible Defect,Never,Frequent,Moderate,7740,No,Yes,No,Yes,Low,6.7,Average,1
2244,39,Male,Atypical Angina,101,101,84,316,156,67,115,177,7.6,23.7,121,77,175,No,ST-T Abnormality,0.4,Upsloping,2,Reversible Defect,Former,Frequent,High,6929,No,Yes,No,Yes,Medium,4.6,Good,0
2245,59,Female,Asymptomatic,141,141,88,234,97,61,243,81,7.8,29.7,128,75,157,No,LVH,2.2,Downsloping,1,Reversible Defect,Current,Occasional,Low,5834,Yes,No,No,Yes,Medium,6.1,Good,1
2246,29,Female,Atypical Angina,106,106,80,235,71,66,122,104,8.6,28.3,130,76,191,No,ST-T Abnormality,0.9,Upsloping,0,Reversible Defect,Never,Never,Low,14562,No,No,No,Yes,High,6.7,Average,0
2247,79,Male,Atypical Angina,106,106,67,217,107,55,113,106,9.1,20.1,72,76,128,No,ST-T Abnormality,0.3,Downsloping,3,Reversible Defect,Current,Frequent,Low,12272,No,No,Yes,No,Medium,6.8,Good,1
2248,61,Female,Atypical Angina,153,153,85,233,92,35,260,118,5.0,21.1,119,87,164,No,LVH,3.0,Downsloping,3,Normal,Never,Occasional,Moderate,11260,No,Yes,No,No,High,5.7,Good,1
2249,34,Male,Atypical Angina,175,175,77,251,119,78,139,106,8.5,28.2,86,88,191,No,ST-T Abnormality,0.7,Upsloping,3,Fixed Defect,Current,Occasional,High,14022,Yes,No,No,No,High,6.9,Poor,0
2250,65,Female,Typical Angina,133,133,103,322,184,41,102,111,5.7,28.4,98,84,146,No,LVH,1.0,Upsloping,0,Reversible Defect,Never,Never,Low,13862,Yes,Yes,No,No,Medium,5.7,Poor,1
2251,53,Female,Atypical Angina,132,132,104,265,139,73,108,111,6.5,23.4,118,76,160,No,Normal,0.6,Flat,2,Normal,Former,Never,High,10286,No,No,No,No,Medium,7.9,Average,0
2252,89,Female,Typical Angina,166,166,93,393,217,61,243,153,6.7,18.8,96,76,127,No,LVH,1.6,Flat,0,Reversible Defect,Current,Occasional,High,11376,Yes,Yes,Yes,Yes,Medium,8.7,Good,1
2253,49,Female,Atypical Angina,172,172,91,315,202,68,249,111,7.2,32.0,126,98,164,No,Normal,0.0,Upsloping,3,Normal,Current,Occasional,Moderate,4134,No,Yes,No,Yes,High,7.8,Poor,1
2254,67,Male,Typical Angina,124,124,106,276,134,50,163,119,7.8,33.7,99,66,159,No,LVH,0.0,Downsloping,2,Reversible Defect,Never,Frequent,Low,6717,Yes,No,Yes,No,High,6.0,Average,1
2255,61,Male,Typical Angina,112,112,78,295,126,72,132,172,7.0,18.2,128,66,147,No,Normal,0.5,Downsloping,0,Fixed Defect,Current,Frequent,Low,4570,No,Yes,No,Yes,High,8.1,Average,1
2256,78,Female,Typical Angina,101,101,91,197,97,41,154,129,4.8,28.8,128,63,150,No,Normal,0.0,Upsloping,2,Fixed Defect,Never,Occasional,Moderate,12681,Yes,No,No,Yes,Low,7.4,Good,0
2257,35,Male,Non-anginal Pain,139,139,60,247,85,54,153,126,5.0,35.2,110,94,174,No,LVH,1.8,Upsloping,1,Normal,Former,Never,High,2621,Yes,No,No,Yes,Medium,5.7,Good,0
2258,40,Male,Non-anginal Pain,115,115,97,302,194,33,165,93,9.4,18.9,77,67,177,No,LVH,1.1,Upsloping,3,Normal,Former,Never,Moderate,6710,Yes,No,Yes,Yes,High,7.7,Poor,0
2259,72,Male,Typical Angina,173,173,100,255,100,43,142,103,7.1,19.7,90,98,154,No,Normal,0.0,Upsloping,4,Normal,Current,Never,Low,13685,No,Yes,Yes,Yes,Medium,8.3,Poor,1
2260,35,Female,Typical Angina,169,169,65,280,146,72,252,163,7.7,22.9,89,73,175,No,LVH,0.6,Downsloping,2,Normal,Never,Frequent,Moderate,11355,No,No,Yes,Yes,Medium,6.3,Poor,0
2261,38,Male,Typical Angina,137,137,67,267,184,33,240,124,6.6,20.4,79,55,183,No,LVH,2.2,Downsloping,1,Normal,Current,Frequent,High,2419,Yes,No,No,Yes,High,6.7,Average,1
2262,72,Male,Typical Angina,148,148,82,215,102,33,178,136,9.2,32.3,74,81,136,No,Normal,0.5,Flat,4,Reversible Defect,Former,Occasional,Low,6440,Yes,No,No,Yes,Low,4.6,Good,0
2263,82,Male,Asymptomatic,158,158,102,323,219,59,217,103,9.2,25.1,122,67,148,No,Normal,0.1,Downsloping,3,Reversible Defect,Never,Never,High,13380,Yes,Yes,No,No,Medium,4.7,Poor,0
2264,43,Female,Non-anginal Pain,112,112,80,271,151,73,274,149,6.0,34.5,77,82,164,No,LVH,1.8,Upsloping,1,Fixed Defect,Current,Never,Moderate,6758,No,No,No,Yes,High,6.5,Poor,0
2265,61,Female,Non-anginal Pain,174,174,67,212,94,60,161,108,5.7,39.5,89,65,157,No,Normal,2.7,Upsloping,1,Reversible Defect,Never,Frequent,High,4266,No,No,No,No,High,6.8,Poor,0
2266,51,Male,Non-anginal Pain,151,151,76,227,109,32,157,148,8.6,19.1,97,76,160,No,ST-T Abnormality,2.2,Downsloping,1,Reversible Defect,Current,Occasional,Moderate,3293,No,No,No,No,High,5.6,Good,1
2267,69,Male,Typical Angina,117,117,108,334,147,75,204,106,5.1,23.5,76,98,161,No,ST-T Abnormality,1.0,Downsloping,4,Reversible Defect,Current,Occasional,Moderate,11562,No,No,No,No,Low,5.3,Good,1
2268,55,Male,Non-anginal Pain,176,176,86,280,145,39,280,162,6.4,31.7,106,69,175,No,ST-T Abnormality,2.1,Flat,4,Reversible Defect,Current,Frequent,High,13042,No,No,No,No,Low,8.5,Poor,1
2269,46,Male,Typical Angina,113,113,67,256,159,36,298,128,6.5,18.3,127,87,166,No,ST-T Abnormality,1.1,Flat,0,Normal,Current,Frequent,High,8979,Yes,No,Yes,Yes,Low,8.7,Average,1
2270,49,Male,Typical Angina,146,146,108,252,73,59,137,129,9.4,25.0,128,76,159,No,ST-T Abnormality,1.8,Upsloping,2,Fixed Defect,Never,Frequent,High,4384,Yes,No,Yes,No,Low,6.2,Average,0
2271,83,Female,Asymptomatic,140,140,89,309,163,56,99,137,5.3,33.4,73,80,138,Yes,ST-T Abnormality,1.4,Downsloping,2,Fixed Defect,Current,Occasional,Moderate,11351,No,No,Yes,Yes,High,8.5,Poor,1
2272,60,Female,Non-anginal Pain,144,144,86,298,198,50,183,137,7.8,38.4,74,66,148,No,ST-T Abnormality,2.2,Downsloping,3,Normal,Never,Never,High,13460,Yes,Yes,Yes,No,High,8.7,Poor,1
2273,31,Female,Non-anginal Pain,104,104,73,254,124,48,296,149,7.8,38.9,110,76,182,No,Normal,1.3,Downsloping,2,Reversible Defect,Current,Occasional,Low,3787,No,No,No,No,Medium,7.0,Average,0
2274,73,Male,Asymptomatic,148,148,72,276,179,31,173,102,5.5,39.2,76,97,152,No,LVH,0.7,Downsloping,1,Normal,Former,Never,Moderate,9483,Yes,No,Yes,No,Medium,7.9,Average,1
2275,80,Female,Asymptomatic,163,163,103,202,81,61,175,89,9.2,28.1,99,86,126,Yes,LVH,1.4,Flat,2,Fixed Defect,Current,Occasional,High,13352,No,No,Yes,Yes,Medium,5.6,Poor,1
2276,45,Female,Typical Angina,143,143,106,366,219,75,186,135,6.1,20.4,115,83,180,No,Normal,0.6,Flat,2,Normal,Never,Occasional,Low,10606,Yes,No,No,Yes,High,7.2,Average,0
2277,86,Male,Atypical Angina,130,130,107,237,73,44,281,111,7.8,39.2,123,62,133,No,LVH,0.2,Upsloping,2,Reversible Defect,Current,Occasional,Moderate,3419,Yes,Yes,No,No,Low,6.3,Average,1
2278,48,Female,Asymptomatic,101,101,94,182,86,32,124,151,8.1,39.9,118,92,168,No,Normal,1.8,Flat,4,Normal,Never,Occasional,Moderate,14612,No,No,No,Yes,Medium,4.8,Average,0
2279,37,Male,Non-anginal Pain,101,101,78,332,177,35,292,167,7.5,35.6,115,87,168,Yes,LVH,1.1,Flat,3,Fixed Defect,Former,Frequent,Low,13606,No,No,No,Yes,Low,5.9,Good,1
2280,56,Female,Typical Angina,133,133,103,255,128,51,258,136,9.1,19.5,82,72,164,No,LVH,1.2,Upsloping,4,Normal,Current,Frequent,Moderate,14232,No,Yes,No,Yes,Medium,4.8,Average,1
2281,70,Female,Asymptomatic,106,106,82,252,128,57,128,91,9.4,32.1,85,62,156,No,Normal,1.8,Upsloping,3,Reversible Defect,Current,Occasional,Moderate,8487,Yes,Yes,Yes,No,High,7.9,Average,1
2282,82,Male,Asymptomatic,115,115,87,245,132,47,117,95,8.8,34.1,86,64,129,Yes,Normal,1.5,Upsloping,2,Fixed Defect,Never,Occasional,Moderate,3448,Yes,No,Yes,Yes,Medium,6.7,Good,1
2283,41,Male,Atypical Angina,165,165,88,321,185,79,242,86,7.0,22.8,110,57,185,No,LVH,0.6,Downsloping,2,Normal,Former,Occasional,Moderate,2486,Yes,No,Yes,No,Low,7.0,Average,0
2284,84,Female,Asymptomatic,109,109,86,297,141,53,122,111,6.6,23.8,96,99,125,Yes,LVH,1.8,Upsloping,2,Normal,Current,Frequent,High,13020,Yes,No,Yes,Yes,High,5.2,Poor,1
2285,48,Male,Atypical Angina,111,111,86,269,128,32,81,131,5.5,18.5,116,93,181,Yes,LVH,2.8,Flat,2,Reversible Defect,Never,Frequent,Low,14219,Yes,No,No,No,Low,5.8,Good,1
2286,67,Male,Non-anginal Pain,139,139,110,192,110,34,129,104,9.4,31.8,117,70,143,No,LVH,1.5,Flat,4,Fixed Defect,Former,Occasional,Low,9904,No,No,No,No,High,5.1,Poor,1
2287,31,Male,Asymptomatic,134,134,74,339,196,48,77,116,6.0,34.3,117,87,178,No,ST-T Abnormality,0.0,Flat,2,Fixed Defect,Current,Never,High,11142,Yes,No,Yes,No,High,6.8,Average,1
2288,57,Male,Atypical Angina,175,175,101,313,142,73,71,95,7.2,20.1,123,71,150,No,ST-T Abnormality,0.9,Upsloping,4,Reversible Defect,Former,Never,Moderate,14640,No,No,Yes,No,High,8.7,Good,0
2289,54,Female,Non-anginal Pain,123,123,90,227,77,78,258,147,8.9,34.9,107,57,158,No,ST-T Abnormality,0.4,Downsloping,2,Normal,Never,Frequent,Low,14305,Yes,No,No,Yes,High,6.2,Average,0
2290,54,Female,Non-anginal Pain,156,156,101,302,198,32,231,167,8.6,27.8,89,97,151,No,ST-T Abnormality,0.6,Flat,0,Normal,Current,Frequent,Moderate,4810,No,No,Yes,Yes,Medium,7.1,Average,1
2291,25,Female,Non-anginal Pain,161,161,84,238,80,52,286,90,6.6,23.7,116,88,193,No,ST-T Abnormality,1.0,Upsloping,0,Fixed Defect,Former,Never,Low,12844,No,No,Yes,No,Medium,8.8,Good,0
2292,40,Male,Asymptomatic,104,104,71,264,140,57,156,109,6.4,25.2,105,76,166,No,ST-T Abnormality,0.0,Flat,3,Fixed Defect,Never,Occasional,Low,5497,No,No,No,Yes,Low,8.6,Poor,0
2293,39,Male,Atypical Angina,133,133,104,357,217,62,246,100,7.1,24.1,96,100,188,No,Normal,0.4,Downsloping,3,Reversible Defect,Current,Frequent,Moderate,2954,Yes,No,Yes,Yes,Medium,5.0,Average,1
2294,78,Male,Non-anginal Pain,123,123,68,273,132,39,208,175,8.2,39.4,76,72,146,No,Normal,2.3,Flat,3,Normal,Former,Occasional,Low,11393,No,Yes,No,No,Low,6.8,Poor,1
2295,40,Female,Asymptomatic,178,178,72,253,99,74,98,91,7.2,32.7,106,88,189,No,Normal,0.0,Downsloping,3,Normal,Current,Frequent,Moderate,5776,No,No,No,No,Low,8.3,Average,0
2296,30,Male,Non-anginal Pain,107,107,109,256,124,53,110,80,6.2,25.3,118,87,175,No,ST-T Abnormality,2.0,Downsloping,4,Fixed Defect,Current,Frequent,Moderate,4935,No,No,No,No,Medium,7.5,Average,0
2297,82,Female,Atypical Angina,175,175,68,295,157,71,118,102,9.3,23.0,112,98,139,No,ST-T Abnormality,4.5,Upsloping,1,Reversible Defect,Former,Never,Moderate,11841,No,No,Yes,No,Medium,7.0,Poor,1
2298,43,Male,Non-anginal Pain,140,140,90,305,216,38,252,147,8.7,29.5,80,97,171,No,LVH,0.9,Flat,2,Normal,Never,Never,Moderate,2206,No,No,No,Yes,High,8.5,Average,0
2299,28,Male,Asymptomatic,180,180,102,252,165,39,284,158,9.3,20.6,116,63,198,No,Normal,1.7,Flat,3,Fixed Defect,Never,Occasional,High,6266,No,Yes,No,No,High,8.7,Average,0
2300,88,Male,Atypical Angina,161,161,109,353,214,53,157,179,8.1,38.3,105,77,135,No,ST-T Abnormality,1.9,Downsloping,4,Normal,Never,Occasional,High,3523,Yes,No,Yes,No,High,8.0,Good,1
2301,69,Female,Asymptomatic,162,162,81,263,90,62,224,106,7.0,31.6,87,87,137,Yes,Normal,0.0,Downsloping,4,Reversible Defect,Former,Occasional,High,3108,No,No,No,No,Low,6.1,Average,1
2302,47,Male,Non-anginal Pain,137,137,62,280,87,80,275,155,5.0,18.2,73,82,163,No,Normal,0.7,Flat,3,Normal,Current,Frequent,Moderate,8831,Yes,Yes,Yes,No,Medium,8.3,Good,1
2303,35,Male,Atypical Angina,154,154,68,338,199,42,170,167,4.9,21.1,93,70,192,No,ST-T Abnormality,2.1,Downsloping,0,Reversible Defect,Never,Never,Moderate,12229,Yes,No,No,No,Medium,7.1,Poor,0
2304,74,Male,Asymptomatic,163,163,87,314,134,75,103,144,5.3,19.1,105,69,156,Yes,Normal,0.5,Upsloping,4,Normal,Never,Frequent,High,8400,No,Yes,No,Yes,Medium,7.2,Poor,1
2305,69,Male,Typical Angina,118,118,79,384,203,74,255,107,5.8,32.8,77,76,140,No,ST-T Abnormality,2.1,Upsloping,4,Normal,Current,Never,Moderate,11070,Yes,Yes,No,Yes,High,5.3,Good,1
2306,83,Female,Atypical Angina,103,103,81,275,151,48,116,117,9.4,24.7,128,99,138,No,Normal,2.1,Flat,2,Reversible Defect,Former,Never,Moderate,9812,Yes,No,No,Yes,High,7.4,Good,0
2307,40,Female,Non-anginal Pain,153,153,91,361,187,62,262,118,6.4,32.8,108,77,167,Yes,ST-T Abnormality,1.1,Upsloping,2,Fixed Defect,Never,Occasional,High,5772,No,Yes,No,Yes,Medium,5.4,Average,1
2308,69,Male,Asymptomatic,148,148,97,200,100,40,222,100,9.1,27.9,72,75,159,No,Normal,1.3,Downsloping,1,Normal,Current,Never,Moderate,7667,No,Yes,Yes,Yes,Medium,7.9,Poor,1
2309,42,Female,Asymptomatic,133,133,62,316,190,31,103,134,8.7,38.0,127,59,182,No,ST-T Abnormality,0.0,Flat,3,Reversible Defect,Never,Never,High,6307,No,No,No,Yes,Low,6.0,Good,1
2310,56,Male,Typical Angina,141,141,110,170,76,50,85,111,9.2,30.0,96,61,164,No,LVH,1.2,Upsloping,4,Fixed Defect,Current,Never,Moderate,8311,Yes,Yes,No,Yes,High,6.1,Poor,1
2311,37,Female,Asymptomatic,161,161,107,347,212,36,124,89,8.5,35.7,116,71,193,No,Normal,0.4,Flat,4,Reversible Defect,Never,Occasional,Moderate,7281,Yes,No,No,No,Medium,5.5,Poor,1
2312,41,Male,Asymptomatic,170,170,86,280,134,36,195,92,7.6,26.5,104,90,164,Yes,LVH,0.9,Flat,4,Normal,Never,Frequent,Moderate,14680,Yes,No,No,Yes,High,6.5,Good,0
2313,69,Female,Atypical Angina,100,100,62,235,134,36,236,134,7.1,36.2,109,94,155,No,LVH,1.7,Upsloping,3,Fixed Defect,Never,Never,High,11702,No,No,No,Yes,High,8.4,Poor,1
2314,89,Male,Typical Angina,119,119,109,343,149,78,230,100,5.6,31.1,97,90,140,Yes,ST-T Abnormality,2.1,Downsloping,2,Reversible Defect,Former,Never,Low,13471,No,Yes,No,No,Low,7.1,Good,1
2315,48,Female,Typical Angina,128,128,69,238,126,31,297,103,9.1,28.3,85,75,178,No,Normal,2.6,Flat,4,Normal,Never,Frequent,Low,10622,Yes,Yes,Yes,Yes,High,5.1,Poor,1
2316,42,Female,Atypical Angina,109,109,62,185,102,36,82,172,6.4,31.8,73,83,163,No,Normal,1.6,Downsloping,2,Reversible Defect,Current,Never,Moderate,3095,No,No,No,Yes,Medium,6.8,Good,0
2317,72,Male,Asymptomatic,113,113,70,225,75,72,269,177,9.2,19.8,73,65,135,No,LVH,1.6,Upsloping,1,Fixed Defect,Current,Occasional,High,2680,Yes,No,No,Yes,High,6.7,Good,0
2318,26,Female,Asymptomatic,104,104,77,216,97,68,198,95,8.5,31.6,90,78,200,No,ST-T Abnormality,1.3,Upsloping,2,Normal,Never,Frequent,High,7723,Yes,Yes,No,No,High,7.8,Average,0
2319,33,Male,Asymptomatic,107,107,82,379,191,69,156,81,8.6,28.3,118,66,173,Yes,LVH,1.8,Upsloping,2,Fixed Defect,Current,Frequent,Moderate,5166,No,No,No,No,Low,8.6,Average,1
2320,59,Male,Typical Angina,169,169,83,297,211,34,185,126,7.0,39.7,127,77,157,No,ST-T Abnormality,2.7,Upsloping,3,Fixed Defect,Former,Never,Moderate,2955,No,No,No,Yes,Low,5.8,Poor,1
2321,56,Male,Asymptomatic,141,141,99,216,106,62,297,94,9.1,28.4,97,84,157,Yes,LVH,0.8,Upsloping,4,Normal,Never,Frequent,Moderate,7203,Yes,No,No,No,High,6.6,Average,0
2322,32,Female,Non-anginal Pain,177,177,70,276,137,47,248,146,5.3,24.5,122,80,186,Yes,Normal,0.0,Downsloping,1,Normal,Current,Never,Low,6576,No,No,No,Yes,Medium,8.6,Poor,1
2323,45,Female,Asymptomatic,102,102,63,302,175,37,208,140,7.9,28.1,120,60,179,Yes,ST-T Abnormality,1.3,Downsloping,3,Reversible Defect,Never,Frequent,Moderate,12503,Yes,No,No,Yes,Low,7.1,Average,1
2324,85,Male,Asymptomatic,142,142,61,190,71,56,70,122,9.0,36.0,125,92,121,No,Normal,3.8,Flat,3,Reversible Defect,Current,Frequent,Moderate,2430,Yes,No,Yes,No,High,6.2,Poor,1
2325,89,Female,Atypical Angina,122,122,77,209,99,67,197,152,7.8,22.3,118,62,128,No,Normal,1.3,Upsloping,3,Reversible Defect,Never,Never,Low,7384,Yes,No,Yes,Yes,Low,5.0,Good,1
2326,45,Female,Non-anginal Pain,105,105,70,338,205,53,284,142,5.4,20.7,92,68,183,Yes,ST-T Abnormality,0.7,Flat,3,Normal,Never,Never,Low,9756,Yes,No,No,No,High,7.7,Poor,0
2327,26,Female,Atypical Angina,104,104,69,177,84,35,82,141,7.9,23.6,113,100,179,No,ST-T Abnormality,2.7,Downsloping,3,Fixed Defect,Never,Frequent,Moderate,7979,No,No,No,No,High,6.6,Good,0
2328,89,Female,Non-anginal Pain,131,131,87,348,181,68,220,169,5.5,37.5,126,76,116,No,LVH,0.2,Upsloping,4,Normal,Never,Frequent,High,7679,Yes,No,Yes,Yes,Low,8.4,Good,1
2329,35,Female,Atypical Angina,152,152,87,217,85,67,283,128,9.4,29.3,96,62,180,No,Normal,0.0,Downsloping,0,Reversible Defect,Current,Occasional,Low,3267,Yes,Yes,No,No,Medium,7.6,Average,0
2330,69,Female,Non-anginal Pain,170,170,72,271,177,47,296,146,7.3,30.6,114,72,140,No,ST-T Abnormality,3.3,Downsloping,1,Reversible Defect,Former,Never,Moderate,2925,No,No,No,No,Low,6.7,Average,1
2331,73,Male,Non-anginal Pain,125,125,70,370,207,57,129,136,4.8,24.9,77,58,157,No,Normal,1.0,Flat,3,Reversible Defect,Current,Frequent,Moderate,4928,No,No,No,Yes,Low,5.7,Average,0
2332,77,Male,Atypical Angina,128,128,66,251,167,32,136,126,5.7,39.0,128,56,131,No,Normal,0.0,Flat,3,Fixed Defect,Current,Never,Moderate,10929,Yes,No,Yes,No,Medium,5.1,Average,1
2333,39,Male,Atypical Angina,132,132,62,338,176,53,281,136,6.1,26.9,130,73,186,No,ST-T Abnormality,1.8,Upsloping,0,Fixed Defect,Current,Occasional,Moderate,7949,No,No,No,No,Low,5.2,Poor,0
2334,45,Female,Typical Angina,117,117,67,304,152,52,133,154,9.4,31.4,103,98,178,No,Normal,0.1,Downsloping,0,Reversible Defect,Former,Never,Moderate,4765,Yes,No,Yes,No,Medium,6.7,Poor,0
2335,47,Male,Atypical Angina,124,124,86,263,163,31,122,134,7.0,28.9,87,81,167,No,ST-T Abnormality,0.0,Flat,2,Normal,Former,Never,Low,6749,No,No,No,No,Low,8.8,Good,1
2336,67,Female,Typical Angina,105,105,76,350,186,73,192,143,5.3,24.0,75,59,140,Yes,ST-T Abnormality,0.2,Downsloping,4,Reversible Defect,Never,Occasional,Low,6451,No,No,Yes,Yes,High,8.8,Poor,1
2337,73,Male,Typical Angina,141,141,106,379,219,73,182,109,9.4,38.7,75,100,149,No,ST-T Abnormality,0.7,Downsloping,0,Normal,Current,Frequent,Moderate,2716,No,Yes,No,Yes,Medium,5.1,Good,1
2338,85,Female,Typical Angina,173,173,66,347,215,64,205,118,9.2,26.6,107,90,130,No,LVH,1.3,Downsloping,2,Fixed Defect,Never,Frequent,Moderate,5004,No,No,Yes,No,Medium,7.6,Poor,1
2339,33,Male,Atypical Angina,177,177,73,269,97,78,197,80,9.2,36.5,98,89,172,No,Normal,1.2,Upsloping,3,Reversible Defect,Never,Occasional,Low,2599,Yes,No,No,Yes,Medium,4.8,Poor,0
2340,64,Male,Typical Angina,160,160,82,207,75,78,162,83,6.2,25.6,112,65,157,Yes,Normal,1.6,Flat,0,Fixed Defect,Current,Frequent,High,3886,No,No,No,Yes,Low,8.8,Average,1
2341,28,Male,Typical Angina,130,130,97,284,104,72,195,115,9.0,36.5,120,65,183,Yes,Normal,1.6,Upsloping,0,Fixed Defect,Current,Occasional,Moderate,5661,Yes,No,No,No,Low,6.9,Good,0
2342,57,Male,Non-anginal Pain,160,160,68,262,124,50,279,141,5.6,21.7,78,92,165,No,Normal,1.8,Flat,1,Fixed Defect,Never,Occasional,Moderate,4445,Yes,Yes,No,Yes,Low,5.9,Poor,0
2343,45,Female,Asymptomatic,112,112,91,323,184,51,126,83,7.7,19.0,121,96,174,No,LVH,0.9,Downsloping,0,Normal,Never,Frequent,Low,14990,Yes,No,No,Yes,Medium,7.8,Good,0
2344,43,Female,Atypical Angina,117,117,92,309,196,53,266,113,7.7,20.4,72,99,171,Yes,Normal,1.9,Downsloping,0,Normal,Current,Frequent,Moderate,5776,No,No,No,No,Medium,6.9,Poor,1
2345,60,Female,Non-anginal Pain,159,159,74,302,106,80,206,107,5.8,25.6,113,86,166,No,ST-T Abnormality,1.9,Flat,1,Reversible Defect,Never,Occasional,Moderate,12451,Yes,No,No,No,High,6.0,Poor,0
2346,50,Male,Asymptomatic,148,148,104,307,177,46,78,125,7.0,20.4,122,94,168,No,ST-T Abnormality,2.8,Upsloping,2,Fixed Defect,Never,Frequent,Low,12578,Yes,No,Yes,Yes,Low,8.1,Poor,1
2347,54,Female,Asymptomatic,139,139,67,283,122,51,119,164,5.5,26.7,129,58,154,No,LVH,1.1,Downsloping,1,Reversible Defect,Never,Never,Low,4167,Yes,No,No,Yes,Medium,5.5,Good,0
2348,47,Male,Asymptomatic,153,153,74,378,212,74,276,116,7.4,31.9,104,55,159,No,ST-T Abnormality,0.8,Upsloping,4,Reversible Defect,Current,Frequent,Moderate,12003,No,No,Yes,No,Medium,7.0,Poor,1
2349,46,Female,Non-anginal Pain,126,126,93,367,204,49,118,96,7.7,30.6,94,67,174,Yes,LVH,0.7,Flat,3,Reversible Defect,Never,Frequent,Moderate,8493,Yes,No,Yes,Yes,Low,7.6,Poor,1
2350,56,Male,Typical Angina,112,112,102,287,170,68,156,91,9.5,36.6,94,90,162,No,ST-T Abnormality,1.0,Downsloping,0,Reversible Defect,Never,Occasional,Low,8764,No,No,No,Yes,Low,7.3,Average,0
2351,85,Male,Typical Angina,153,153,62,221,120,41,121,168,9.4,27.5,109,55,129,No,ST-T Abnormality,1.7,Upsloping,1,Normal,Never,Never,Moderate,7982,Yes,Yes,No,Yes,Low,7.9,Good,0
2352,26,Female,Asymptomatic,115,115,87,300,130,77,107,175,9.4,37.2,105,57,180,Yes,LVH,0.5,Downsloping,4,Normal,Current,Frequent,High,10710,Yes,No,No,Yes,Low,8.3,Good,1
2353,37,Male,Asymptomatic,172,172,90,335,195,62,187,166,6.7,20.1,128,98,193,No,ST-T Abnormality,0.9,Downsloping,0,Normal,Current,Never,High,2543,Yes,No,Yes,No,Medium,5.4,Good,0
2354,60,Male,Atypical Angina,122,122,101,237,90,46,120,109,8.7,21.0,119,98,159,Yes,ST-T Abnormality,0.7,Flat,3,Normal,Current,Frequent,Low,12848,No,Yes,Yes,No,Medium,6.8,Poor,1
2355,88,Female,Typical Angina,155,155,105,193,88,55,121,139,5.6,34.4,123,87,127,No,LVH,1.5,Flat,1,Fixed Defect,Never,Occasional,High,10933,No,No,Yes,Yes,Medium,5.4,Poor,0
2356,81,Male,Atypical Angina,156,156,95,253,106,66,243,123,7.3,20.2,78,88,145,Yes,Normal,0.0,Flat,1,Normal,Former,Frequent,Low,4150,Yes,Yes,No,No,Low,5.1,Average,1
2357,34,Male,Non-anginal Pain,143,143,108,305,162,54,101,142,6.0,20.7,89,83,182,No,Normal,1.1,Upsloping,1,Normal,Never,Frequent,High,7098,Yes,No,No,Yes,High,8.8,Poor,0
2358,56,Male,Asymptomatic,160,160,78,274,108,55,281,134,7.9,27.6,115,90,163,Yes,LVH,0.2,Flat,0,Normal,Current,Never,Low,6592,No,No,Yes,No,High,8.9,Average,1
2359,83,Female,Atypical Angina,120,120,90,231,80,41,144,120,7.0,27.4,85,84,125,No,ST-T Abnormality,0.0,Flat,4,Fixed Defect,Current,Frequent,Moderate,11150,Yes,No,No,Yes,Low,5.0,Average,1
2360,74,Male,Non-anginal Pain,116,116,103,236,89,45,163,109,9.3,26.0,90,71,151,No,Normal,0.1,Upsloping,0,Reversible Defect,Current,Occasional,Moderate,12424,Yes,No,Yes,No,Medium,5.1,Average,1
2361,83,Male,Atypical Angina,125,125,63,190,79,47,92,126,8.9,37.5,81,86,133,No,Normal,1.4,Downsloping,0,Reversible Defect,Current,Occasional,Low,3021,No,No,Yes,No,Medium,4.5,Average,1
2362,45,Female,Non-anginal Pain,106,106,87,298,142,47,180,97,7.8,20.7,120,79,171,No,LVH,1.2,Upsloping,3,Reversible Defect,Never,Frequent,Moderate,8911,No,Yes,Yes,Yes,Medium,6.1,Poor,0
2363,76,Female,Asymptomatic,138,138,67,240,112,80,274,87,8.4,37.1,70,78,150,Yes,LVH,0.0,Downsloping,4,Fixed Defect,Never,Occasional,Low,7667,Yes,Yes,No,No,High,7.2,Average,1
2364,85,Female,Asymptomatic,127,127,87,265,152,49,175,87,5.4,23.3,121,57,133,Yes,Normal,1.9,Downsloping,1,Fixed Defect,Never,Never,Low,9301,Yes,Yes,No,No,Low,8.6,Average,1
2365,30,Male,Non-anginal Pain,155,155,61,209,73,47,216,104,9.4,20.0,87,57,190,No,LVH,1.3,Downsloping,4,Reversible Defect,Never,Never,Moderate,12698,No,No,No,Yes,Medium,7.3,Poor,0
2366,81,Male,Typical Angina,179,179,76,279,147,79,181,129,4.9,27.2,96,77,129,No,Normal,0.0,Flat,0,Normal,Never,Frequent,Moderate,12570,Yes,Yes,No,No,Low,8.6,Good,0
2367,52,Male,Non-anginal Pain,134,134,102,221,114,64,270,145,5.2,23.4,89,69,172,Yes,LVH,1.2,Flat,2,Fixed Defect,Never,Never,Low,14954,No,No,Yes,Yes,High,6.8,Good,1
2368,39,Female,Typical Angina,175,175,76,246,74,70,178,82,7.9,39.5,104,91,188,No,Normal,0.4,Upsloping,4,Fixed Defect,Former,Occasional,Moderate,3016,No,No,No,Yes,Low,7.6,Good,0
2369,46,Male,Atypical Angina,144,144,98,241,83,56,285,94,8.0,23.8,117,80,174,Yes,ST-T Abnormality,1.2,Downsloping,0,Fixed Defect,Never,Frequent,Moderate,8904,No,No,No,No,Low,7.4,Good,0
2370,77,Male,Typical Angina,144,144,64,325,155,56,97,180,8.6,19.8,125,64,142,Yes,ST-T Abnormality,1.0,Upsloping,1,Normal,Never,Frequent,Moderate,12860,No,No,Yes,No,Medium,6.2,Average,1
2371,69,Male,Atypical Angina,134,134,106,221,75,71,271,137,9.3,22.6,78,79,154,No,LVH,0.2,Upsloping,0,Fixed Defect,Never,Never,High,6368,Yes,No,Yes,Yes,Low,5.0,Poor,0
2372,30,Female,Atypical Angina,121,121,84,360,170,70,246,118,7.6,29.5,97,95,176,No,Normal,0.0,Flat,0,Reversible Defect,Never,Never,High,13789,Yes,No,No,No,Low,5.0,Good,0
2373,55,Female,Non-anginal Pain,110,110,83,211,117,44,293,159,8.2,21.6,113,74,160,No,LVH,0.2,Downsloping,0,Reversible Defect,Never,Frequent,Low,12765,Yes,Yes,No,Yes,High,8.7,Poor,0
2374,73,Male,Atypical Angina,144,144,101,249,112,62,207,138,8.1,24.9,128,59,153,No,LVH,0.7,Flat,4,Normal,Current,Never,Low,2054,No,Yes,Yes,No,High,8.5,Average,1
2375,82,Female,Atypical Angina,168,168,95,213,83,78,107,176,7.5,36.3,122,86,147,No,ST-T Abnormality,0.0,Upsloping,4,Normal,Current,Never,Moderate,8183,Yes,Yes,Yes,Yes,Low,8.0,Good,1
2376,29,Female,Typical Angina,158,158,91,277,163,70,299,124,7.8,23.3,112,64,199,No,ST-T Abnormality,2.1,Flat,4,Fixed Defect,Current,Occasional,Moderate,5823,No,No,No,Yes,Low,8.1,Average,1
2377,88,Male,Asymptomatic,126,126,103,338,214,51,221,146,5.3,27.1,87,60,120,No,LVH,0.9,Upsloping,0,Reversible Defect,Never,Never,Low,10307,No,No,No,Yes,High,8.7,Poor,0
2378,28,Female,Typical Angina,151,151,100,379,211,69,207,127,7.0,32.9,117,61,189,No,Normal,0.8,Upsloping,0,Normal,Current,Frequent,Low,4570,Yes,No,Yes,No,Low,6.5,Good,1
2379,80,Female,Typical Angina,172,172,62,275,154,60,188,129,9.4,25.1,113,67,142,Yes,LVH,1.3,Downsloping,2,Reversible Defect,Current,Frequent,Moderate,12662,Yes,No,No,No,Low,8.1,Poor,1
2380,69,Male,Typical Angina,109,109,102,260,100,74,114,159,8.8,26.8,103,57,161,No,Normal,2.2,Downsloping,4,Fixed Defect,Never,Frequent,Low,9086,Yes,Yes,No,Yes,High,4.9,Poor,1
2381,49,Female,Asymptomatic,132,132,105,180,93,40,238,118,6.3,38.0,90,76,160,No,LVH,0.0,Flat,4,Fixed Defect,Former,Frequent,Low,3859,No,Yes,No,No,Low,8.2,Good,1
2382,31,Male,Asymptomatic,166,166,64,262,158,60,196,149,5.9,22.2,119,76,197,No,ST-T Abnormality,1.1,Downsloping,0,Normal,Former,Occasional,High,3045,No,No,No,No,Medium,5.7,Average,0
2383,71,Female,Non-anginal Pain,177,177,105,343,175,57,203,156,9.3,25.7,81,83,150,No,ST-T Abnormality,1.6,Flat,0,Normal,Never,Frequent,Low,3600,No,Yes,Yes,No,Low,8.0,Average,1
2384,57,Female,Non-anginal Pain,136,136,96,338,175,56,154,179,5.6,27.9,103,65,159,No,Normal,2.0,Downsloping,2,Normal,Current,Occasional,Moderate,2478,Yes,Yes,No,Yes,Low,8.9,Good,1
2385,34,Male,Typical Angina,106,106,69,235,150,32,85,152,6.2,21.6,77,97,189,No,ST-T Abnormality,2.3,Flat,4,Reversible Defect,Never,Occasional,Moderate,12221,Yes,No,No,Yes,High,5.4,Average,0
2386,72,Male,Atypical Angina,137,137,99,212,77,73,273,118,8.2,20.5,111,59,156,No,LVH,2.2,Flat,4,Fixed Defect,Current,Occasional,Moderate,4343,No,No,Yes,No,High,8.6,Average,1
2387,51,Male,Asymptomatic,174,174,104,301,211,41,259,145,7.9,33.3,130,98,175,No,ST-T Abnormality,1.6,Flat,0,Normal,Current,Frequent,High,10185,Yes,No,Yes,No,Medium,7.5,Average,1
2388,49,Female,Asymptomatic,123,123,80,329,163,48,144,119,9.5,29.3,77,90,169,No,Normal,0.0,Upsloping,2,Reversible Defect,Never,Never,High,14214,No,No,Yes,No,Low,5.4,Good,0
2389,48,Male,Atypical Angina,166,166,78,241,144,57,143,179,7.3,37.3,125,79,161,No,Normal,0.4,Downsloping,3,Normal,Former,Frequent,Low,9826,No,No,No,Yes,Medium,8.7,Poor,0
2390,57,Male,Asymptomatic,163,163,80,298,161,77,281,110,5.7,25.0,89,99,173,No,Normal,1.5,Flat,1,Normal,Former,Never,Low,4797,Yes,No,Yes,No,Low,7.4,Poor,1
2391,83,Male,Asymptomatic,151,151,89,320,169,35,204,88,6.6,35.6,95,62,129,No,ST-T Abnormality,2.2,Flat,4,Normal,Former,Occasional,High,3050,No,No,Yes,Yes,Medium,7.5,Average,1
2392,88,Male,Typical Angina,117,117,65,212,105,58,225,131,8.3,19.2,99,77,139,No,Normal,0.9,Upsloping,3,Fixed Defect,Current,Occasional,Low,5331,No,Yes,Yes,Yes,High,8.3,Poor,1
2393,80,Female,Asymptomatic,144,144,101,310,152,49,294,111,7.0,29.4,76,62,146,Yes,ST-T Abnormality,2.5,Flat,4,Reversible Defect,Former,Frequent,Low,10228,No,No,No,No,Low,8.6,Good,1
2394,71,Male,Typical Angina,176,176,92,265,107,73,297,172,7.9,34.7,83,69,153,No,ST-T Abnormality,2.2,Downsloping,4,Fixed Defect,Former,Occasional,Low,4601,Yes,No,No,No,Low,4.9,Good,1
2395,42,Female,Asymptomatic,140,140,84,270,108,60,179,171,7.7,19.5,99,97,177,Yes,Normal,0.0,Upsloping,1,Fixed Defect,Current,Occasional,Moderate,4653,No,Yes,No,No,Medium,6.5,Poor,1
2396,36,Female,Atypical Angina,104,104,89,259,138,45,266,172,7.1,38.3,97,59,172,No,ST-T Abnormality,0.7,Flat,3,Reversible Defect,Never,Frequent,Moderate,13422,No,No,No,No,Low,7.4,Average,0
2397,57,Male,Typical Angina,118,118,99,281,109,69,223,155,5.0,23.0,112,74,163,Yes,ST-T Abnormality,2.1,Downsloping,3,Normal,Never,Occasional,High,11085,Yes,No,Yes,Yes,Medium,7.3,Good,1
2398,71,Male,Atypical Angina,141,141,61,257,113,44,117,172,6.8,39.1,80,76,136,No,ST-T Abnormality,1.1,Downsloping,2,Fixed Defect,Former,Occasional,Low,13490,Yes,No,No,No,Low,6.2,Good,1
2399,51,Female,Typical Angina,102,102,90,189,83,39,175,137,9.2,35.9,76,95,154,Yes,ST-T Abnormality,1.2,Downsloping,0,Fixed Defect,Current,Occasional,Moderate,12001,No,No,No,Yes,Medium,7.8,Good,1
2400,88,Female,Atypical Angina,162,162,86,215,74,59,212,95,7.5,36.4,89,71,133,No,Normal,0.2,Flat,1,Reversible Defect,Current,Never,Moderate,6631,Yes,No,No,No,Medium,5.8,Average,1
2401,35,Male,Typical Angina,154,154,91,247,108,57,297,139,8.5,33.7,112,93,176,Yes,Normal,0.6,Flat,2,Reversible Defect,Former,Frequent,Moderate,14069,Yes,No,Yes,No,Medium,8.8,Good,1
2402,73,Male,Typical Angina,148,148,94,224,89,67,114,171,7.2,24.6,97,84,133,No,ST-T Abnormality,1.8,Upsloping,2,Reversible Defect,Current,Occasional,High,6374,No,No,No,No,Low,6.9,Good,1
2403,62,Male,Atypical Angina,129,129,80,318,174,38,222,90,8.2,23.0,129,99,158,No,LVH,1.7,Upsloping,0,Normal,Former,Occasional,Moderate,14875,No,No,Yes,Yes,Medium,5.5,Poor,0
2404,61,Male,Non-anginal Pain,150,150,86,324,178,65,87,88,8.7,21.6,115,57,145,No,Normal,1.6,Downsloping,1,Normal,Never,Never,Moderate,3472,No,No,Yes,Yes,Low,8.0,Poor,0
2405,67,Female,Asymptomatic,108,108,63,238,93,71,199,145,4.9,37.2,130,74,152,Yes,LVH,0.1,Upsloping,2,Reversible Defect,Current,Frequent,Moderate,6132,No,Yes,Yes,Yes,Medium,4.6,Good,1
2406,38,Female,Non-anginal Pain,113,113,66,344,194,39,212,148,6.7,36.3,84,63,187,Yes,ST-T Abnormality,1.0,Flat,2,Reversible Defect,Current,Never,High,4870,No,No,No,No,Medium,8.6,Average,1
2407,82,Female,Typical Angina,144,144,86,274,195,32,300,149,5.2,36.1,75,63,132,No,ST-T Abnormality,0.7,Upsloping,1,Reversible Defect,Never,Frequent,High,8733,Yes,No,No,Yes,High,7.8,Good,0
2408,80,Male,Typical Angina,180,180,100,256,122,61,228,133,9.2,22.3,129,91,129,Yes,LVH,3.7,Flat,1,Normal,Never,Never,High,13364,No,Yes,No,No,High,6.0,Poor,1
2409,71,Female,Non-anginal Pain,139,139,86,296,142,61,228,169,8.9,35.3,112,100,140,Yes,LVH,1.0,Upsloping,4,Reversible Defect,Former,Occasional,Moderate,3967,Yes,No,Yes,No,High,7.3,Poor,1
2410,70,Female,Typical Angina,112,112,63,263,104,76,200,139,8.6,18.4,85,69,157,No,Normal,2.1,Upsloping,1,Normal,Current,Occasional,High,8722,No,Yes,Yes,No,Medium,7.5,Good,1
2411,78,Female,Non-anginal Pain,119,119,96,216,86,30,159,94,6.4,34.1,110,94,129,No,ST-T Abnormality,1.6,Upsloping,4,Normal,Never,Occasional,Low,5326,No,No,Yes,Yes,Medium,8.1,Poor,1
2412,31,Male,Asymptomatic,128,128,101,288,155,64,142,142,6.6,23.1,97,74,181,No,Normal,1.9,Flat,1,Reversible Defect,Former,Occasional,Moderate,5418,Yes,No,No,No,High,5.4,Good,0
2413,54,Female,Non-anginal Pain,151,151,82,270,138,80,262,172,6.7,39.6,97,58,163,No,ST-T Abnormality,0.7,Upsloping,0,Fixed Defect,Never,Frequent,Moderate,4307,No,Yes,Yes,Yes,Medium,5.1,Average,1
2414,56,Male,Asymptomatic,160,160,67,223,88,35,131,94,8.1,18.8,120,78,163,No,ST-T Abnormality,2.7,Upsloping,3,Normal,Current,Never,Low,7606,Yes,No,No,Yes,High,8.1,Good,1
2415,45,Female,Asymptomatic,179,179,83,350,190,42,267,149,7.2,34.4,119,78,182,Yes,ST-T Abnormality,1.9,Upsloping,4,Fixed Defect,Former,Frequent,Moderate,6832,Yes,No,Yes,Yes,Low,4.5,Average,1
2416,70,Female,Typical Angina,117,117,83,276,171,46,181,83,9.3,34.7,77,81,154,No,Normal,1.3,Upsloping,2,Reversible Defect,Current,Never,Moderate,6913,No,No,Yes,Yes,High,5.4,Poor,1
2417,64,Female,Atypical Angina,123,123,69,264,135,57,231,81,7.0,36.5,87,78,155,No,Normal,2.0,Downsloping,4,Normal,Current,Occasional,Low,13044,No,Yes,Yes,Yes,High,8.2,Good,1
2418,87,Male,Typical Angina,115,115,100,303,112,78,299,168,8.9,39.6,121,82,130,No,Normal,0.4,Downsloping,2,Reversible Defect,Never,Frequent,Moderate,11575,Yes,No,No,No,High,7.8,Poor,0
2419,33,Female,Atypical Angina,133,133,110,343,189,78,252,133,6.2,21.2,81,57,196,Yes,Normal,1.1,Upsloping,0,Fixed Defect,Former,Never,Low,6867,No,No,No,No,Low,8.5,Poor,1
2420,89,Male,Atypical Angina,125,125,106,237,118,39,264,136,5.1,24.7,88,85,126,No,LVH,4.0,Flat,1,Normal,Former,Occasional,Moderate,3996,No,No,Yes,No,Medium,7.8,Average,0
2421,42,Female,Atypical Angina,173,173,97,353,208,62,138,140,7.0,18.9,129,61,165,No,ST-T Abnormality,0.4,Flat,0,Reversible Defect,Never,Frequent,Moderate,11457,No,No,No,No,Low,7.7,Poor,0
2422,40,Male,Typical Angina,154,154,66,184,90,41,264,153,6.9,22.9,123,96,176,No,LVH,0.2,Upsloping,2,Reversible Defect,Never,Never,Moderate,4424,Yes,Yes,No,Yes,Low,5.1,Average,0
2423,43,Male,Typical Angina,161,161,64,382,209,65,167,132,6.7,18.0,103,55,176,No,LVH,1.0,Upsloping,1,Fixed Defect,Current,Never,High,12193,Yes,Yes,No,No,Low,5.2,Poor,1
2424,55,Male,Non-anginal Pain,118,118,60,345,180,53,83,139,9.0,26.5,79,78,166,No,ST-T Abnormality,2.0,Flat,4,Reversible Defect,Never,Never,Moderate,8696,Yes,No,No,Yes,Medium,8.5,Poor,0
2425,78,Male,Non-anginal Pain,117,117,81,312,176,39,81,140,6.5,26.0,128,57,137,Yes,LVH,1.4,Downsloping,4,Normal,Former,Never,Moderate,4387,No,Yes,Yes,Yes,High,5.9,Average,1
2426,53,Male,Asymptomatic,106,106,82,310,193,43,182,138,9.1,28.9,113,69,160,No,Normal,1.4,Flat,3,Reversible Defect,Former,Never,Moderate,9246,No,No,No,No,Low,7.0,Poor,0
2427,50,Female,Atypical Angina,104,104,65,337,173,77,139,158,8.3,27.8,129,66,174,No,Normal,0.6,Downsloping,1,Normal,Current,Occasional,Moderate,2798,No,Yes,No,Yes,Medium,5.1,Average,0
2428,54,Female,Typical Angina,172,172,77,308,145,51,208,154,8.7,24.9,128,62,160,No,LVH,1.3,Downsloping,3,Reversible Defect,Former,Never,Moderate,11603,Yes,Yes,No,Yes,Low,6.5,Average,0
2429,61,Female,Non-anginal Pain,129,129,98,280,160,38,77,83,8.4,33.9,82,59,149,Yes,Normal,2.1,Downsloping,1,Reversible Defect,Current,Frequent,High,9635,Yes,No,Yes,No,Medium,4.7,Poor,1
2430,85,Female,Atypical Angina,180,180,85,284,156,62,200,124,7.3,19.2,125,68,144,Yes,ST-T Abnormality,1.0,Flat,4,Fixed Defect,Never,Never,High,12308,No,Yes,No,Yes,Medium,6.8,Good,1
2431,55,Male,Typical Angina,105,105,104,276,151,30,242,165,6.6,26.6,109,92,166,No,LVH,0.0,Downsloping,4,Fixed Defect,Never,Never,High,5808,Yes,No,No,Yes,Medium,5.2,Average,0
2432,82,Male,Typical Angina,137,137,84,274,122,64,113,137,6.9,35.1,108,59,147,No,ST-T Abnormality,1.7,Downsloping,3,Normal,Current,Occasional,Moderate,8955,No,No,Yes,No,High,8.5,Good,1
2433,90,Male,Atypical Angina,166,166,108,198,95,48,197,102,7.5,22.8,72,78,127,No,Normal,1.4,Flat,4,Normal,Never,Frequent,Low,7026,No,No,Yes,Yes,High,7.5,Good,1
2434,57,Male,Atypical Angina,176,176,62,264,153,53,163,141,7.8,34.0,125,95,173,Yes,Normal,3.4,Downsloping,4,Normal,Never,Frequent,Moderate,13173,Yes,No,No,Yes,Medium,5.6,Good,0
2435,25,Male,Asymptomatic,118,118,106,327,174,80,226,148,7.9,19.2,77,93,197,No,LVH,0.7,Upsloping,2,Normal,Former,Never,Low,14807,Yes,No,No,No,Low,8.2,Poor,0
2436,48,Female,Typical Angina,144,144,73,241,113,76,111,138,8.8,26.9,74,58,166,No,ST-T Abnormality,1.5,Flat,2,Reversible Defect,Never,Never,High,4764,Yes,No,Yes,Yes,Low,5.5,Average,0
2437,57,Male,Non-anginal Pain,149,149,71,314,197,63,75,141,6.8,32.6,74,62,150,No,LVH,1.8,Flat,3,Normal,Former,Occasional,Moderate,5581,No,No,Yes,Yes,High,5.1,Average,1
2438,48,Male,Non-anginal Pain,136,136,80,247,81,77,263,88,8.1,38.0,120,76,166,Yes,ST-T Abnormality,2.1,Flat,0,Fixed Defect,Current,Never,High,8149,Yes,No,Yes,No,Medium,6.0,Average,1
2439,25,Male,Non-anginal Pain,121,121,108,254,116,70,122,118,9.4,22.8,92,70,183,No,LVH,0.0,Upsloping,4,Fixed Defect,Current,Never,High,3995,Yes,No,No,No,High,6.9,Poor,0
2440,45,Male,Typical Angina,100,100,108,357,217,69,173,91,8.9,26.2,103,87,170,Yes,Normal,1.9,Flat,0,Normal,Current,Never,Low,13516,Yes,No,No,Yes,High,5.1,Poor,1
2441,31,Male,Typical Angina,153,153,105,303,169,60,181,109,8.2,27.4,83,93,184,No,LVH,2.0,Flat,1,Reversible Defect,Never,Never,Moderate,8003,No,Yes,No,No,Medium,7.1,Good,0
2442,68,Female,Non-anginal Pain,173,173,104,328,174,48,269,130,7.6,24.6,84,79,154,Yes,Normal,1.3,Downsloping,1,Reversible Defect,Never,Never,Moderate,7329,No,No,Yes,Yes,High,7.3,Good,1
2443,45,Female,Typical Angina,132,132,61,261,142,62,82,88,7.9,22.4,122,62,160,No,LVH,1.9,Flat,1,Normal,Never,Frequent,Low,5370,Yes,Yes,No,No,Medium,4.9,Good,0
2444,45,Female,Asymptomatic,129,129,99,351,172,79,269,102,8.7,30.3,76,58,179,Yes,LVH,2.1,Downsloping,3,Fixed Defect,Former,Frequent,High,10751,No,No,No,Yes,Medium,5.6,Average,1
2445,54,Male,Asymptomatic,179,179,108,261,124,47,85,91,9.4,30.6,115,88,154,No,LVH,0.0,Downsloping,4,Fixed Defect,Former,Never,Moderate,12905,Yes,No,No,No,Low,7.3,Good,0
2446,72,Female,Typical Angina,129,129,86,239,82,76,211,153,6.8,28.5,84,90,133,No,ST-T Abnormality,1.6,Downsloping,4,Normal,Never,Frequent,High,4887,Yes,No,No,Yes,High,6.6,Average,0
2447,82,Male,Atypical Angina,128,128,100,210,89,34,299,129,6.7,21.6,73,55,129,Yes,ST-T Abnormality,0.7,Downsloping,3,Normal,Former,Occasional,Low,4048,No,No,Yes,No,Medium,8.7,Good,1
2448,79,Female,Non-anginal Pain,144,144,103,294,161,38,183,132,9.0,23.7,102,78,141,No,Normal,0.0,Upsloping,3,Normal,Never,Never,Moderate,2594,No,Yes,Yes,No,Medium,7.6,Average,1
2449,56,Male,Atypical Angina,120,120,102,283,122,63,160,159,7.9,34.5,81,83,174,No,ST-T Abnormality,2.3,Upsloping,1,Normal,Current,Frequent,Low,6909,No,Yes,No,Yes,Low,7.6,Good,1
2450,26,Male,Non-anginal Pain,166,166,97,260,101,64,118,115,7.7,34.4,130,70,187,Yes,ST-T Abnormality,0.4,Downsloping,2,Reversible Defect,Former,Never,High,4189,No,Yes,No,Yes,Low,7.9,Average,1
2451,32,Female,Non-anginal Pain,114,114,95,224,93,66,83,158,6.7,30.2,78,96,184,Yes,Normal,1.3,Upsloping,0,Fixed Defect,Never,Occasional,Moderate,2423,No,No,No,Yes,High,7.8,Good,0
2452,55,Male,Non-anginal Pain,107,107,80,285,128,50,198,88,6.1,39.3,103,90,170,No,LVH,1.8,Upsloping,4,Fixed Defect,Former,Frequent,Moderate,7476,Yes,Yes,No,No,Medium,6.3,Average,1
2453,76,Female,Typical Angina,159,159,62,263,131,55,139,165,7.3,20.9,109,72,129,No,Normal,3.0,Downsloping,4,Normal,Never,Frequent,Low,6776,No,No,Yes,No,Medium,5.5,Good,1
2454,83,Female,Typical Angina,114,114,75,309,184,80,139,155,5.3,35.0,127,55,141,No,Normal,1.9,Downsloping,3,Fixed Defect,Never,Frequent,Low,11257,No,No,Yes,Yes,Medium,6.5,Good,1
2455,82,Male,Atypical Angina,123,123,80,246,128,57,102,97,5.1,20.2,84,78,133,No,LVH,2.4,Downsloping,1,Reversible Defect,Former,Occasional,Low,12096,Yes,No,No,No,Medium,8.4,Average,0
2456,26,Female,Atypical Angina,171,171,81,261,134,35,215,145,9.4,19.8,74,87,183,No,LVH,1.8,Upsloping,2,Fixed Defect,Current,Never,Low,13956,No,No,No,Yes,Medium,5.5,Average,0
2457,61,Male,Non-anginal Pain,160,160,106,211,86,79,88,108,7.6,37.7,71,94,151,No,ST-T Abnormality,1.7,Downsloping,3,Normal,Never,Occasional,Moderate,9450,No,No,No,No,Low,7.8,Good,0
2458,73,Male,Atypical Angina,161,161,66,211,77,71,193,169,5.6,25.0,78,75,152,No,ST-T Abnormality,0.5,Upsloping,3,Reversible Defect,Never,Occasional,Moderate,3829,No,No,No,Yes,Medium,7.0,Poor,0
2459,49,Female,Typical Angina,101,101,72,298,146,71,262,94,9.2,29.6,125,75,167,No,Normal,0.3,Downsloping,1,Reversible Defect,Never,Occasional,Moderate,9756,No,No,No,Yes,Medium,8.8,Average,0
2460,27,Male,Non-anginal Pain,162,162,105,257,157,40,157,85,6.7,25.2,118,94,200,Yes,Normal,1.0,Upsloping,3,Normal,Former,Frequent,Low,2110,Yes,No,No,No,High,7.9,Average,1
2461,45,Male,Asymptomatic,133,133,70,241,141,59,193,97,6.2,21.4,71,88,176,No,LVH,0.0,Downsloping,1,Normal,Former,Never,Low,13832,Yes,No,No,Yes,High,5.9,Good,0
2462,81,Female,Typical Angina,112,112,61,283,166,49,214,142,6.8,21.2,91,63,131,Yes,LVH,4.0,Upsloping,1,Reversible Defect,Never,Occasional,Low,10076,Yes,No,Yes,No,High,7.9,Poor,1
2463,26,Male,Typical Angina,102,102,91,367,215,46,94,139,7.0,28.1,87,71,200,No,ST-T Abnormality,0.8,Flat,2,Normal,Never,Never,Low,12561,Yes,No,No,No,High,8.1,Good,0
2464,40,Female,Typical Angina,114,114,71,281,176,65,249,156,7.0,28.1,73,56,190,Yes,LVH,0.8,Flat,0,Fixed Defect,Never,Occasional,High,7549,No,No,No,No,Medium,8.5,Good,0
2465,89,Female,Typical Angina,111,111,95,232,122,31,252,171,6.1,37.4,80,56,125,No,Normal,0.0,Downsloping,3,Fixed Defect,Never,Never,High,11019,No,Yes,No,Yes,Low,5.3,Average,1
2466,75,Male,Non-anginal Pain,180,180,82,297,177,62,191,119,9.1,35.4,115,63,148,No,Normal,0.7,Downsloping,2,Reversible Defect,Former,Frequent,Moderate,7837,No,Yes,Yes,No,Medium,5.9,Good,1
2467,54,Female,Atypical Angina,135,135,76,348,217,31,298,176,9.4,18.7,129,70,172,No,Normal,0.0,Upsloping,0,Normal,Never,Never,Low,13112,No,No,No,Yes,High,5.5,Good,0
2468,42,Female,Non-anginal Pain,154,154,108,245,160,38,97,83,8.6,35.5,94,62,188,No,LVH,0.6,Downsloping,4,Reversible Defect,Current,Occasional,Low,9764,No,No,No,No,Low,8.5,Poor,1
2469,75,Male,Non-anginal Pain,142,142,105,266,99,58,250,169,5.9,32.6,108,97,140,Yes,Normal,2.0,Flat,0,Reversible Defect,Never,Occasional,Low,5067,Yes,No,Yes,Yes,High,6.9,Good,1
2470,36,Male,Typical Angina,157,157,109,284,154,74,134,94,9.1,29.5,81,75,174,Yes,LVH,2.6,Upsloping,0,Normal,Current,Occasional,Low,14666,Yes,No,No,No,Medium,8.7,Poor,1
2471,75,Male,Typical Angina,154,154,101,228,88,72,178,147,7.2,28.8,101,71,137,Yes,Normal,1.3,Downsloping,3,Reversible Defect,Former,Never,Low,3180,Yes,No,Yes,Yes,Low,8.6,Good,1
2472,69,Female,Asymptomatic,110,110,104,230,75,44,144,156,8.9,24.0,71,86,158,No,ST-T Abnormality,2.8,Downsloping,2,Normal,Never,Never,Moderate,4335,No,No,No,Yes,Low,8.5,Poor,0
2473,75,Male,Non-anginal Pain,121,121,84,255,82,74,250,163,5.3,22.4,103,81,136,Yes,ST-T Abnormality,2.4,Upsloping,4,Fixed Defect,Never,Never,High,11855,No,No,No,No,Low,7.1,Good,1
2474,87,Female,Non-anginal Pain,149,149,108,225,121,46,213,106,4.8,22.1,77,92,119,Yes,Normal,0.1,Flat,1,Fixed Defect,Former,Occasional,Moderate,12742,No,Yes,No,Yes,Low,7.2,Good,1
2475,83,Female,Typical Angina,103,103,110,344,181,55,75,139,5.3,35.3,102,86,141,No,Normal,0.7,Flat,3,Fixed Defect,Former,Occasional,Moderate,2613,Yes,Yes,Yes,No,Medium,6.6,Poor,1
2476,50,Male,Typical Angina,162,162,96,324,184,55,146,109,8.4,23.8,114,82,168,No,ST-T Abnormality,0.0,Flat,2,Fixed Defect,Never,Frequent,Low,8228,Yes,No,Yes,Yes,Medium,7.7,Good,0
2477,74,Female,Typical Angina,179,179,91,202,71,46,159,83,6.7,32.8,130,86,132,No,LVH,2.0,Downsloping,2,Normal,Never,Occasional,Low,3393,Yes,No,No,Yes,Medium,7.5,Average,1
2478,68,Male,Atypical Angina,101,101,109,262,106,46,300,105,7.4,31.6,107,100,154,No,ST-T Abnormality,0.0,Downsloping,3,Normal,Never,Never,Low,12244,No,Yes,No,No,High,8.8,Good,1
2479,74,Male,Typical Angina,157,157,93,237,78,42,76,129,7.1,36.6,101,75,154,No,Normal,1.4,Flat,0,Reversible Defect,Never,Occasional,Moderate,4865,Yes,No,Yes,No,High,8.8,Average,0
2480,78,Male,Typical Angina,164,164,79,335,192,79,161,98,5.2,20.5,86,55,152,No,Normal,1.3,Downsloping,0,Fixed Defect,Former,Occasional,Moderate,13854,No,No,No,No,High,6.2,Poor,0
2481,74,Female,Atypical Angina,138,138,88,259,81,58,235,127,6.0,24.4,106,80,156,No,ST-T Abnormality,2.2,Flat,3,Normal,Former,Occasional,Low,7059,Yes,Yes,No,Yes,Medium,8.1,Average,1
2482,86,Male,Non-anginal Pain,109,109,69,280,154,40,261,131,7.1,21.9,115,55,125,No,Normal,1.8,Upsloping,2,Fixed Defect,Former,Occasional,Moderate,7796,No,No,Yes,Yes,Low,9.0,Good,1
2483,27,Female,Asymptomatic,104,104,65,312,207,56,75,85,8.6,18.7,90,55,187,Yes,ST-T Abnormality,1.7,Upsloping,1,Reversible Defect,Current,Frequent,Moderate,8682,Yes,No,No,No,Low,7.2,Average,0
2484,42,Female,Atypical Angina,163,163,97,239,77,76,216,121,7.1,35.8,115,65,181,Yes,LVH,1.6,Flat,0,Normal,Never,Frequent,Moderate,11929,Yes,No,No,Yes,Medium,6.2,Good,0
2485,59,Male,Asymptomatic,122,122,89,394,209,71,254,152,6.6,31.4,114,88,159,No,ST-T Abnormality,0.3,Downsloping,4,Normal,Former,Occasional,Low,13274,No,Yes,No,No,High,6.8,Poor,1
2486,66,Female,Non-anginal Pain,170,170,84,310,147,63,99,163,5.2,27.6,88,72,148,Yes,Normal,0.9,Downsloping,0,Reversible Defect,Current,Occasional,Low,6987,Yes,Yes,No,Yes,Low,5.2,Poor,1
2487,71,Male,Atypical Angina,128,128,82,257,75,74,281,82,6.9,25.1,114,63,147,No,ST-T Abnormality,1.0,Upsloping,4,Fixed Defect,Former,Never,Moderate,7999,Yes,No,Yes,Yes,High,6.6,Good,1
2488,46,Female,Atypical Angina,148,148,101,257,153,57,119,135,7.1,39.4,129,91,165,Yes,Normal,0.1,Flat,1,Reversible Defect,Former,Occasional,High,13251,No,Yes,No,Yes,Low,7.9,Good,1
2489,86,Male,Atypical Angina,114,114,85,290,188,40,210,152,5.4,20.6,98,70,142,No,Normal,0.5,Upsloping,4,Fixed Defect,Current,Never,Low,11930,No,Yes,Yes,No,Low,5.9,Average,1
2490,48,Male,Non-anginal Pain,154,154,84,409,218,76,103,164,6.6,35.2,83,69,164,Yes,Normal,0.0,Downsloping,3,Reversible Defect,Never,Frequent,Low,3378,Yes,No,No,Yes,High,8.4,Poor,1
2491,26,Male,Typical Angina,125,125,64,324,174,31,110,109,7.6,36.1,82,73,200,No,LVH,1.3,Upsloping,3,Reversible Defect,Current,Frequent,High,6209,No,No,Yes,No,High,7.4,Good,1
2492,81,Female,Asymptomatic,171,171,96,361,205,73,252,89,5.9,36.0,78,83,145,No,LVH,3.2,Upsloping,3,Fixed Defect,Never,Frequent,Low,14173,Yes,No,No,Yes,Low,5.0,Average,1
2493,75,Female,Typical Angina,142,142,95,285,128,44,205,89,7.2,24.4,111,69,149,No,LVH,1.6,Downsloping,0,Normal,Never,Frequent,Moderate,8348,No,Yes,Yes,No,High,8.4,Poor,1
2494,56,Male,Asymptomatic,136,136,86,223,87,71,86,98,5.3,34.8,128,90,151,Yes,ST-T Abnormality,0.2,Flat,0,Fixed Defect,Current,Never,Moderate,8760,No,No,No,Yes,Low,5.9,Poor,1
2495,80,Female,Atypical Angina,170,170,98,355,210,56,300,82,8.2,28.9,102,99,135,No,LVH,1.9,Downsloping,2,Normal,Current,Never,Moderate,8511,Yes,No,No,Yes,High,6.7,Good,1
2496,72,Male,Asymptomatic,158,158,74,277,173,62,151,129,6.5,39.3,81,77,133,No,LVH,1.1,Downsloping,3,Reversible Defect,Current,Frequent,Moderate,2122,No,No,No,Yes,High,8.9,Poor,1
2497,49,Female,Asymptomatic,113,113,60,233,75,76,113,130,6.1,20.6,96,56,178,No,Normal,1.0,Flat,0,Normal,Former,Occasional,High,9464,No,No,No,Yes,Low,6.1,Poor,0
2498,67,Female,Non-anginal Pain,136,136,69,262,117,46,227,142,8.3,19.7,97,96,153,No,ST-T Abnormality,0.3,Upsloping,0,Reversible Defect,Never,Frequent,Moderate,6856,No,No,No,No,Medium,5.5,Good,0
2499,39,Female,Asymptomatic,173,173,90,316,136,72,265,108,8.1,18.7,92,90,172,No,Normal,0.4,Downsloping,1,Reversible Defect,Former,Never,Moderate,10227,Yes,No,No,Yes,Low,4.9,Poor,0
2500,29,Male,Typical Angina,137,137,70,314,202,69,208,141,7.4,25.7,126,97,188,No,ST-T Abnormality,0.0,Upsloping,4,Fixed Defect,Current,Occasional,Moderate,10112,Yes,Yes,No,No,High,6.8,Average,1
2501,29,Female,Asymptomatic,166,166,103,377,205,64,138,176,9.0,19.6,80,100,181,Yes,Normal,0.6,Upsloping,3,Reversible Defect,Never,Occasional,Low,6989,No,Yes,Yes,No,Low,4.9,Good,1
2502,65,Female,Non-anginal Pain,137,137,99,190,91,58,168,95,6.0,31.1,124,71,145,No,Normal,0.4,Downsloping,0,Reversible Defect,Current,Frequent,Moderate,10875,Yes,No,No,Yes,Low,5.2,Good,0
2503,39,Female,Typical Angina,107,107,91,247,170,36,177,117,9.5,35.7,126,63,178,Yes,Normal,2.3,Downsloping,2,Fixed Defect,Former,Occasional,High,2545,Yes,No,No,No,High,7.9,Good,1
2504,61,Female,Asymptomatic,120,120,94,247,105,69,276,177,6.1,25.6,125,94,152,Yes,LVH,0.8,Flat,3,Normal,Current,Frequent,High,6420,Yes,No,Yes,Yes,Medium,8.1,Average,1
2505,88,Female,Typical Angina,174,174,109,363,197,52,198,142,5.3,33.4,107,67,135,No,ST-T Abnormality,1.4,Flat,1,Reversible Defect,Current,Occasional,Low,14550,No,No,Yes,No,High,8.5,Good,1
2506,42,Male,Non-anginal Pain,156,156,82,375,190,72,178,143,7.9,24.8,79,95,186,Yes,Normal,0.6,Upsloping,2,Reversible Defect,Never,Occasional,Low,2201,No,No,No,Yes,High,5.8,Good,1
2507,60,Female,Atypical Angina,175,175,97,364,194,54,242,105,8.2,28.2,95,89,146,No,Normal,1.0,Downsloping,2,Reversible Defect,Never,Occasional,Moderate,2493,Yes,No,No,No,Medium,6.7,Average,0
2508,83,Female,Asymptomatic,150,150,65,355,163,74,279,119,5.2,32.5,102,71,146,No,ST-T Abnormality,1.6,Upsloping,3,Normal,Former,Occasional,Moderate,6129,Yes,Yes,Yes,No,Low,8.8,Poor,1
2509,53,Male,Atypical Angina,123,123,67,233,85,50,238,135,5.2,21.0,95,87,164,No,LVH,2.0,Upsloping,1,Fixed Defect,Former,Occasional,Moderate,11383,Yes,No,No,No,Medium,7.4,Poor,0
2510,82,Male,Atypical Angina,171,171,93,252,84,75,176,163,5.4,29.4,122,86,141,No,ST-T Abnormality,0.0,Downsloping,0,Fixed Defect,Never,Frequent,Moderate,6035,Yes,Yes,Yes,No,Medium,4.7,Good,0
2511,82,Female,Non-anginal Pain,152,152,75,339,212,65,146,85,6.9,21.2,119,62,148,No,LVH,0.2,Flat,1,Reversible Defect,Never,Frequent,Moderate,13838,Yes,No,Yes,No,High,5.2,Poor,0
2512,60,Male,Non-anginal Pain,137,137,103,363,186,78,209,167,7.4,21.6,80,65,149,No,ST-T Abnormality,1.9,Upsloping,4,Fixed Defect,Former,Occasional,Low,10210,Yes,No,Yes,No,Low,7.6,Average,1
2513,32,Female,Non-anginal Pain,106,106,83,324,179,49,118,169,6.1,30.0,100,94,178,No,LVH,1.7,Downsloping,3,Reversible Defect,Former,Never,Low,4949,No,No,No,No,Medium,8.2,Good,0
2514,55,Male,Atypical Angina,118,118,94,207,79,65,248,141,7.0,21.0,110,62,157,No,LVH,0.0,Downsloping,1,Normal,Current,Never,Low,8291,No,No,Yes,Yes,Medium,6.8,Average,1
2515,68,Female,Asymptomatic,129,129,104,243,123,62,185,120,7.9,30.8,117,99,159,No,Normal,1.0,Upsloping,3,Fixed Defect,Former,Occasional,Moderate,8214,Yes,No,Yes,Yes,High,5.2,Average,0
2516,26,Female,Asymptomatic,139,139,71,270,130,32,282,136,5.0,38.5,78,92,179,No,Normal,0.0,Flat,0,Reversible Defect,Former,Never,Moderate,13012,Yes,No,No,No,Medium,8.0,Average,0
2517,56,Male,Atypical Angina,175,175,65,209,103,34,96,164,7.6,34.4,116,66,154,Yes,Normal,2.6,Downsloping,3,Reversible Defect,Current,Frequent,Moderate,6193,Yes,Yes,No,No,High,7.5,Good,1
2518,38,Male,Typical Angina,111,111,80,254,116,71,215,132,5.1,29.7,89,95,168,No,LVH,1.2,Upsloping,0,Normal,Never,Never,Low,11000,No,No,No,Yes,Medium,7.8,Good,0
2519,85,Male,Non-anginal Pain,113,113,86,227,118,63,143,175,4.8,18.3,93,99,135,No,Normal,1.8,Flat,1,Normal,Never,Occasional,Low,7360,No,No,Yes,Yes,Medium,5.7,Poor,0
2520,71,Male,Asymptomatic,129,129,106,238,108,67,97,149,6.2,20.1,96,98,150,No,Normal,0.4,Downsloping,3,Fixed Defect,Current,Never,Moderate,4299,No,No,Yes,No,Low,4.6,Average,1
2521,75,Female,Atypical Angina,159,159,102,356,202,76,158,153,6.6,27.8,98,96,142,No,Normal,0.0,Upsloping,2,Fixed Defect,Current,Never,Low,11011,No,No,No,No,Medium,6.1,Poor,1
2522,28,Female,Asymptomatic,167,167,64,294,118,70,96,87,9.0,26.4,115,95,193,No,ST-T Abnormality,0.2,Downsloping,1,Reversible Defect,Former,Never,Moderate,8223,Yes,No,No,No,High,4.7,Poor,0
2523,83,Female,Typical Angina,158,158,92,196,107,40,200,154,9.4,19.2,70,55,134,No,LVH,0.4,Downsloping,4,Normal,Never,Occasional,High,5323,No,No,No,No,Low,8.4,Average,0
2524,55,Male,Typical Angina,120,120,89,332,181,53,199,112,8.0,27.6,116,64,158,No,ST-T Abnormality,1.5,Flat,4,Fixed Defect,Current,Never,Moderate,14888,Yes,No,No,Yes,Low,6.3,Average,0
2525,32,Female,Typical Angina,109,109,93,327,174,78,108,155,7.9,27.0,84,62,190,No,ST-T Abnormality,3.2,Upsloping,4,Normal,Former,Never,High,10498,Yes,No,No,Yes,High,6.5,Good,0
2526,25,Male,Asymptomatic,168,168,106,313,181,61,165,106,6.9,22.7,94,82,193,No,ST-T Abnormality,1.9,Upsloping,0,Normal,Current,Frequent,High,13819,Yes,No,No,No,Medium,7.3,Good,0
2527,35,Female,Typical Angina,101,101,95,189,70,51,145,134,9.4,23.1,123,95,189,Yes,ST-T Abnormality,0.0,Upsloping,0,Fixed Defect,Never,Never,Moderate,3357,Yes,No,No,No,Low,5.6,Good,0
2528,46,Female,Non-anginal Pain,147,147,88,315,184,47,91,153,9.3,33.9,101,96,172,No,ST-T Abnormality,3.4,Downsloping,1,Fixed Defect,Never,Frequent,High,10535,Yes,No,Yes,No,Medium,6.2,Average,1
2529,82,Male,Asymptomatic,159,159,82,242,108,46,100,168,5.1,36.7,82,94,138,No,ST-T Abnormality,0.5,Upsloping,1,Fixed Defect,Never,Never,High,11048,No,No,No,Yes,Medium,5.9,Good,0
2530,39,Female,Atypical Angina,170,170,66,218,111,48,275,169,8.1,19.1,86,82,173,No,ST-T Abnormality,0.5,Flat,2,Fixed Defect,Never,Never,Low,12412,No,No,No,Yes,Medium,5.7,Average,0
2531,69,Male,Atypical Angina,111,111,78,220,104,72,163,166,7.5,35.4,126,88,157,No,LVH,0.7,Downsloping,3,Fixed Defect,Former,Frequent,Moderate,8724,No,No,No,Yes,Medium,6.4,Poor,0
2532,35,Female,Typical Angina,146,146,83,203,77,45,242,167,8.0,25.6,73,90,192,No,ST-T Abnormality,0.8,Flat,4,Reversible Defect,Never,Never,Low,7824,No,No,No,No,Medium,7.5,Poor,0
2533,38,Male,Atypical Angina,103,103,106,232,124,64,288,111,6.8,39.2,114,82,185,No,Normal,0.6,Upsloping,4,Reversible Defect,Never,Frequent,Moderate,12161,No,Yes,No,No,Low,8.2,Poor,0
2534,37,Female,Typical Angina,169,169,62,282,154,35,154,140,9.0,22.4,72,56,185,No,Normal,0.8,Downsloping,1,Normal,Former,Occasional,Low,10332,No,Yes,No,Yes,Medium,8.6,Poor,1
2535,26,Male,Non-anginal Pain,157,157,93,283,97,77,106,108,5.4,32.5,92,92,200,No,LVH,2.0,Flat,1,Normal,Former,Frequent,Low,5224,No,No,No,Yes,High,8.0,Poor,0
2536,35,Male,Asymptomatic,127,127,85,208,121,45,257,154,4.9,32.9,86,95,193,Yes,LVH,1.5,Downsloping,1,Reversible Defect,Never,Occasional,Moderate,12731,No,No,Yes,No,Medium,8.6,Poor,0
2537,26,Male,Non-anginal Pain,162,162,86,260,73,76,118,173,5.9,20.7,113,79,189,No,ST-T Abnormality,0.0,Downsloping,1,Fixed Defect,Current,Never,Moderate,9464,Yes,Yes,No,Yes,High,4.8,Good,0
2538,30,Male,Typical Angina,102,102,80,277,153,31,299,180,8.5,22.4,95,58,193,Yes,Normal,3.7,Downsloping,2,Reversible Defect,Never,Occasional,Low,11115,No,No,No,No,High,8.6,Good,1
2539,55,Female,Asymptomatic,121,121,88,199,102,57,202,139,4.9,35.9,81,70,170,No,LVH,0.1,Flat,1,Reversible Defect,Never,Never,Low,2266,No,Yes,No,No,Low,8.3,Poor,1
2540,25,Male,Non-anginal Pain,153,153,89,358,217,56,160,157,9.4,30.5,130,90,187,No,LVH,2.0,Downsloping,3,Normal,Never,Occasional,Low,3049,Yes,No,No,Yes,Low,5.2,Good,0
2541,43,Female,Non-anginal Pain,131,131,74,214,125,38,118,83,8.3,24.6,108,57,186,No,Normal,0.7,Downsloping,4,Normal,Former,Frequent,Moderate,7540,No,No,Yes,Yes,Low,5.3,Average,1
2542,70,Male,Non-anginal Pain,100,100,87,248,91,62,131,147,7.1,19.1,89,100,155,Yes,Normal,3.4,Flat,0,Normal,Never,Never,Moderate,7743,Yes,No,Yes,No,High,6.4,Average,1
2543,77,Male,Typical Angina,158,158,102,224,117,50,129,154,5.2,18.3,79,70,134,No,Normal,0.0,Upsloping,2,Fixed Defect,Former,Occasional,High,14707,No,No,No,No,Low,8.1,Poor,0
2544,33,Female,Non-anginal Pain,130,130,105,267,111,69,297,176,5.7,18.6,126,67,174,No,ST-T Abnormality,3.0,Upsloping,0,Reversible Defect,Former,Frequent,Moderate,12285,No,No,No,No,High,5.5,Poor,0
2545,48,Female,Typical Angina,146,146,105,330,173,47,118,97,9.2,21.3,103,60,171,No,ST-T Abnormality,1.7,Upsloping,3,Normal,Current,Frequent,Moderate,8014,Yes,Yes,Yes,No,Low,8.1,Good,1
2546,71,Female,Atypical Angina,129,129,81,291,178,65,106,114,8.0,18.2,97,95,147,Yes,Normal,0.6,Flat,3,Fixed Defect,Former,Occasional,Moderate,8742,Yes,No,Yes,No,High,6.7,Average,1
2547,41,Male,Asymptomatic,176,176,103,356,210,48,95,137,5.9,25.4,84,66,175,Yes,ST-T Abnormality,0.4,Upsloping,2,Fixed Defect,Former,Frequent,Moderate,10198,No,No,Yes,No,Medium,7.8,Poor,1
2548,79,Female,Asymptomatic,102,102,106,304,199,59,145,145,5.0,24.8,118,83,127,Yes,Normal,2.3,Upsloping,0,Normal,Never,Occasional,Low,13030,No,No,Yes,Yes,Low,8.0,Good,1
2549,37,Female,Asymptomatic,108,108,71,249,154,46,266,159,5.2,29.6,120,72,171,Yes,LVH,1.8,Upsloping,0,Reversible Defect,Never,Never,High,9766,Yes,No,No,No,Low,7.6,Good,0
2550,77,Female,Asymptomatic,158,158,86,338,193,50,127,137,7.4,27.8,122,100,142,No,LVH,2.0,Downsloping,4,Reversible Defect,Current,Occasional,Moderate,7473,No,No,Yes,Yes,Low,8.0,Good,1
2551,86,Male,Atypical Angina,161,161,100,289,180,42,112,129,8.3,24.2,77,89,130,No,Normal,0.0,Flat,3,Normal,Current,Occasional,Low,12772,Yes,No,Yes,No,Medium,4.7,Good,1
2552,75,Male,Non-anginal Pain,180,180,97,216,77,60,92,162,6.0,19.0,119,75,133,No,Normal,1.7,Flat,1,Fixed Defect,Current,Frequent,Moderate,14007,Yes,No,No,Yes,Low,7.5,Poor,0
2553,61,Male,Asymptomatic,115,115,76,297,135,79,242,157,9.0,23.9,107,69,160,Yes,Normal,2.0,Upsloping,0,Fixed Defect,Never,Never,High,2982,Yes,Yes,Yes,No,High,8.0,Average,1
2554,63,Male,Non-anginal Pain,107,107,86,294,160,38,192,130,6.2,33.8,84,55,153,No,ST-T Abnormality,0.8,Downsloping,0,Normal,Never,Occasional,Moderate,12536,Yes,No,Yes,Yes,Low,5.9,Poor,0
2555,54,Female,Typical Angina,113,113,89,236,108,78,229,83,5.2,19.5,118,58,175,No,ST-T Abnormality,0.7,Upsloping,3,Fixed Defect,Former,Never,Moderate,2622,No,No,No,Yes,Low,6.5,Poor,0
2556,59,Male,Typical Angina,166,166,86,332,195,37,164,132,5.9,39.8,105,66,160,No,LVH,3.1,Flat,3,Fixed Defect,Current,Frequent,Moderate,8322,No,No,Yes,Yes,Medium,7.9,Average,1
2557,74,Male,Typical Angina,121,121,95,360,194,49,278,168,5.7,34.8,115,95,131,Yes,ST-T Abnormality,3.8,Upsloping,0,Fixed Defect,Former,Occasional,Low,5131,Yes,No,No,Yes,Low,8.8,Poor,1
2558,43,Female,Asymptomatic,173,173,107,351,205,80,225,171,5.2,34.4,85,96,169,No,Normal,1.2,Downsloping,2,Normal,Never,Never,Moderate,9777,Yes,No,No,No,Low,8.9,Average,0
2559,25,Male,Typical Angina,103,103,104,205,71,68,259,99,6.6,31.6,72,75,190,No,ST-T Abnormality,2.0,Flat,2,Normal,Never,Frequent,Low,8786,Yes,No,Yes,No,Medium,5.8,Good,1
2560,89,Female,Non-anginal Pain,140,140,94,324,204,64,107,130,5.9,20.4,83,96,136,No,Normal,0.0,Downsloping,2,Normal,Current,Occasional,Low,14520,Yes,No,Yes,No,Medium,7.3,Good,1
2561,30,Female,Typical Angina,140,140,98,201,125,36,135,80,8.0,36.7,102,95,177,No,ST-T Abnormality,0.5,Downsloping,3,Fixed Defect,Current,Never,Low,12814,No,No,No,Yes,Medium,8.7,Poor,1
2562,53,Male,Typical Angina,177,177,68,316,141,68,216,145,8.7,35.6,87,62,156,No,ST-T Abnormality,2.1,Downsloping,2,Normal,Never,Frequent,Low,10534,Yes,Yes,Yes,No,Medium,8.6,Good,1
2563,26,Female,Non-anginal Pain,126,126,95,246,109,79,243,143,9.4,32.0,99,95,182,Yes,LVH,1.2,Upsloping,2,Fixed Defect,Never,Frequent,Low,4163,No,Yes,No,Yes,High,4.8,Good,1
2564,81,Male,Non-anginal Pain,159,159,94,354,197,55,279,144,5.8,19.0,101,87,134,Yes,Normal,1.9,Upsloping,0,Normal,Current,Occasional,High,13521,No,No,Yes,Yes,Low,7.3,Average,1
2565,90,Female,Typical Angina,102,102,87,286,132,55,125,147,5.2,25.8,116,59,122,No,ST-T Abnormality,1.2,Downsloping,0,Normal,Former,Occasional,High,5358,Yes,No,No,Yes,Medium,8.3,Poor,0
2566,70,Male,Non-anginal Pain,137,137,110,369,208,50,86,174,6.9,18.2,103,66,150,No,ST-T Abnormality,0.0,Upsloping,0,Fixed Defect,Never,Occasional,Low,2461,Yes,No,No,Yes,Low,8.0,Average,0
2567,90,Male,Non-anginal Pain,152,152,108,275,163,39,216,154,4.9,39.2,117,92,134,No,LVH,0.5,Downsloping,1,Reversible Defect,Former,Never,Low,3129,Yes,No,Yes,No,High,8.1,Good,1
2568,90,Male,Non-anginal Pain,163,163,105,314,148,80,221,125,7.8,33.6,80,74,133,No,Normal,1.5,Downsloping,1,Fixed Defect,Current,Frequent,Low,7469,Yes,No,Yes,Yes,High,7.8,Good,1
2569,89,Male,Asymptomatic,105,105,105,185,104,36,75,162,8.4,20.3,88,84,134,No,Normal,1.9,Flat,2,Reversible Defect,Never,Never,High,4433,No,Yes,Yes,Yes,Low,5.3,Average,1
2570,66,Female,Asymptomatic,151,151,60,303,195,47,110,177,8.7,37.4,120,89,153,No,LVH,1.3,Downsloping,1,Normal,Never,Occasional,High,14436,Yes,No,No,No,Low,8.1,Average,0
2571,65,Female,Typical Angina,179,179,95,292,133,57,158,163,5.7,31.2,128,87,146,No,ST-T Abnormality,0.2,Upsloping,0,Fixed Defect,Current,Occasional,Moderate,13757,Yes,Yes,No,Yes,High,5.9,Good,1
2572,88,Male,Asymptomatic,143,143,80,169,75,33,98,107,4.9,25.9,80,88,128,No,Normal,1.4,Upsloping,2,Fixed Defect,Never,Never,Low,12316,No,No,No,No,Low,8.4,Average,1
2573,54,Male,Atypical Angina,169,169,106,319,141,80,120,143,5.1,33.1,104,78,155,Yes,ST-T Abnormality,0.6,Flat,4,Reversible Defect,Current,Occasional,Low,3162,Yes,Yes,No,Yes,High,8.5,Good,1
2574,33,Female,Typical Angina,102,102,110,224,122,41,90,156,8.6,26.8,98,80,195,No,ST-T Abnormality,0.0,Downsloping,2,Reversible Defect,Former,Frequent,High,9246,No,No,No,Yes,Medium,6.6,Good,0
2575,29,Male,Atypical Angina,142,142,99,250,89,58,214,180,8.7,36.9,96,59,187,No,Normal,1.7,Downsloping,0,Fixed Defect,Current,Frequent,High,6596,No,No,Yes,Yes,Medium,8.9,Good,1
2576,27,Female,Atypical Angina,171,171,75,346,190,43,278,90,7.2,27.5,108,59,180,Yes,LVH,0.0,Flat,2,Normal,Never,Never,Moderate,9075,Yes,No,No,No,High,5.6,Average,1
2577,34,Female,Asymptomatic,177,177,90,356,208,72,131,152,5.9,31.4,108,88,186,Yes,LVH,1.1,Upsloping,1,Reversible Defect,Never,Never,Low,13201,No,No,No,No,Medium,5.9,Average,0
2578,28,Female,Atypical Angina,107,107,88,307,155,62,118,161,9.5,21.0,115,65,191,Yes,Normal,1.5,Upsloping,4,Normal,Never,Never,High,8840,Yes,No,No,Yes,Low,5.9,Good,0
2579,61,Female,Typical Angina,128,128,69,293,184,50,204,132,5.6,35.4,118,79,157,Yes,ST-T Abnormality,2.4,Upsloping,0,Reversible Defect,Former,Never,Moderate,8095,No,No,Yes,Yes,Low,4.7,Good,1
2580,75,Male,Atypical Angina,102,102,90,377,197,78,88,125,6.5,31.4,78,56,149,No,ST-T Abnormality,1.5,Flat,3,Normal,Current,Never,Low,8543,Yes,Yes,No,No,Medium,6.1,Good,1
2581,63,Male,Asymptomatic,163,163,93,309,181,50,274,134,6.7,32.6,129,64,148,Yes,LVH,2.5,Upsloping,4,Reversible Defect,Never,Occasional,Moderate,2941,Yes,No,Yes,No,Medium,7.3,Good,1
2582,26,Male,Atypical Angina,159,159,89,313,165,53,274,100,7.7,27.1,116,75,199,Yes,ST-T Abnormality,1.7,Flat,3,Fixed Defect,Never,Never,Low,9382,No,No,No,No,Medium,6.6,Good,1
2583,37,Female,Typical Angina,139,139,68,290,162,73,111,80,8.5,35.4,119,75,171,No,ST-T Abnormality,0.4,Downsloping,1,Normal,Former,Occasional,Moderate,2199,Yes,No,No,Yes,Medium,5.9,Poor,0
2584,47,Male,Non-anginal Pain,162,162,97,267,137,78,119,81,8.9,20.9,74,68,161,No,LVH,1.2,Downsloping,1,Fixed Defect,Never,Occasional,High,9062,Yes,No,No,Yes,Low,7.7,Poor,0
2585,59,Male,Typical Angina,145,145,104,288,167,77,162,166,8.4,32.4,96,85,167,No,ST-T Abnormality,2.2,Flat,0,Reversible Defect,Never,Never,Moderate,5899,No,Yes,Yes,No,High,5.1,Poor,1
2586,28,Male,Typical Angina,174,174,108,284,125,63,257,125,6.2,33.6,101,72,197,No,ST-T Abnormality,1.6,Flat,2,Normal,Never,Occasional,High,14413,No,No,No,Yes,Low,5.3,Good,0
2587,34,Male,Asymptomatic,160,160,104,348,214,35,235,180,5.3,21.6,107,56,194,No,ST-T Abnormality,1.0,Flat,3,Fixed Defect,Current,Frequent,High,7398,No,No,Yes,No,Medium,5.1,Poor,1
2588,82,Female,Atypical Angina,136,136,73,316,166,53,206,89,5.8,33.7,129,85,138,No,LVH,0.6,Upsloping,4,Reversible Defect,Never,Never,Low,14837,Yes,No,No,Yes,High,7.6,Average,1
2589,89,Female,Atypical Angina,138,138,100,189,78,58,197,119,5.1,32.7,116,91,139,Yes,ST-T Abnormality,2.2,Flat,2,Fixed Defect,Never,Occasional,Moderate,7258,No,No,No,Yes,Low,7.4,Good,1
2590,32,Male,Typical Angina,174,174,68,339,185,41,78,156,6.4,29.6,74,80,174,Yes,Normal,1.5,Downsloping,3,Reversible Defect,Never,Never,Moderate,13127,Yes,No,No,Yes,Low,6.5,Average,0
2591,37,Female,Atypical Angina,137,137,71,386,208,78,193,124,7.1,30.2,82,65,186,Yes,ST-T Abnormality,0.9,Upsloping,0,Reversible Defect,Never,Occasional,High,3921,Yes,No,No,No,High,6.2,Poor,1
2592,76,Male,Atypical Angina,124,124,67,261,97,65,221,141,6.8,32.0,80,85,131,No,LVH,1.8,Flat,2,Reversible Defect,Former,Occasional,High,11010,No,No,No,Yes,High,5.2,Poor,0
2593,87,Female,Typical Angina,106,106,101,300,142,40,97,92,7.1,33.1,89,58,136,No,Normal,1.6,Flat,1,Reversible Defect,Former,Occasional,Moderate,10915,No,No,Yes,Yes,Medium,5.8,Poor,1
2594,72,Male,Asymptomatic,107,107,100,298,131,66,103,154,6.3,20.6,130,60,145,No,Normal,1.5,Upsloping,0,Fixed Defect,Never,Occasional,Moderate,3832,No,No,No,No,Medium,6.7,Good,0
2595,57,Male,Non-anginal Pain,169,169,101,390,210,73,84,114,8.2,33.1,117,73,148,No,LVH,0.6,Downsloping,2,Fixed Defect,Never,Occasional,Moderate,7800,Yes,No,No,No,High,9.0,Good,0
2596,62,Female,Asymptomatic,143,143,83,281,183,45,282,149,9.5,20.3,128,66,158,No,Normal,2.6,Upsloping,0,Normal,Former,Never,Moderate,8223,Yes,No,No,No,High,6.2,Average,0
2597,52,Female,Atypical Angina,100,100,78,304,195,61,181,169,5.9,25.2,81,78,158,No,ST-T Abnormality,0.0,Upsloping,4,Normal,Never,Occasional,Moderate,12097,Yes,No,No,No,Low,8.6,Average,0
2598,42,Female,Typical Angina,115,115,92,308,153,64,139,173,7.2,19.8,86,66,185,Yes,Normal,1.1,Flat,2,Normal,Current,Occasional,High,12356,No,No,No,No,Low,8.1,Poor,0
2599,73,Male,Atypical Angina,112,112,67,202,78,31,227,168,7.9,28.4,100,96,136,No,ST-T Abnormality,1.4,Downsloping,2,Normal,Current,Never,Low,13769,Yes,No,Yes,Yes,High,8.3,Poor,1
2600,55,Female,Asymptomatic,139,139,85,361,212,43,226,146,8.8,37.0,90,58,161,No,ST-T Abnormality,2.5,Flat,0,Fixed Defect,Former,Never,Low,5170,No,No,No,Yes,High,5.9,Good,0
2601,66,Male,Typical Angina,147,147,93,348,212,46,184,135,7.4,36.8,115,92,146,Yes,ST-T Abnormality,1.3,Upsloping,3,Reversible Defect,Current,Occasional,Moderate,11671,No,Yes,Yes,Yes,High,7.8,Average,1
2602,82,Female,Asymptomatic,109,109,79,264,105,61,83,147,7.1,39.4,104,55,148,No,Normal,3.0,Flat,2,Normal,Never,Occasional,Low,3800,No,No,No,No,High,6.0,Average,0
2603,71,Male,Non-anginal Pain,106,106,93,236,93,37,257,90,7.9,38.1,77,65,135,No,LVH,0.7,Flat,4,Reversible Defect,Former,Occasional,Moderate,14887,No,No,No,Yes,Low,5.6,Poor,1
2604,85,Female,Atypical Angina,179,179,101,308,189,31,189,87,8.0,21.2,108,58,123,No,LVH,0.5,Upsloping,1,Fixed Defect,Current,Never,Low,11883,No,No,No,No,Low,8.5,Good,1
2605,52,Female,Non-anginal Pain,123,123,64,307,149,75,284,115,4.9,23.5,121,92,177,No,ST-T Abnormality,1.8,Flat,1,Normal,Former,Frequent,Low,12769,Yes,Yes,Yes,Yes,Medium,5.6,Average,1
2606,78,Male,Atypical Angina,166,166,82,365,190,80,156,153,5.9,18.3,86,79,144,No,LVH,2.2,Downsloping,4,Fixed Defect,Never,Frequent,Moderate,7229,No,No,No,No,High,4.8,Poor,1
2607,47,Male,Atypical Angina,178,178,81,356,197,72,129,118,9.2,32.6,77,91,170,Yes,Normal,0.7,Downsloping,1,Reversible Defect,Never,Never,Low,6711,Yes,No,Yes,No,Low,5.6,Average,1
2608,48,Female,Atypical Angina,113,113,72,257,86,54,130,96,7.1,37.1,95,94,174,No,Normal,0.2,Flat,4,Normal,Former,Frequent,Low,10223,No,No,No,Yes,Low,6.6,Poor,0
2609,68,Male,Typical Angina,155,155,100,243,123,41,159,114,5.6,21.8,119,58,142,No,ST-T Abnormality,1.4,Upsloping,4,Reversible Defect,Never,Frequent,Moderate,11921,Yes,No,Yes,No,Low,4.7,Average,1
2610,58,Male,Asymptomatic,104,104,89,241,122,62,156,137,7.6,25.5,115,77,170,Yes,LVH,2.4,Upsloping,2,Normal,Current,Never,Moderate,5053,Yes,No,Yes,Yes,Low,5.7,Poor,1
2611,87,Male,Non-anginal Pain,126,126,64,309,152,78,146,111,6.9,32.9,76,64,135,No,ST-T Abnormality,1.1,Upsloping,0,Normal,Former,Frequent,Moderate,8134,No,No,Yes,Yes,Medium,8.5,Average,1
2612,54,Female,Typical Angina,123,123,74,232,81,52,128,108,8.7,18.9,96,91,165,Yes,ST-T Abnormality,1.2,Upsloping,3,Fixed Defect,Never,Never,Low,11794,No,No,No,Yes,High,6.6,Average,1
2613,64,Male,Non-anginal Pain,140,140,85,233,109,72,204,141,9.4,24.3,78,58,162,Yes,ST-T Abnormality,0.8,Upsloping,3,Reversible Defect,Never,Occasional,Moderate,7805,Yes,No,No,Yes,Medium,4.7,Good,0
2614,69,Female,Asymptomatic,164,164,100,242,74,65,228,163,8.5,37.5,109,73,158,No,Normal,0.7,Flat,3,Reversible Defect,Former,Never,Moderate,11356,No,No,No,No,Medium,5.3,Poor,0
2615,31,Male,Atypical Angina,167,167,100,239,100,46,124,147,6.8,37.7,113,60,192,No,LVH,2.2,Flat,4,Reversible Defect,Former,Never,High,5525,No,No,Yes,Yes,High,5.8,Poor,1
2616,87,Male,Asymptomatic,100,100,75,282,155,74,140,85,8.3,19.0,71,96,143,No,Normal,0.0,Downsloping,0,Reversible Defect,Never,Occasional,High,14346,No,Yes,No,Yes,Low,5.0,Good,0
2617,27,Female,Non-anginal Pain,118,118,64,323,147,71,86,147,6.3,31.5,71,93,185,No,Normal,1.7,Downsloping,2,Fixed Defect,Former,Occasional,Low,13985,No,No,No,Yes,Medium,8.2,Poor,0
2618,72,Female,Non-anginal Pain,109,109,81,242,128,46,219,109,7.6,34.3,127,69,153,No,LVH,2.0,Downsloping,0,Reversible Defect,Current,Never,Low,14762,Yes,No,Yes,Yes,Medium,7.7,Average,1
2619,56,Female,Asymptomatic,176,176,108,250,139,58,289,175,9.2,37.6,70,69,156,Yes,LVH,0.1,Flat,3,Reversible Defect,Current,Never,Moderate,13065,No,No,No,Yes,Low,6.3,Good,1
2620,30,Male,Non-anginal Pain,180,180,102,203,72,57,195,98,7.1,37.5,101,79,179,No,LVH,3.5,Flat,3,Normal,Current,Never,Moderate,11471,Yes,No,No,Yes,Low,7.4,Average,0
2621,67,Female,Atypical Angina,127,127,95,273,164,69,121,129,6.1,24.4,89,66,155,No,ST-T Abnormality,1.3,Flat,1,Fixed Defect,Never,Never,Low,2382,Yes,Yes,No,No,Medium,7.1,Good,0
2622,31,Female,Atypical Angina,147,147,64,288,147,49,247,109,9.4,35.0,70,76,185,Yes,Normal,2.5,Downsloping,4,Reversible Defect,Current,Never,High,14953,No,No,No,Yes,High,5.7,Average,1
2623,67,Female,Typical Angina,102,102,72,349,201,39,86,80,9.0,34.6,91,100,148,No,ST-T Abnormality,0.9,Downsloping,0,Reversible Defect,Current,Occasional,High,9767,Yes,No,No,Yes,High,6.4,Average,1
2624,73,Female,Asymptomatic,177,177,110,381,219,56,219,138,9.3,24.6,107,65,135,No,Normal,0.5,Flat,4,Reversible Defect,Current,Occasional,High,12153,No,No,Yes,Yes,Medium,6.6,Poor,1
2625,50,Male,Non-anginal Pain,170,170,64,330,187,67,148,119,7.0,24.9,74,75,166,No,Normal,1.4,Flat,0,Fixed Defect,Never,Occasional,Moderate,5851,No,No,No,No,High,8.2,Good,0
2626,32,Male,Atypical Angina,173,173,84,247,83,58,239,97,6.6,35.7,73,100,196,No,LVH,1.3,Downsloping,1,Normal,Current,Occasional,Moderate,13799,No,No,No,No,Low,5.2,Poor,0
2627,48,Male,Atypical Angina,167,167,93,280,106,55,139,99,5.8,33.5,105,68,177,Yes,Normal,2.3,Downsloping,0,Reversible Defect,Former,Frequent,Moderate,14413,Yes,No,Yes,No,Low,7.7,Average,1
2628,67,Female,Typical Angina,175,175,78,245,104,75,138,130,7.0,33.3,83,90,154,No,LVH,0.5,Downsloping,3,Reversible Defect,Never,Frequent,Low,2795,Yes,No,Yes,Yes,Low,7.9,Poor,1
2629,39,Male,Non-anginal Pain,136,136,100,271,99,57,292,160,6.9,36.2,97,85,166,No,LVH,1.1,Flat,0,Normal,Current,Occasional,Low,2996,Yes,No,Yes,Yes,High,6.3,Average,1
2630,68,Male,Non-anginal Pain,111,111,95,286,132,62,72,160,8.5,19.9,126,96,143,Yes,Normal,2.4,Upsloping,2,Normal,Former,Occasional,High,5636,No,No,Yes,No,Medium,7.2,Good,1
2631,71,Male,Atypical Angina,100,100,100,251,153,56,288,98,8.8,31.1,106,81,137,No,ST-T Abnormality,1.1,Upsloping,4,Reversible Defect,Current,Occasional,High,9599,Yes,Yes,No,No,Low,4.7,Good,1
2632,27,Male,Non-anginal Pain,131,131,82,214,111,43,151,106,8.6,34.4,114,100,194,Yes,ST-T Abnormality,1.7,Flat,3,Normal,Current,Never,Low,8392,No,Yes,No,No,Low,8.3,Poor,1
2633,75,Male,Typical Angina,162,162,69,275,112,44,222,155,6.6,39.2,73,72,133,No,ST-T Abnormality,1.5,Downsloping,3,Normal,Current,Frequent,High,3299,Yes,Yes,Yes,No,Low,6.1,Poor,1
2634,83,Male,Non-anginal Pain,173,173,105,289,164,42,234,105,7.7,31.8,79,97,130,No,Normal,0.6,Downsloping,0,Reversible Defect,Current,Never,Moderate,11149,Yes,Yes,No,No,Low,5.7,Good,1
2635,60,Female,Atypical Angina,153,153,76,282,206,30,288,166,5.7,18.2,95,88,157,Yes,LVH,0.4,Downsloping,3,Reversible Defect,Never,Occasional,Moderate,13273,No,Yes,No,Yes,High,8.6,Average,1
2636,50,Female,Non-anginal Pain,140,140,79,196,119,33,228,114,6.2,29.2,117,83,168,No,LVH,0.4,Upsloping,1,Reversible Defect,Never,Never,Moderate,10429,Yes,Yes,No,Yes,Medium,6.1,Poor,0
2637,73,Female,Typical Angina,158,158,71,339,182,40,103,155,6.7,35.4,74,62,150,No,ST-T Abnormality,0.7,Flat,3,Normal,Former,Never,Moderate,13663,Yes,No,No,No,Low,5.8,Good,1
2638,26,Male,Non-anginal Pain,163,163,90,296,194,37,189,83,6.1,24.9,129,85,185,Yes,Normal,0.0,Upsloping,3,Reversible Defect,Never,Frequent,Moderate,8943,No,No,No,No,Medium,7.8,Average,1
2639,49,Female,Asymptomatic,177,177,79,235,108,38,277,81,7.8,33.4,111,62,171,Yes,ST-T Abnormality,0.4,Upsloping,0,Reversible Defect,Current,Frequent,Low,4656,Yes,No,Yes,Yes,Medium,8.4,Good,1
2640,72,Male,Typical Angina,163,163,78,293,203,48,174,97,8.9,21.8,124,91,152,No,Normal,2.8,Flat,2,Reversible Defect,Current,Never,High,10353,No,Yes,Yes,No,Medium,8.7,Poor,1
2641,42,Male,Atypical Angina,115,115,96,252,122,67,230,145,6.5,38.9,91,61,175,No,LVH,0.9,Upsloping,2,Normal,Never,Frequent,Low,11533,No,No,No,No,High,5.6,Poor,0
2642,28,Female,Typical Angina,148,148,72,234,77,80,210,148,6.4,29.2,109,75,200,No,Normal,1.2,Flat,1,Fixed Defect,Former,Occasional,Moderate,5931,Yes,No,No,No,High,7.5,Average,0
2643,30,Female,Non-anginal Pain,180,180,107,258,113,71,132,107,8.2,39.9,109,70,194,No,Normal,1.1,Upsloping,4,Fixed Defect,Current,Occasional,High,10175,Yes,No,No,Yes,Medium,8.9,Poor,0
2644,75,Female,Non-anginal Pain,148,148,92,383,193,80,98,98,7.1,23.5,126,93,150,No,Normal,1.4,Downsloping,4,Normal,Former,Never,Moderate,10641,Yes,No,Yes,No,Low,6.3,Poor,0
2645,88,Male,Typical Angina,134,134,100,274,156,36,148,120,4.9,35.3,89,60,134,Yes,Normal,1.7,Upsloping,3,Reversible Defect,Never,Frequent,Moderate,11093,Yes,No,No,Yes,Medium,8.0,Poor,1
2646,59,Male,Non-anginal Pain,139,139,106,228,78,72,151,144,8.0,19.9,72,65,150,No,LVH,3.8,Downsloping,3,Reversible Defect,Never,Never,Low,2562,No,Yes,Yes,Yes,Medium,6.1,Good,1
2647,87,Male,Non-anginal Pain,163,163,86,328,211,40,220,143,5.4,26.8,73,90,139,No,ST-T Abnormality,2.5,Upsloping,2,Normal,Never,Frequent,Moderate,3406,No,Yes,Yes,Yes,Low,9.0,Average,1
2648,63,Female,Asymptomatic,151,151,75,269,103,67,146,172,5.9,28.5,113,83,153,No,LVH,0.0,Downsloping,2,Normal,Never,Occasional,Low,8259,No,No,Yes,Yes,Low,6.3,Average,0
2649,50,Female,Non-anginal Pain,168,168,90,228,112,66,133,160,6.9,21.9,78,95,162,Yes,ST-T Abnormality,0.4,Flat,3,Normal,Current,Never,Moderate,3274,No,No,No,No,Low,8.4,Average,0
2650,34,Male,Atypical Angina,106,106,88,340,211,51,140,90,5.3,36.8,130,92,188,No,Normal,0.0,Flat,1,Fixed Defect,Former,Occasional,High,13355,Yes,No,No,No,Low,6.2,Average,0
2651,83,Male,Typical Angina,147,147,105,229,71,75,152,126,7.1,33.8,72,56,140,No,ST-T Abnormality,3.3,Flat,3,Reversible Defect,Current,Occasional,Moderate,12946,Yes,Yes,No,Yes,Low,6.7,Good,1
2652,47,Female,Typical Angina,152,152,82,292,134,39,228,120,6.1,33.6,75,68,159,No,ST-T Abnormality,1.4,Downsloping,4,Fixed Defect,Current,Occasional,Moderate,13963,Yes,No,Yes,No,High,6.4,Average,1
2653,60,Female,Typical Angina,101,101,76,215,73,31,82,133,7.9,20.6,100,73,164,No,Normal,0.0,Downsloping,0,Fixed Defect,Never,Frequent,Moderate,9072,Yes,No,Yes,Yes,High,7.6,Average,0
2654,53,Male,Atypical Angina,119,119,107,244,109,60,85,157,9.3,18.7,85,60,173,No,LVH,0.8,Upsloping,1,Normal,Never,Frequent,Low,2899,No,No,No,No,Low,6.5,Average,0
2655,38,Male,Asymptomatic,165,165,84,312,182,47,108,117,7.3,34.0,99,59,176,No,LVH,0.8,Upsloping,0,Reversible Defect,Current,Never,Moderate,4635,Yes,Yes,No,No,Low,8.0,Average,1
2656,69,Female,Asymptomatic,122,122,82,170,85,44,272,88,7.6,21.3,115,61,150,No,ST-T Abnormality,0.5,Flat,0,Fixed Defect,Former,Never,High,5106,Yes,Yes,Yes,No,Medium,5.0,Average,0
2657,29,Female,Non-anginal Pain,155,155,75,265,158,34,267,170,8.2,19.5,96,78,192,No,Normal,0.2,Upsloping,4,Fixed Defect,Current,Frequent,High,5789,No,No,No,No,Medium,5.5,Poor,0
2658,48,Male,Non-anginal Pain,138,138,106,278,105,80,144,124,7.4,33.6,128,60,167,Yes,LVH,1.9,Flat,1,Normal,Former,Never,Low,10890,Yes,No,No,Yes,High,4.9,Poor,1
2659,32,Male,Typical Angina,103,103,88,278,96,68,290,107,7.6,26.3,97,69,180,No,LVH,0.0,Upsloping,2,Fixed Defect,Never,Frequent,Moderate,9781,Yes,No,No,No,Low,8.2,Good,0
2660,87,Male,Non-anginal Pain,105,105,70,336,198,77,230,106,7.7,22.2,118,71,135,No,ST-T Abnormality,0.7,Flat,4,Normal,Former,Never,High,7314,No,No,No,No,High,9.0,Good,0
2661,53,Male,Atypical Angina,111,111,73,226,120,45,189,102,6.0,24.8,96,100,176,Yes,Normal,0.2,Upsloping,3,Reversible Defect,Never,Occasional,Moderate,5145,No,No,Yes,Yes,Medium,6.7,Average,1
2662,74,Male,Typical Angina,132,132,78,265,123,34,146,145,7.3,30.9,91,74,134,No,ST-T Abnormality,0.5,Upsloping,4,Fixed Defect,Never,Occasional,High,3617,No,No,Yes,Yes,Low,8.4,Average,1
2663,83,Male,Typical Angina,103,103,63,221,80,55,98,112,8.8,19.3,75,64,141,No,LVH,0.9,Upsloping,2,Fixed Defect,Former,Occasional,Moderate,6013,No,No,Yes,Yes,Low,6.5,Good,1
2664,54,Female,Non-anginal Pain,107,107,105,231,109,69,199,179,9.5,37.6,109,89,175,No,LVH,0.0,Downsloping,4,Normal,Current,Frequent,Moderate,12105,Yes,No,No,Yes,Low,8.0,Average,0
2665,80,Female,Typical Angina,119,119,86,353,195,63,206,132,4.9,35.6,70,72,137,No,Normal,1.1,Flat,0,Normal,Former,Frequent,Low,14395,Yes,No,Yes,No,High,8.0,Poor,1
2666,37,Female,Asymptomatic,164,164,68,263,188,31,272,116,6.6,18.5,78,80,187,No,LVH,0.7,Flat,2,Normal,Never,Frequent,High,9335,No,No,No,No,Medium,5.3,Good,0
2667,56,Male,Asymptomatic,107,107,88,297,135,66,89,112,6.2,34.4,114,59,156,No,Normal,0.6,Upsloping,0,Fixed Defect,Never,Never,Moderate,10792,No,No,Yes,No,High,6.3,Poor,0
2668,39,Male,Non-anginal Pain,116,116,86,302,182,69,172,157,8.9,34.8,70,59,180,No,Normal,1.9,Downsloping,4,Normal,Never,Occasional,High,11166,Yes,No,No,Yes,Low,5.6,Average,0
2669,68,Male,Typical Angina,174,174,92,236,93,57,120,129,8.7,34.9,98,61,160,No,LVH,1.1,Downsloping,4,Reversible Defect,Never,Frequent,Low,7597,Yes,Yes,No,No,High,5.2,Good,1
2670,32,Female,Atypical Angina,178,178,91,213,89,61,207,117,8.6,37.5,87,61,192,Yes,LVH,0.1,Upsloping,2,Normal,Former,Frequent,Low,3921,Yes,No,No,Yes,High,7.0,Good,1
2671,48,Male,Atypical Angina,126,126,71,270,151,48,106,169,6.1,30.9,115,60,178,No,Normal,0.8,Downsloping,2,Reversible Defect,Current,Never,Low,4848,Yes,Yes,Yes,No,High,8.9,Good,1
2672,39,Male,Atypical Angina,169,169,104,261,139,76,132,177,9.4,25.3,95,60,179,No,LVH,0.0,Upsloping,3,Fixed Defect,Former,Never,Moderate,14088,Yes,No,No,No,Low,6.8,Poor,0
2673,65,Male,Asymptomatic,100,100,99,216,88,52,212,177,5.0,24.4,103,74,152,Yes,ST-T Abnormality,1.1,Upsloping,1,Reversible Defect,Current,Occasional,Moderate,3468,Yes,Yes,Yes,Yes,Low,6.3,Average,1
2674,29,Female,Non-anginal Pain,129,129,108,225,112,54,182,155,7.0,35.6,96,79,198,No,ST-T Abnormality,2.1,Upsloping,0,Normal,Current,Occasional,High,10692,No,Yes,No,Yes,Medium,8.6,Good,1
2675,28,Female,Typical Angina,180,180,61,277,123,74,276,114,7.7,28.1,87,61,197,Yes,Normal,0.0,Downsloping,0,Fixed Defect,Current,Frequent,High,10300,Yes,No,No,Yes,Low,8.4,Poor,0
2676,72,Male,Non-anginal Pain,149,149,86,311,214,51,171,92,8.1,20.3,125,78,139,No,Normal,0.4,Upsloping,1,Reversible Defect,Never,Frequent,Moderate,3600,No,No,No,No,Low,8.5,Good,0
2677,75,Male,Non-anginal Pain,161,161,76,313,195,76,239,157,7.8,26.9,107,93,134,No,ST-T Abnormality,1.6,Flat,4,Normal,Former,Frequent,Moderate,3980,No,No,No,Yes,Low,6.5,Good,0
2678,61,Male,Non-anginal Pain,144,144,63,316,159,38,281,170,9.4,33.2,98,81,162,No,LVH,1.9,Downsloping,2,Fixed Defect,Never,Never,High,2428,No,No,No,No,Medium,6.2,Average,1
2679,90,Male,Typical Angina,101,101,94,245,123,42,168,98,6.8,30.2,120,96,129,Yes,LVH,2.8,Downsloping,2,Fixed Defect,Current,Never,Moderate,2404,No,No,Yes,No,High,6.4,Average,1
2680,49,Male,Asymptomatic,167,167,69,333,170,43,93,169,7.7,37.3,115,78,168,No,ST-T Abnormality,2.6,Downsloping,1,Normal,Current,Never,Moderate,10297,Yes,No,No,Yes,Low,7.4,Good,0
2681,88,Female,Non-anginal Pain,108,108,99,177,74,32,204,114,8.9,18.7,81,56,125,No,Normal,0.0,Downsloping,1,Reversible Defect,Never,Occasional,Moderate,7825,Yes,No,No,Yes,Medium,6.7,Good,0
2682,74,Male,Asymptomatic,149,149,97,248,93,35,132,102,7.9,22.0,93,58,135,No,ST-T Abnormality,0.5,Flat,1,Fixed Defect,Former,Frequent,Moderate,9793,No,No,No,No,High,8.4,Good,0
2683,71,Male,Asymptomatic,100,100,84,313,182,39,190,98,7.3,34.5,122,76,144,No,ST-T Abnormality,2.0,Upsloping,4,Reversible Defect,Current,Frequent,Moderate,12226,No,Yes,Yes,No,High,8.6,Average,1
2684,46,Female,Non-anginal Pain,137,137,67,315,182,74,191,135,5.6,29.2,106,93,173,No,ST-T Abnormality,2.5,Flat,0,Normal,Former,Frequent,Moderate,11276,Yes,No,Yes,No,Medium,6.4,Average,1
2685,67,Female,Typical Angina,107,107,98,198,86,47,293,162,9.5,37.9,113,93,152,Yes,Normal,2.2,Upsloping,1,Fixed Defect,Former,Frequent,Moderate,10379,No,Yes,No,No,Medium,6.9,Poor,1
2686,89,Male,Typical Angina,179,179,89,247,91,62,283,179,6.9,27.4,93,76,120,No,LVH,2.0,Upsloping,3,Fixed Defect,Never,Frequent,Moderate,2747,No,Yes,Yes,No,High,6.2,Poor,1
2687,54,Female,Typical Angina,108,108,94,210,82,49,269,163,8.1,38.4,103,77,156,Yes,ST-T Abnormality,1.1,Upsloping,1,Fixed Defect,Never,Never,High,6530,No,Yes,No,Yes,Medium,7.7,Average,0
2688,90,Female,Typical Angina,131,131,94,383,211,55,183,146,7.0,31.2,84,100,132,Yes,LVH,0.1,Upsloping,3,Normal,Never,Never,Moderate,6581,Yes,No,Yes,Yes,High,5.2,Average,1
2689,32,Female,Non-anginal Pain,153,153,77,356,191,69,70,124,5.0,33.3,73,96,186,No,LVH,1.3,Upsloping,3,Normal,Current,Never,Moderate,3026,Yes,No,No,No,Low,7.6,Poor,0
2690,32,Male,Atypical Angina,105,105,97,265,71,77,174,174,7.8,20.7,96,58,173,No,Normal,0.3,Downsloping,1,Fixed Defect,Current,Occasional,Moderate,8568,No,No,No,No,Low,7.4,Average,0
2691,29,Female,Non-anginal Pain,108,108,74,193,102,30,293,111,6.4,31.0,83,94,181,No,Normal,1.2,Flat,3,Fixed Defect,Never,Never,Moderate,12557,Yes,No,Yes,No,Low,5.1,Average,0
2692,83,Female,Asymptomatic,172,172,92,298,143,74,235,90,6.8,24.7,118,74,126,No,LVH,1.0,Downsloping,2,Reversible Defect,Current,Never,Low,8902,Yes,Yes,Yes,No,High,5.9,Good,1
2693,46,Female,Typical Angina,111,111,100,257,163,51,194,104,7.8,29.8,99,73,174,No,ST-T Abnormality,2.0,Downsloping,0,Normal,Never,Never,Low,12432,Yes,No,No,No,High,4.8,Poor,0
2694,51,Female,Non-anginal Pain,121,121,82,308,164,66,130,137,4.9,25.2,89,99,172,No,Normal,1.3,Upsloping,1,Reversible Defect,Never,Occasional,Low,7857,No,Yes,Yes,No,Medium,4.5,Poor,1
2695,65,Male,Non-anginal Pain,124,124,60,391,218,79,99,149,9.1,32.4,84,87,158,No,Normal,0.0,Downsloping,1,Reversible Defect,Former,Frequent,High,7497,Yes,No,No,No,High,8.9,Poor,0
2696,47,Female,Non-anginal Pain,162,162,60,322,136,67,118,148,7.4,22.9,80,83,173,No,Normal,0.0,Upsloping,2,Reversible Defect,Former,Frequent,Moderate,6448,Yes,No,Yes,Yes,Medium,4.7,Good,0
2697,66,Female,Asymptomatic,120,120,88,355,205,39,217,150,8.4,39.7,72,77,146,No,ST-T Abnormality,2.1,Upsloping,0,Reversible Defect,Former,Never,Moderate,3785,No,No,Yes,No,High,8.2,Good,1
2698,53,Male,Non-anginal Pain,149,149,110,302,194,40,261,170,7.2,39.5,127,70,157,No,LVH,0.8,Downsloping,4,Reversible Defect,Never,Never,Moderate,3732,No,No,No,No,Medium,6.1,Good,0
2699,83,Male,Typical Angina,112,112,67,316,187,49,74,163,5.0,37.7,118,76,142,No,Normal,2.3,Upsloping,3,Normal,Former,Never,Moderate,7586,Yes,No,No,No,Medium,8.9,Average,0
2700,47,Female,Non-anginal Pain,104,104,105,338,199,45,254,162,8.1,22.9,111,98,182,No,ST-T Abnormality,0.0,Downsloping,4,Reversible Defect,Current,Never,Moderate,10258,Yes,Yes,Yes,No,Medium,7.3,Average,1
2701,46,Female,Non-anginal Pain,116,116,103,241,102,37,209,143,7.6,18.7,109,89,177,No,Normal,0.3,Upsloping,4,Fixed Defect,Former,Never,Moderate,5239,Yes,No,Yes,Yes,Low,6.3,Poor,0
2702,60,Male,Atypical Angina,127,127,110,330,163,54,266,117,5.4,28.2,73,63,154,No,ST-T Abnormality,1.6,Upsloping,2,Normal,Never,Occasional,High,2907,Yes,Yes,No,No,Low,7.0,Poor,0
2703,61,Female,Typical Angina,172,172,71,275,115,71,190,127,5.2,19.3,124,76,147,No,ST-T Abnormality,1.0,Upsloping,3,Reversible Defect,Never,Frequent,Low,12663,Yes,No,No,Yes,High,6.8,Poor,0
2704,32,Male,Non-anginal Pain,126,126,69,356,215,80,243,162,6.2,19.5,76,68,180,No,Normal,0.0,Upsloping,3,Fixed Defect,Never,Occasional,Moderate,12667,Yes,No,No,No,High,6.4,Poor,0
2705,82,Female,Typical Angina,129,129,101,310,196,61,228,154,7.2,24.4,77,78,127,No,Normal,1.6,Downsloping,1,Reversible Defect,Never,Occasional,Moderate,14040,Yes,No,Yes,No,Medium,5.1,Poor,1
2706,37,Male,Non-anginal Pain,163,163,79,287,141,55,185,120,7.9,26.3,106,79,171,No,ST-T Abnormality,1.8,Upsloping,0,Fixed Defect,Never,Never,Moderate,7508,No,No,No,Yes,High,5.9,Poor,0
2707,71,Male,Atypical Angina,137,137,87,283,165,77,264,144,7.4,19.7,111,78,153,No,Normal,1.6,Downsloping,1,Normal,Never,Occasional,Moderate,2046,Yes,No,No,No,High,7.8,Good,0
2708,62,Male,Asymptomatic,126,126,108,322,185,72,171,91,5.2,35.9,113,77,163,Yes,LVH,1.9,Flat,4,Fixed Defect,Current,Never,Moderate,2634,Yes,No,Yes,No,Medium,8.4,Good,1
2709,69,Male,Atypical Angina,179,179,66,361,210,52,212,170,8.5,26.0,92,97,147,Yes,Normal,1.1,Downsloping,4,Fixed Defect,Former,Never,High,2477,Yes,No,No,No,Medium,6.4,Poor,0
2710,31,Male,Non-anginal Pain,155,155,60,238,102,61,181,133,5.9,23.7,110,57,197,No,Normal,2.2,Downsloping,0,Normal,Never,Never,Moderate,14017,No,No,No,No,Medium,6.6,Good,0
2711,49,Male,Typical Angina,149,149,97,295,143,61,76,94,6.2,36.3,80,80,173,No,LVH,0.0,Flat,4,Reversible Defect,Never,Never,Low,9467,Yes,No,No,Yes,Medium,5.3,Poor,0
2712,33,Male,Asymptomatic,113,113,90,238,70,76,192,141,6.9,29.1,125,69,187,No,Normal,2.0,Flat,4,Fixed Defect,Current,Occasional,Low,2967,Yes,No,No,No,Low,5.9,Average,1
2713,50,Female,Atypical Angina,124,124,91,255,77,62,287,143,7.9,25.9,71,64,170,No,Normal,2.3,Flat,3,Reversible Defect,Never,Never,High,14350,Yes,No,No,Yes,Medium,4.6,Good,0
2714,55,Female,Non-anginal Pain,163,163,71,191,81,53,120,121,6.2,37.2,100,67,154,No,LVH,1.1,Downsloping,2,Normal,Current,Never,Moderate,7229,Yes,No,Yes,No,High,4.5,Average,1
2715,74,Male,Non-anginal Pain,114,114,105,312,138,58,160,82,8.8,25.4,84,98,144,No,Normal,2.5,Downsloping,0,Normal,Former,Never,Moderate,4442,No,No,Yes,Yes,Medium,8.2,Average,1
2716,58,Male,Typical Angina,169,169,69,283,152,49,136,94,6.8,37.8,121,85,166,No,LVH,0.9,Upsloping,1,Reversible Defect,Never,Frequent,Moderate,6371,Yes,No,No,No,Low,6.9,Average,0
2717,27,Female,Typical Angina,151,151,68,382,204,75,77,166,7.5,29.6,100,72,200,No,Normal,1.7,Upsloping,1,Reversible Defect,Never,Occasional,Moderate,4509,Yes,No,Yes,No,Medium,4.6,Poor,0
2718,76,Female,Atypical Angina,129,129,106,322,162,58,225,136,7.3,21.5,94,62,139,No,LVH,1.7,Downsloping,3,Normal,Current,Never,Low,8432,Yes,No,Yes,No,Low,7.3,Average,1
2719,46,Male,Asymptomatic,113,113,90,367,220,51,149,112,5.2,35.7,105,90,178,Yes,LVH,1.1,Flat,2,Reversible Defect,Never,Frequent,Moderate,13248,No,No,Yes,No,High,5.2,Good,1
2720,83,Female,Atypical Angina,179,179,61,229,94,64,278,161,9.1,37.9,130,63,145,No,Normal,1.0,Downsloping,3,Normal,Former,Frequent,Low,8724,Yes,No,Yes,No,High,5.3,Good,1
2721,85,Female,Non-anginal Pain,166,166,67,212,102,33,192,180,7.8,28.4,76,81,142,Yes,ST-T Abnormality,1.2,Downsloping,4,Reversible Defect,Current,Frequent,Moderate,14440,No,No,No,No,Low,7.1,Average,1
2722,45,Female,Atypical Angina,105,105,110,353,177,69,214,175,8.2,32.4,106,68,181,No,ST-T Abnormality,4.2,Flat,3,Fixed Defect,Former,Never,Moderate,11432,Yes,No,Yes,Yes,Low,6.6,Average,1
2723,33,Male,Non-anginal Pain,162,162,73,318,158,72,196,164,8.0,30.0,119,76,196,No,Normal,1.9,Upsloping,0,Normal,Former,Frequent,Moderate,4139,No,No,No,Yes,Medium,5.8,Good,0
2724,47,Female,Typical Angina,160,160,103,271,189,39,97,114,8.1,20.2,84,98,181,No,LVH,2.6,Flat,4,Reversible Defect,Current,Never,Moderate,9662,Yes,No,Yes,Yes,Low,6.8,Average,1
2725,26,Male,Atypical Angina,164,164,86,403,208,80,174,115,5.9,32.4,104,63,200,Yes,LVH,0.0,Flat,3,Normal,Former,Occasional,Low,4674,Yes,No,No,No,High,6.8,Poor,1
2726,32,Male,Atypical Angina,146,146,64,278,172,53,241,116,5.8,39.8,113,84,190,No,ST-T Abnormality,2.5,Flat,1,Reversible Defect,Current,Occasional,Moderate,6627,No,No,Yes,No,High,6.4,Average,1
2727,25,Male,Asymptomatic,157,157,110,203,96,50,281,126,8.9,23.3,102,80,194,Yes,ST-T Abnormality,1.3,Flat,0,Reversible Defect,Current,Frequent,Low,14821,Yes,Yes,No,No,Low,8.5,Poor,1
2728,47,Male,Atypical Angina,127,127,75,273,130,71,132,132,5.8,31.4,72,93,165,No,ST-T Abnormality,1.0,Upsloping,0,Reversible Defect,Former,Never,High,9288,No,No,No,Yes,Medium,5.0,Good,0
2729,85,Male,Asymptomatic,172,172,72,353,168,71,265,166,5.6,38.6,78,72,125,Yes,ST-T Abnormality,0.1,Flat,3,Normal,Current,Never,Low,12487,No,No,No,No,Low,7.4,Poor,1
2730,83,Male,Atypical Angina,133,133,74,289,177,58,91,139,6.3,22.2,128,81,139,No,LVH,3.2,Upsloping,4,Reversible Defect,Never,Frequent,Moderate,12271,No,No,No,Yes,Low,8.4,Average,0
2731,38,Male,Typical Angina,137,137,64,251,133,45,175,83,7.8,30.3,106,62,192,Yes,Normal,1.9,Upsloping,1,Reversible Defect,Never,Frequent,Moderate,5096,No,No,No,Yes,High,8.7,Good,0
2732,87,Male,Atypical Angina,126,126,70,172,83,30,138,81,5.0,38.5,123,89,121,No,Normal,1.3,Upsloping,0,Fixed Defect,Never,Never,High,9917,No,Yes,Yes,No,Low,4.6,Average,1
2733,90,Male,Non-anginal Pain,159,159,85,212,73,77,81,166,9.4,23.5,81,92,118,No,Normal,2.9,Downsloping,2,Normal,Former,Occasional,High,13824,Yes,No,No,No,High,5.2,Good,0
2734,87,Male,Asymptomatic,128,128,88,323,195,48,208,114,8.3,37.0,72,72,142,Yes,LVH,1.4,Flat,1,Fixed Defect,Former,Occasional,Moderate,5248,Yes,No,Yes,Yes,Medium,8.1,Average,1
2735,54,Male,Atypical Angina,106,106,84,290,115,58,137,165,7.4,21.2,91,95,166,No,ST-T Abnormality,1.7,Upsloping,3,Normal,Current,Never,High,5822,No,Yes,Yes,No,Low,6.4,Average,1
2736,48,Male,Non-anginal Pain,133,133,99,295,188,43,161,179,5.5,18.7,79,74,172,Yes,LVH,0.5,Upsloping,0,Fixed Defect,Former,Never,Moderate,8775,No,No,No,Yes,High,7.4,Good,0
2737,26,Female,Atypical Angina,129,129,102,354,191,74,72,170,5.5,34.9,115,97,185,No,ST-T Abnormality,1.2,Flat,1,Reversible Defect,Former,Frequent,Moderate,8857,No,No,No,Yes,Low,6.6,Poor,0
2738,65,Female,Typical Angina,107,107,63,255,129,63,285,91,5.3,18.6,105,55,144,Yes,Normal,1.0,Upsloping,4,Reversible Defect,Never,Never,Moderate,11160,Yes,Yes,Yes,Yes,Low,5.4,Good,1
2739,86,Male,Non-anginal Pain,107,107,65,307,178,53,126,145,7.1,25.4,106,80,139,No,ST-T Abnormality,2.1,Downsloping,2,Normal,Former,Occasional,High,12860,No,No,Yes,Yes,Low,8.6,Good,1
2740,31,Female,Atypical Angina,142,142,79,329,165,63,108,117,9.1,30.1,95,71,174,No,ST-T Abnormality,0.2,Upsloping,1,Fixed Defect,Former,Occasional,Moderate,4971,No,No,Yes,No,Low,5.3,Poor,1
2741,27,Male,Typical Angina,177,177,88,191,87,57,111,114,5.3,20.3,127,56,180,No,LVH,0.7,Upsloping,1,Fixed Defect,Never,Never,Low,10249,Yes,No,No,No,Medium,8.3,Poor,0
2742,53,Female,Non-anginal Pain,132,132,71,249,101,78,141,136,8.2,29.0,85,98,160,No,LVH,0.6,Downsloping,0,Reversible Defect,Former,Never,High,7338,Yes,Yes,Yes,No,High,8.6,Good,1
2743,38,Female,Asymptomatic,166,166,108,311,210,49,129,161,6.2,32.5,77,61,179,Yes,LVH,0.3,Upsloping,1,Fixed Defect,Former,Frequent,Moderate,12242,Yes,No,No,No,High,5.5,Good,1
2744,71,Female,Atypical Angina,111,111,95,270,168,45,179,150,8.7,23.9,76,66,145,Yes,Normal,0.9,Downsloping,3,Fixed Defect,Current,Occasional,Low,9732,No,No,Yes,Yes,High,6.7,Average,1
2745,90,Female,Typical Angina,170,170,107,314,120,75,148,153,7.9,33.1,114,93,124,No,Normal,1.9,Flat,2,Normal,Current,Occasional,Low,13860,No,Yes,Yes,Yes,Low,7.7,Average,1
2746,53,Female,Asymptomatic,164,164,81,215,103,34,267,88,7.7,35.7,81,97,162,No,LVH,0.0,Flat,0,Normal,Never,Never,Moderate,11628,No,Yes,No,Yes,Low,5.8,Average,1
2747,48,Female,Typical Angina,172,172,103,255,170,30,278,82,7.1,32.3,112,71,170,No,ST-T Abnormality,2.0,Upsloping,4,Fixed Defect,Former,Occasional,Moderate,12474,No,No,Yes,Yes,High,8.9,Good,1
2748,67,Male,Typical Angina,101,101,85,302,207,31,85,120,7.0,38.4,99,98,160,No,Normal,1.8,Upsloping,3,Reversible Defect,Never,Occasional,Moderate,3712,Yes,No,Yes,Yes,Low,8.6,Good,1
2749,64,Male,Non-anginal Pain,155,155,73,266,168,57,252,165,6.4,38.0,117,64,149,No,Normal,0.0,Flat,0,Reversible Defect,Never,Frequent,Low,7557,No,No,No,Yes,Medium,5.3,Average,1
2750,48,Female,Typical Angina,180,180,103,212,96,51,167,101,5.8,33.2,71,80,174,No,Normal,1.4,Upsloping,1,Normal,Never,Occasional,High,13047,No,No,No,Yes,Low,6.9,Poor,0
2751,50,Female,Non-anginal Pain,108,108,65,355,210,76,137,115,5.1,18.1,119,73,162,No,Normal,0.8,Upsloping,3,Reversible Defect,Former,Never,Moderate,9913,Yes,No,Yes,No,Low,8.4,Good,0
2752,39,Female,Typical Angina,100,100,108,200,120,39,104,125,7.7,29.9,114,68,170,No,Normal,0.2,Downsloping,1,Normal,Current,Frequent,Moderate,13440,Yes,No,Yes,Yes,Low,5.0,Average,1
2753,88,Male,Typical Angina,118,118,80,215,120,55,185,93,5.6,37.8,116,81,127,Yes,Normal,2.4,Upsloping,4,Reversible Defect,Former,Frequent,High,7296,No,Yes,No,No,Low,7.3,Average,1
2754,54,Female,Atypical Angina,103,103,85,310,210,33,76,172,7.8,33.8,72,81,165,No,Normal,0.3,Downsloping,3,Reversible Defect,Never,Occasional,Low,7241,No,No,No,No,Medium,6.2,Poor,1
2755,54,Female,Atypical Angina,160,160,65,233,130,31,161,116,8.5,22.0,88,74,171,No,LVH,1.2,Upsloping,0,Fixed Defect,Never,Never,High,12549,Yes,Yes,Yes,Yes,Low,6.9,Poor,0
2756,65,Female,Asymptomatic,168,168,86,265,104,70,192,98,7.0,32.1,112,64,154,Yes,LVH,1.0,Upsloping,1,Fixed Defect,Never,Occasional,Low,7856,Yes,No,Yes,No,High,6.8,Poor,1
2757,26,Male,Asymptomatic,122,122,63,314,142,68,201,144,7.2,36.8,109,93,189,No,Normal,0.5,Upsloping,1,Reversible Defect,Never,Never,High,4407,No,No,No,No,Low,8.8,Good,0
2758,31,Female,Atypical Angina,154,154,107,161,75,42,213,143,6.5,21.7,83,76,184,No,Normal,0.3,Downsloping,0,Fixed Defect,Never,Frequent,Low,2327,Yes,No,No,Yes,Low,9.0,Poor,0
2759,64,Female,Asymptomatic,168,168,71,239,115,51,219,102,5.6,28.9,97,84,163,No,Normal,1.0,Flat,2,Reversible Defect,Current,Frequent,Low,6867,No,No,No,Yes,Medium,7.6,Poor,0
2760,85,Female,Asymptomatic,105,105,76,204,84,52,84,130,6.0,35.9,126,72,120,Yes,LVH,1.1,Downsloping,0,Fixed Defect,Former,Frequent,Moderate,2822,No,No,No,Yes,Low,7.3,Average,1
2761,32,Female,Atypical Angina,100,100,97,269,76,79,204,167,6.3,37.3,74,67,177,Yes,ST-T Abnormality,2.1,Downsloping,4,Fixed Defect,Never,Frequent,High,5988,No,No,No,No,High,7.7,Poor,0
2762,33,Male,Asymptomatic,166,166,97,242,111,79,247,106,6.1,18.9,123,95,186,Yes,LVH,1.8,Flat,0,Normal,Current,Occasional,Low,13197,Yes,Yes,No,No,High,6.7,Average,1
2763,71,Male,Typical Angina,137,137,109,287,179,65,277,160,5.7,28.7,120,86,144,No,LVH,2.5,Downsloping,0,Fixed Defect,Current,Frequent,Moderate,9283,No,No,Yes,Yes,High,8.5,Poor,1
2764,56,Male,Atypical Angina,149,149,66,338,169,54,218,97,6.6,19.4,87,71,153,No,LVH,1.0,Upsloping,3,Normal,Never,Frequent,High,6052,No,No,Yes,Yes,High,7.5,Good,0
2765,60,Male,Non-anginal Pain,130,130,65,216,104,36,76,105,6.7,31.9,126,99,157,No,LVH,0.5,Flat,4,Normal,Never,Never,Low,11479,Yes,Yes,No,No,High,6.7,Good,1
2766,52,Male,Non-anginal Pain,134,134,90,336,156,62,95,121,7.9,22.1,76,63,160,Yes,LVH,2.2,Downsloping,2,Normal,Never,Occasional,High,13447,Yes,Yes,Yes,Yes,High,4.6,Poor,1
2767,84,Male,Asymptomatic,133,133,64,214,102,33,109,141,8.0,33.6,108,76,134,No,LVH,2.3,Downsloping,0,Reversible Defect,Never,Frequent,Low,6813,No,Yes,No,Yes,Low,7.7,Good,1
2768,47,Female,Asymptomatic,157,157,76,294,128,78,79,83,8.5,27.3,125,58,167,No,LVH,2.4,Upsloping,2,Reversible Defect,Current,Occasional,High,14378,No,No,No,Yes,Low,5.8,Poor,0
2769,69,Female,Non-anginal Pain,160,160,98,354,203,61,117,85,7.6,22.7,103,93,154,No,ST-T Abnormality,1.0,Flat,0,Reversible Defect,Former,Never,High,6660,No,Yes,Yes,No,Medium,5.7,Average,1
2770,63,Female,Typical Angina,111,111,71,214,101,69,282,153,6.0,37.2,79,90,167,No,Normal,0.0,Flat,4,Fixed Defect,Former,Frequent,High,2929,Yes,No,Yes,No,Medium,7.2,Poor,1
2771,32,Female,Atypical Angina,102,102,89,357,177,70,298,106,9.0,26.5,103,78,197,No,LVH,0.3,Downsloping,0,Normal,Never,Occasional,Low,11222,No,No,No,Yes,Low,6.9,Good,0
2772,86,Male,Atypical Angina,113,113,82,289,116,65,199,143,5.3,33.1,115,61,138,No,Normal,0.8,Upsloping,4,Normal,Current,Never,High,14900,No,No,Yes,No,Low,5.7,Poor,1
2773,51,Female,Asymptomatic,122,122,92,348,199,78,246,158,7.4,25.8,74,94,160,No,Normal,1.3,Upsloping,2,Reversible Defect,Never,Never,Moderate,12083,Yes,No,Yes,No,Medium,8.2,Poor,1
2774,38,Male,Atypical Angina,111,111,81,230,145,32,157,158,9.3,21.4,123,95,183,Yes,LVH,0.7,Upsloping,1,Normal,Never,Occasional,Low,2642,No,Yes,No,No,Low,4.6,Average,1
2775,42,Female,Atypical Angina,156,156,91,207,120,33,192,166,6.2,27.8,85,82,183,No,ST-T Abnormality,0.6,Downsloping,4,Fixed Defect,Former,Frequent,Moderate,8577,No,Yes,No,Yes,Medium,8.1,Good,0
2776,32,Female,Atypical Angina,127,127,62,338,165,65,183,129,6.6,31.3,72,70,191,No,Normal,0.7,Downsloping,0,Fixed Defect,Never,Occasional,Moderate,2989,Yes,No,No,No,High,6.5,Poor,0
2777,25,Female,Non-anginal Pain,157,157,69,329,189,45,160,153,7.0,29.4,112,70,183,Yes,Normal,1.7,Upsloping,0,Normal,Former,Never,High,4713,Yes,No,No,No,Low,4.6,Good,0
2778,34,Female,Atypical Angina,121,121,81,282,104,79,180,90,8.8,22.4,90,96,182,No,LVH,1.0,Downsloping,3,Fixed Defect,Never,Never,Moderate,8341,Yes,No,Yes,Yes,Medium,5.4,Average,0
2779,70,Male,Typical Angina,142,142,88,256,71,80,96,180,6.0,24.4,117,79,155,No,ST-T Abnormality,1.3,Upsloping,4,Normal,Never,Occasional,High,10737,No,Yes,No,No,Low,6.0,Average,1
2780,90,Female,Atypical Angina,118,118,110,275,122,52,158,119,5.2,38.7,99,92,124,No,LVH,1.8,Upsloping,4,Reversible Defect,Former,Never,Moderate,12077,Yes,No,Yes,Yes,Medium,4.9,Average,1
2781,54,Male,Typical Angina,166,166,76,257,85,80,290,175,9.1,31.8,80,59,152,No,Normal,1.6,Upsloping,1,Normal,Former,Occasional,High,10837,No,No,No,No,Low,5.6,Average,0
2782,64,Female,Asymptomatic,121,121,81,285,199,30,250,164,7.4,29.1,75,57,148,Yes,Normal,0.2,Flat,2,Reversible Defect,Current,Occasional,Moderate,4975,Yes,No,No,No,Low,5.9,Average,1
2783,27,Female,Asymptomatic,120,120,85,386,207,67,277,93,8.1,20.9,88,62,200,Yes,LVH,1.0,Flat,3,Normal,Never,Occasional,Low,2214,No,No,No,Yes,Low,5.5,Average,0
2784,89,Male,Asymptomatic,121,121,74,282,150,46,276,120,6.5,36.3,92,75,130,No,ST-T Abnormality,2.0,Upsloping,4,Fixed Defect,Current,Never,Moderate,3624,Yes,No,No,No,High,8.4,Average,1
2785,64,Male,Non-anginal Pain,151,151,70,259,119,48,140,127,8.2,35.3,107,93,152,Yes,ST-T Abnormality,1.0,Flat,1,Normal,Former,Occasional,Moderate,5392,No,No,Yes,No,Medium,7.5,Poor,1
2786,44,Male,Atypical Angina,168,168,70,337,166,73,295,145,6.3,33.0,71,89,174,No,ST-T Abnormality,0.4,Upsloping,4,Fixed Defect,Former,Never,Low,2871,No,Yes,No,Yes,Medium,5.0,Poor,1
2787,54,Male,Asymptomatic,131,131,98,229,105,54,140,174,7.2,20.3,125,89,159,No,ST-T Abnormality,0.9,Downsloping,3,Normal,Never,Frequent,Low,3413,Yes,No,Yes,Yes,Low,7.2,Average,1
2788,49,Female,Non-anginal Pain,132,132,106,293,147,74,147,97,7.8,18.7,115,97,156,No,Normal,2.2,Upsloping,4,Fixed Defect,Never,Occasional,Low,2232,Yes,No,No,No,Low,7.3,Poor,0
2789,54,Male,Atypical Angina,104,104,76,324,212,59,213,154,5.5,27.0,103,56,155,No,ST-T Abnormality,1.0,Upsloping,3,Normal,Current,Occasional,Low,13930,No,No,No,No,High,4.7,Good,1
2790,68,Female,Non-anginal Pain,131,131,66,270,138,37,79,177,4.8,39.0,112,87,143,No,LVH,2.2,Downsloping,3,Normal,Never,Never,High,7486,Yes,Yes,No,Yes,High,8.6,Average,1
2791,28,Female,Atypical Angina,178,178,108,277,101,79,295,155,5.9,39.2,92,89,180,No,LVH,1.6,Downsloping,0,Reversible Defect,Never,Frequent,Moderate,3722,Yes,No,No,Yes,High,4.9,Poor,0
2792,36,Female,Typical Angina,126,126,76,199,87,64,300,129,7.5,18.5,123,62,193,Yes,LVH,2.5,Downsloping,4,Fixed Defect,Former,Never,High,8811,Yes,No,No,Yes,Medium,6.7,Average,1
2793,75,Female,Typical Angina,160,160,90,216,103,60,85,180,6.4,28.6,78,70,130,Yes,LVH,0.3,Downsloping,3,Fixed Defect,Former,Never,Low,8706,No,Yes,Yes,Yes,Low,9.0,Average,1
2794,72,Male,Typical Angina,115,115,65,198,70,50,161,106,6.2,32.6,110,82,137,No,ST-T Abnormality,1.0,Upsloping,3,Fixed Defect,Former,Never,Moderate,8954,No,No,Yes,No,High,8.8,Average,1
2795,77,Female,Non-anginal Pain,101,101,76,326,198,37,241,85,6.2,31.5,106,62,129,Yes,ST-T Abnormality,0.0,Upsloping,3,Normal,Current,Frequent,Moderate,5849,No,No,Yes,Yes,Low,5.6,Poor,1
2796,34,Female,Non-anginal Pain,164,164,79,246,73,73,166,81,8.0,25.8,115,94,196,No,LVH,0.4,Flat,2,Normal,Never,Never,Moderate,2402,Yes,No,No,Yes,Low,5.2,Poor,0
2797,50,Male,Asymptomatic,133,133,76,309,120,78,236,171,8.7,32.3,110,86,175,No,LVH,0.7,Flat,0,Normal,Former,Occasional,Low,3396,No,Yes,Yes,No,High,6.2,Good,1
2798,74,Female,Non-anginal Pain,151,151,101,259,139,43,157,93,8.0,19.4,123,90,149,No,ST-T Abnormality,1.0,Downsloping,2,Reversible Defect,Never,Never,Low,2407,No,No,Yes,Yes,Low,6.4,Good,1
2799,85,Male,Asymptomatic,166,166,100,263,88,58,211,111,9.0,26.9,117,64,123,Yes,Normal,2.1,Upsloping,1,Reversible Defect,Current,Occasional,High,12230,No,No,No,Yes,Medium,5.9,Poor,1
2800,79,Male,Asymptomatic,121,121,70,246,125,62,200,150,5.9,33.3,87,81,147,No,LVH,1.4,Downsloping,1,Reversible Defect,Never,Occasional,Moderate,2777,No,No,Yes,Yes,Low,7.8,Average,0
2801,43,Female,Asymptomatic,111,111,82,348,199,62,296,89,7.3,21.2,121,87,175,No,Normal,2.2,Downsloping,4,Reversible Defect,Former,Never,Moderate,12402,No,No,No,Yes,Medium,8.5,Average,0
2802,37,Female,Non-anginal Pain,156,156,63,321,179,36,117,81,5.1,23.6,82,56,191,No,ST-T Abnormality,0.2,Flat,3,Fixed Defect,Current,Frequent,High,3722,Yes,No,No,No,Medium,7.4,Poor,1
2803,67,Female,Non-anginal Pain,141,141,76,321,205,50,115,130,9.0,26.4,99,61,155,Yes,Normal,3.1,Flat,4,Normal,Current,Never,Low,7341,Yes,Yes,No,No,Low,4.9,Good,1
2804,58,Male,Asymptomatic,105,105,78,281,113,50,222,91,7.0,18.5,84,83,161,No,ST-T Abnormality,2.5,Downsloping,3,Fixed Defect,Never,Never,High,12523,No,Yes,Yes,No,High,7.6,Average,1
2805,44,Female,Atypical Angina,110,110,98,313,195,40,163,124,9.3,28.4,109,89,164,No,ST-T Abnormality,2.2,Flat,1,Normal,Former,Never,Moderate,7829,No,Yes,No,Yes,High,5.1,Good,1
2806,44,Male,Typical Angina,122,122,94,160,77,32,185,103,7.9,38.2,87,57,169,No,LVH,0.0,Downsloping,2,Reversible Defect,Former,Frequent,Moderate,11016,Yes,No,No,Yes,High,7.6,Poor,0
2807,90,Female,Typical Angina,102,102,107,323,171,80,210,158,6.4,30.1,70,79,140,No,LVH,0.0,Upsloping,1,Fixed Defect,Never,Occasional,Moderate,13205,Yes,No,Yes,No,Medium,4.5,Average,1
2808,56,Female,Non-anginal Pain,165,165,85,196,73,52,213,114,7.2,21.7,86,75,168,Yes,Normal,2.5,Upsloping,1,Reversible Defect,Current,Occasional,Low,3528,No,No,No,No,Medium,8.9,Good,1
2809,45,Male,Typical Angina,157,157,72,341,219,59,97,162,7.2,23.9,102,60,160,Yes,LVH,0.5,Upsloping,1,Reversible Defect,Current,Frequent,Moderate,5637,Yes,No,Yes,No,Medium,5.5,Average,1
2810,83,Male,Asymptomatic,154,154,100,237,101,50,88,86,6.9,31.4,78,84,140,No,ST-T Abnormality,0.0,Flat,3,Reversible Defect,Never,Frequent,Moderate,11127,No,Yes,Yes,No,High,6.0,Good,1
2811,87,Male,Atypical Angina,117,117,104,173,79,52,203,101,6.3,21.3,74,60,140,No,ST-T Abnormality,0.4,Upsloping,2,Reversible Defect,Former,Never,High,6582,No,No,Yes,No,High,8.3,Poor,1
2812,73,Female,Typical Angina,116,116,70,251,147,42,72,103,8.0,38.1,83,90,151,No,Normal,2.6,Upsloping,1,Normal,Current,Occasional,High,6963,No,No,No,Yes,High,4.6,Average,0
2813,70,Male,Atypical Angina,163,163,69,215,104,62,137,148,8.5,24.6,86,85,155,No,ST-T Abnormality,1.2,Upsloping,3,Fixed Defect,Never,Occasional,Low,4387,Yes,Yes,No,No,High,6.2,Good,0
2814,64,Female,Non-anginal Pain,163,163,87,342,164,68,130,83,4.8,30.3,121,95,143,No,LVH,2.0,Flat,4,Normal,Never,Never,Moderate,8912,Yes,No,No,Yes,Medium,8.0,Good,0
2815,39,Female,Asymptomatic,136,136,97,307,140,78,248,133,4.9,30.4,112,75,179,No,Normal,0.1,Flat,2,Fixed Defect,Former,Frequent,Low,4319,No,No,No,No,Low,9.0,Poor,0
2816,32,Female,Non-anginal Pain,139,139,99,331,155,60,112,135,6.3,20.5,87,74,196,No,LVH,2.2,Downsloping,2,Fixed Defect,Never,Never,Moderate,9208,Yes,No,No,No,Medium,8.4,Average,0
2817,59,Female,Asymptomatic,120,120,106,172,73,41,201,90,5.2,19.8,114,93,161,Yes,ST-T Abnormality,0.3,Flat,4,Normal,Former,Frequent,Moderate,10552,Yes,No,Yes,No,High,4.8,Good,0
2818,81,Female,Typical Angina,164,164,102,188,77,33,291,171,5.5,31.3,122,82,125,No,ST-T Abnormality,0.9,Downsloping,0,Reversible Defect,Never,Never,High,4636,No,Yes,Yes,Yes,High,8.1,Poor,1
2819,64,Male,Atypical Angina,121,121,92,298,187,50,105,155,7.6,35.1,121,59,155,No,LVH,0.9,Downsloping,2,Reversible Defect,Never,Never,Moderate,2565,No,No,No,Yes,Low,4.9,Poor,0
2820,61,Male,Non-anginal Pain,173,173,92,329,192,74,77,127,4.9,36.3,124,74,157,No,ST-T Abnormality,1.8,Flat,2,Fixed Defect,Former,Frequent,Moderate,14485,No,No,No,No,High,5.4,Good,1
2821,45,Male,Atypical Angina,164,164,76,207,80,52,162,146,5.0,29.7,104,81,162,No,Normal,2.3,Upsloping,4,Fixed Defect,Former,Occasional,Moderate,10925,Yes,No,No,Yes,Medium,5.6,Poor,0
2822,76,Male,Atypical Angina,136,136,99,310,128,78,252,168,6.7,21.1,130,79,150,No,LVH,3.2,Flat,2,Reversible Defect,Never,Occasional,Moderate,2557,No,Yes,Yes,Yes,Low,5.6,Good,1
2823,63,Male,Typical Angina,114,114,63,232,76,53,99,163,5.3,35.6,73,97,154,Yes,ST-T Abnormality,0.0,Upsloping,1,Normal,Current,Occasional,Low,10354,No,Yes,No,Yes,Medium,7.2,Average,1
2824,25,Male,Atypical Angina,164,164,80,274,96,69,247,97,7.1,32.1,78,76,200,No,LVH,1.1,Flat,3,Normal,Current,Never,Low,8123,Yes,No,No,No,High,6.7,Average,1
2825,25,Female,Non-anginal Pain,101,101,63,207,73,80,136,84,8.9,19.0,117,87,184,No,LVH,3.1,Upsloping,1,Fixed Defect,Former,Frequent,Low,3837,Yes,No,No,No,High,5.9,Average,0
2826,61,Female,Asymptomatic,110,110,85,337,218,70,247,165,6.0,27.7,94,96,145,No,ST-T Abnormality,1.0,Downsloping,0,Reversible Defect,Former,Never,Moderate,5018,No,No,No,No,Low,7.5,Good,0
2827,35,Male,Atypical Angina,137,137,83,342,209,74,179,108,6.4,31.1,120,88,175,No,ST-T Abnormality,1.4,Flat,3,Reversible Defect,Current,Frequent,Moderate,14431,No,No,No,No,Low,5.8,Average,0
2828,59,Male,Atypical Angina,159,159,71,250,99,72,110,137,5.0,27.1,90,96,164,No,ST-T Abnormality,0.8,Flat,0,Fixed Defect,Never,Never,Low,4768,No,No,No,No,Low,8.6,Poor,0
2829,57,Male,Typical Angina,178,178,60,241,110,31,132,128,7.9,21.4,96,96,165,No,Normal,0.0,Flat,3,Reversible Defect,Never,Frequent,Moderate,7931,Yes,Yes,No,No,High,8.8,Good,0
2830,65,Male,Asymptomatic,177,177,85,291,113,77,110,89,8.3,22.6,100,87,155,No,ST-T Abnormality,2.4,Downsloping,4,Reversible Defect,Never,Never,Low,2184,Yes,No,No,Yes,Low,5.9,Good,1
2831,52,Male,Atypical Angina,138,138,96,165,75,40,140,80,5.3,35.7,99,66,153,No,ST-T Abnormality,1.2,Downsloping,3,Normal,Current,Occasional,Moderate,13084,Yes,Yes,Yes,Yes,Low,8.1,Good,1
2832,68,Male,Typical Angina,131,131,83,227,107,69,100,145,8.7,19.2,119,67,137,No,ST-T Abnormality,0.9,Upsloping,2,Fixed Defect,Former,Occasional,Low,4850,Yes,No,Yes,Yes,Low,6.6,Average,0
2833,33,Male,Non-anginal Pain,138,138,98,315,159,70,157,143,6.6,27.5,86,98,195,No,Normal,0.9,Downsloping,4,Reversible Defect,Never,Occasional,High,5013,No,No,Yes,Yes,Low,8.6,Average,0
2834,28,Male,Asymptomatic,135,135,66,290,138,53,239,170,6.0,33.4,100,98,198,No,LVH,1.3,Upsloping,4,Fixed Defect,Current,Occasional,Low,4556,No,No,No,Yes,Low,6.6,Poor,1
2835,41,Female,Asymptomatic,171,171,101,364,187,72,82,160,5.8,28.2,117,86,166,Yes,Normal,1.4,Upsloping,1,Fixed Defect,Current,Occasional,Moderate,10406,Yes,No,No,No,Medium,5.2,Poor,1
2836,73,Female,Atypical Angina,109,109,81,208,120,30,272,155,8.9,20.5,123,76,139,No,Normal,0.0,Upsloping,1,Fixed Defect,Current,Frequent,Moderate,13588,Yes,No,No,Yes,Medium,7.6,Good,0
2837,67,Male,Non-anginal Pain,174,174,67,239,95,33,82,85,9.1,32.4,84,90,141,No,LVH,2.4,Downsloping,4,Reversible Defect,Current,Frequent,Low,3642,Yes,No,No,Yes,Low,8.5,Poor,1
2838,76,Male,Typical Angina,174,174,60,219,88,40,190,157,6.0,30.4,88,83,150,No,ST-T Abnormality,1.3,Flat,4,Reversible Defect,Never,Occasional,High,11945,Yes,Yes,Yes,Yes,Low,5.2,Poor,1
2839,55,Female,Atypical Angina,151,151,60,206,85,47,125,122,7.7,30.8,115,55,160,No,LVH,2.8,Upsloping,2,Normal,Former,Never,High,9956,Yes,No,No,Yes,Medium,8.3,Good,0
2840,87,Male,Typical Angina,108,108,100,159,70,36,105,167,5.1,25.2,100,82,128,Yes,ST-T Abnormality,0.0,Upsloping,2,Fixed Defect,Current,Never,Low,7805,No,No,Yes,Yes,High,5.6,Average,1
2841,51,Female,Typical Angina,123,123,79,327,168,80,199,158,6.2,25.7,95,91,177,No,ST-T Abnormality,0.0,Downsloping,3,Reversible Defect,Never,Occasional,Moderate,6166,No,No,No,Yes,High,8.9,Good,0
2842,55,Male,Typical Angina,148,148,68,218,106,49,177,148,7.5,19.8,78,87,173,Yes,Normal,1.0,Upsloping,2,Normal,Current,Occasional,High,3831,Yes,No,No,No,Medium,8.7,Average,1
2843,51,Male,Typical Angina,131,131,102,190,79,36,241,145,5.4,20.0,119,56,175,No,ST-T Abnormality,1.7,Upsloping,4,Fixed Defect,Never,Never,Moderate,13805,Yes,No,No,Yes,Medium,5.3,Poor,0
2844,30,Female,Atypical Angina,160,160,85,349,189,68,101,105,5.5,23.9,96,73,196,No,Normal,0.3,Upsloping,1,Normal,Current,Frequent,Low,9624,No,Yes,No,Yes,High,7.6,Poor,1
2845,67,Female,Asymptomatic,151,151,67,225,108,69,294,119,6.7,20.2,105,98,139,No,ST-T Abnormality,0.6,Downsloping,2,Reversible Defect,Current,Frequent,Moderate,5057,Yes,No,No,No,High,7.1,Average,1
2846,44,Male,Asymptomatic,159,159,65,269,140,64,176,104,8.0,29.0,101,75,180,No,ST-T Abnormality,1.5,Downsloping,1,Normal,Former,Frequent,High,8688,No,No,No,No,Low,5.0,Poor,0
2847,40,Male,Non-anginal Pain,113,113,90,311,197,50,188,173,6.4,28.1,94,90,181,No,Normal,2.7,Downsloping,3,Normal,Former,Occasional,High,9672,No,No,No,No,Low,6.2,Good,0
2848,79,Male,Atypical Angina,179,179,88,297,210,40,153,109,8.8,32.6,116,88,135,No,Normal,0.0,Upsloping,1,Normal,Never,Never,Low,12551,Yes,No,No,No,High,6.7,Good,1
2849,88,Male,Non-anginal Pain,176,176,78,368,217,80,136,110,5.5,21.6,102,86,131,No,Normal,0.0,Upsloping,1,Reversible Defect,Former,Occasional,Moderate,13047,Yes,No,No,No,Medium,4.8,Average,0
2850,27,Male,Typical Angina,131,131,103,271,151,33,183,133,7.4,28.8,125,79,199,No,ST-T Abnormality,0.0,Upsloping,3,Fixed Defect,Former,Occasional,Low,13510,Yes,No,No,No,High,8.3,Average,0
2851,80,Female,Asymptomatic,178,178,81,263,107,48,245,156,5.8,27.1,117,79,128,No,ST-T Abnormality,2.2,Upsloping,1,Normal,Never,Occasional,High,8508,No,No,No,No,Low,7.7,Good,0
2852,71,Male,Typical Angina,125,125,61,261,146,61,254,152,9.4,20.9,109,76,154,Yes,LVH,0.9,Upsloping,2,Reversible Defect,Current,Occasional,High,14100,Yes,No,No,No,Medium,7.0,Average,1
2853,62,Male,Atypical Angina,175,175,65,256,137,76,129,156,8.0,33.5,127,75,158,No,ST-T Abnormality,2.1,Upsloping,1,Fixed Defect,Current,Frequent,High,10477,Yes,Yes,Yes,No,Medium,8.3,Poor,1
2854,48,Female,Asymptomatic,143,143,68,364,199,62,159,164,5.6,28.4,87,75,168,No,Normal,1.9,Flat,4,Reversible Defect,Current,Frequent,Low,10141,No,Yes,Yes,No,Low,6.0,Poor,1
2855,37,Female,Non-anginal Pain,142,142,96,330,138,75,237,120,8.6,20.0,130,90,188,No,Normal,0.0,Flat,2,Reversible Defect,Current,Never,Moderate,9615,No,No,No,No,High,7.2,Average,0
2856,68,Male,Non-anginal Pain,148,148,96,326,206,59,185,92,5.7,34.8,82,98,162,No,LVH,2.8,Upsloping,4,Fixed Defect,Never,Frequent,Low,8265,No,No,Yes,No,High,8.4,Good,1
2857,90,Male,Typical Angina,113,113,109,341,196,77,196,124,5.2,32.3,106,66,116,No,LVH,0.8,Flat,3,Fixed Defect,Never,Occasional,Moderate,7075,Yes,Yes,No,Yes,Low,6.9,Average,1
2858,57,Male,Non-anginal Pain,134,134,90,301,203,53,168,167,6.8,27.1,81,89,156,Yes,LVH,1.9,Downsloping,2,Normal,Current,Occasional,Moderate,2805,Yes,Yes,No,No,High,8.8,Poor,1
2859,81,Female,Typical Angina,132,132,78,306,204,58,277,99,7.1,37.4,128,91,147,No,ST-T Abnormality,0.6,Downsloping,1,Reversible Defect,Current,Occasional,Low,11620,No,Yes,Yes,Yes,Low,7.8,Average,1
2860,30,Male,Non-anginal Pain,154,154,107,336,169,51,252,167,5.7,39.2,83,55,185,No,Normal,0.2,Flat,2,Normal,Former,Occasional,Moderate,14560,No,No,No,Yes,Medium,6.5,Good,0
2861,79,Male,Atypical Angina,157,157,100,321,216,55,180,114,7.6,21.5,112,57,135,No,LVH,1.7,Downsloping,0,Normal,Former,Frequent,Moderate,11660,No,Yes,Yes,Yes,High,5.3,Average,1
2862,86,Male,Atypical Angina,135,135,72,288,143,30,233,175,6.8,24.6,96,57,128,No,ST-T Abnormality,0.0,Downsloping,2,Fixed Defect,Never,Occasional,Moderate,13016,Yes,Yes,Yes,No,Medium,7.6,Poor,1
2863,76,Male,Asymptomatic,160,160,67,268,162,60,205,120,5.6,22.9,114,69,154,No,Normal,1.8,Downsloping,4,Fixed Defect,Current,Occasional,Low,2511,No,No,No,No,Low,8.4,Good,1
2864,34,Female,Typical Angina,118,118,74,266,133,37,75,85,8.4,19.8,108,79,173,Yes,ST-T Abnormality,1.3,Downsloping,1,Fixed Defect,Former,Never,Low,10551,No,No,Yes,No,High,6.1,Poor,1
2865,51,Female,Non-anginal Pain,107,107,71,251,138,37,200,116,8.1,27.1,95,66,167,No,Normal,0.0,Downsloping,0,Reversible Defect,Never,Never,Moderate,4433,Yes,Yes,No,Yes,High,6.8,Average,0
2866,49,Female,Asymptomatic,110,110,104,235,87,65,245,82,6.0,28.3,115,85,171,No,ST-T Abnormality,2.3,Downsloping,0,Normal,Former,Frequent,Moderate,4432,Yes,Yes,Yes,No,Low,5.1,Good,1
2867,42,Female,Atypical Angina,135,135,83,221,115,34,91,119,6.7,18.9,105,97,168,No,ST-T Abnormality,1.9,Upsloping,3,Fixed Defect,Former,Frequent,High,3281,Yes,No,No,No,Low,6.4,Average,0
2868,68,Female,Typical Angina,132,132,102,242,104,48,197,86,8.5,22.4,101,88,141,No,Normal,0.0,Upsloping,3,Reversible Defect,Never,Frequent,Moderate,5893,Yes,Yes,Yes,Yes,Low,6.9,Poor,1
2869,25,Male,Asymptomatic,158,158,105,308,204,49,93,136,6.9,20.6,75,100,200,No,LVH,2.6,Flat,2,Normal,Never,Occasional,Moderate,7017,Yes,No,No,No,High,6.7,Poor,0
2870,28,Male,Non-anginal Pain,126,126,88,306,203,59,254,132,7.9,26.7,97,88,180,No,LVH,2.6,Upsloping,2,Normal,Never,Frequent,Low,6627,Yes,No,No,Yes,High,5.0,Good,1
2871,47,Male,Atypical Angina,106,106,82,283,206,32,168,148,8.1,22.1,97,56,159,No,LVH,2.6,Downsloping,3,Reversible Defect,Current,Never,High,14997,Yes,No,No,Yes,High,7.3,Good,1
2872,87,Male,Non-anginal Pain,116,116,107,290,162,61,245,125,8.3,23.8,98,81,123,No,Normal,2.4,Upsloping,0,Normal,Current,Occasional,Moderate,2397,Yes,No,No,No,Medium,5.2,Good,1
2873,57,Female,Asymptomatic,105,105,99,300,143,68,258,97,7.6,36.2,102,61,167,Yes,ST-T Abnormality,2.1,Flat,1,Normal,Former,Occasional,Moderate,7865,Yes,No,Yes,Yes,High,6.9,Average,1
2874,72,Male,Asymptomatic,177,177,90,332,201,67,181,118,5.2,21.1,80,64,147,Yes,LVH,0.4,Downsloping,0,Reversible Defect,Former,Occasional,Moderate,13224,No,No,Yes,Yes,High,8.8,Average,1
2875,66,Male,Non-anginal Pain,121,121,67,367,204,77,158,156,8.2,31.2,117,73,151,No,LVH,2.6,Downsloping,0,Reversible Defect,Never,Occasional,Low,5026,Yes,No,Yes,Yes,Medium,5.0,Poor,1
2876,64,Male,Non-anginal Pain,114,114,99,258,124,54,174,80,5.9,27.1,95,77,153,No,ST-T Abnormality,1.9,Upsloping,2,Reversible Defect,Current,Occasional,Moderate,5164,No,No,No,No,Low,6.7,Average,0
2877,68,Female,Typical Angina,124,124,68,190,114,30,175,178,7.5,39.3,103,78,146,No,ST-T Abnormality,0.4,Upsloping,1,Reversible Defect,Former,Never,Moderate,4466,No,No,No,No,High,6.6,Average,0
2878,52,Male,Atypical Angina,109,109,102,281,110,70,180,154,5.0,22.7,104,77,176,Yes,ST-T Abnormality,2.0,Downsloping,1,Normal,Never,Occasional,High,6023,No,No,No,No,Low,6.7,Average,0
2879,45,Male,Atypical Angina,109,109,85,259,108,73,223,110,5.4,29.9,110,96,176,No,Normal,2.3,Flat,3,Reversible Defect,Never,Occasional,Low,10836,No,No,Yes,No,High,5.7,Average,1
2880,43,Male,Non-anginal Pain,103,103,110,385,202,77,201,110,8.3,35.1,120,79,185,No,ST-T Abnormality,1.1,Downsloping,3,Fixed Defect,Never,Occasional,Moderate,3847,Yes,Yes,No,No,Medium,7.3,Good,1
2881,70,Female,Atypical Angina,140,140,85,315,178,50,151,93,6.8,37.3,118,55,150,No,LVH,1.2,Upsloping,4,Normal,Never,Frequent,High,12313,Yes,No,Yes,No,High,8.9,Poor,1
2882,38,Male,Typical Angina,104,104,91,288,119,51,151,100,8.8,31.1,120,57,180,No,LVH,0.6,Downsloping,2,Reversible Defect,Never,Frequent,High,8301,Yes,No,No,Yes,Medium,8.6,Poor,0
2883,26,Female,Non-anginal Pain,114,114,109,180,90,36,235,144,5.5,38.4,84,89,182,Yes,ST-T Abnormality,0.5,Flat,4,Reversible Defect,Never,Frequent,Moderate,10574,No,No,No,No,High,7.3,Good,1
2884,47,Male,Asymptomatic,124,124,100,276,155,80,283,110,5.8,30.0,108,61,170,No,LVH,0.3,Downsloping,0,Reversible Defect,Current,Occasional,Moderate,9440,No,No,Yes,Yes,Low,8.4,Good,0
2885,47,Female,Asymptomatic,118,118,103,291,106,75,93,162,5.0,36.1,117,71,181,No,LVH,0.5,Flat,0,Fixed Defect,Current,Never,Moderate,5635,Yes,No,No,Yes,High,8.0,Average,0
2886,88,Female,Atypical Angina,163,163,79,206,120,42,92,178,8.1,32.2,89,65,136,Yes,LVH,0.0,Downsloping,4,Reversible Defect,Never,Never,High,8870,No,Yes,Yes,No,Low,6.3,Poor,1
2887,84,Male,Non-anginal Pain,177,177,71,264,100,77,277,128,7.6,19.7,76,90,141,Yes,ST-T Abnormality,0.6,Downsloping,1,Reversible Defect,Current,Never,High,9429,No,No,Yes,No,High,5.8,Poor,1
2888,56,Male,Typical Angina,142,142,95,159,79,35,134,112,8.5,18.7,89,95,156,No,LVH,0.8,Downsloping,0,Normal,Never,Occasional,Low,11429,No,Yes,No,Yes,Medium,7.8,Poor,0
2889,49,Female,Atypical Angina,155,155,80,342,200,59,225,117,7.8,37.0,115,98,168,Yes,LVH,1.8,Upsloping,0,Fixed Defect,Former,Frequent,Moderate,2689,Yes,No,Yes,Yes,Medium,5.1,Average,1
2890,39,Female,Asymptomatic,133,133,82,341,211,34,189,125,6.9,25.8,98,74,172,No,LVH,0.0,Flat,2,Reversible Defect,Former,Never,Low,4752,Yes,No,No,No,Medium,8.5,Poor,1
2891,81,Male,Typical Angina,140,140,64,192,83,33,243,149,8.4,26.4,79,80,125,No,ST-T Abnormality,1.8,Upsloping,2,Normal,Never,Frequent,Low,7555,Yes,No,No,Yes,Low,5.9,Poor,1
2892,87,Male,Non-anginal Pain,132,132,68,280,183,38,259,98,7.7,19.9,73,87,139,Yes,ST-T Abnormality,0.0,Upsloping,2,Normal,Current,Never,Low,13964,Yes,No,No,Yes,Low,8.0,Poor,1
2893,26,Male,Non-anginal Pain,134,134,76,354,209,70,231,149,7.3,35.6,73,72,200,No,ST-T Abnormality,2.4,Flat,3,Fixed Defect,Current,Frequent,Low,2196,Yes,No,No,No,Medium,7.8,Average,1
2894,44,Female,Atypical Angina,125,125,110,256,111,80,268,180,5.8,24.7,79,63,184,No,Normal,2.1,Upsloping,1,Reversible Defect,Current,Occasional,Moderate,13671,Yes,No,No,No,Low,6.3,Average,0
2895,69,Female,Non-anginal Pain,138,138,91,240,86,44,297,159,5.7,19.2,113,95,160,No,Normal,1.9,Downsloping,3,Reversible Defect,Never,Never,Moderate,10411,Yes,No,No,No,Medium,5.5,Good,0
2896,53,Male,Typical Angina,168,168,81,236,81,44,124,104,8.6,25.6,125,83,163,Yes,Normal,2.8,Flat,3,Normal,Former,Occasional,Low,11464,Yes,No,No,No,Medium,7.4,Poor,0
2897,42,Male,Asymptomatic,142,142,68,195,74,50,161,96,9.5,34.5,76,61,175,No,Normal,1.7,Downsloping,4,Reversible Defect,Never,Frequent,Moderate,8848,No,No,No,No,Medium,4.9,Poor,0
2898,60,Male,Atypical Angina,148,148,71,309,208,55,239,146,5.3,29.4,123,75,164,No,LVH,1.0,Flat,0,Reversible Defect,Current,Occasional,Moderate,10612,No,Yes,Yes,No,Medium,6.6,Poor,1
2899,28,Male,Non-anginal Pain,123,123,83,345,185,70,214,164,8.1,33.0,127,85,196,Yes,ST-T Abnormality,0.4,Downsloping,1,Normal,Current,Occasional,Low,10907,Yes,No,No,Yes,High,4.9,Poor,1
2900,55,Female,Atypical Angina,162,162,89,304,192,44,88,170,6.4,27.5,103,93,156,No,LVH,0.6,Downsloping,3,Normal,Never,Occasional,Moderate,7314,No,No,No,No,High,6.8,Good,0
2901,76,Female,Atypical Angina,168,168,89,261,149,44,217,158,7.9,29.9,120,99,150,No,Normal,1.8,Upsloping,2,Reversible Defect,Never,Frequent,Moderate,8903,No,No,Yes,Yes,Low,4.9,Poor,1
2902,87,Female,Atypical Angina,121,121,72,364,197,68,171,167,7.6,31.3,93,90,134,Yes,LVH,2.8,Flat,0,Reversible Defect,Current,Never,Low,2993,Yes,Yes,No,Yes,Low,8.6,Poor,1
2903,37,Male,Atypical Angina,125,125,63,316,173,77,261,119,5.0,20.1,82,65,175,No,Normal,2.1,Downsloping,2,Normal,Never,Never,High,5819,Yes,No,Yes,Yes,High,8.4,Poor,0
2904,77,Female,Atypical Angina,115,115,75,346,216,44,249,88,5.7,35.9,119,55,146,No,Normal,0.0,Downsloping,2,Normal,Never,Never,Moderate,7076,Yes,No,No,Yes,High,7.1,Average,0
2905,37,Male,Non-anginal Pain,136,136,104,261,73,75,221,171,4.8,36.1,127,90,184,No,Normal,0.3,Flat,2,Fixed Defect,Current,Occasional,Moderate,7206,Yes,No,No,Yes,High,6.0,Average,1
2906,56,Female,Atypical Angina,174,174,99,223,122,42,178,95,8.5,28.3,79,93,162,Yes,Normal,0.0,Flat,1,Reversible Defect,Former,Never,Low,6434,Yes,No,Yes,No,High,6.4,Average,1
2907,28,Female,Typical Angina,105,105,99,349,185,49,143,98,5.1,22.4,116,83,185,Yes,LVH,0.1,Flat,3,Fixed Defect,Never,Never,Low,9675,No,No,No,Yes,High,6.6,Average,0
2908,87,Female,Asymptomatic,169,169,90,331,156,71,294,141,6.0,38.9,101,90,129,Yes,ST-T Abnormality,1.9,Flat,4,Normal,Former,Never,Low,8273,Yes,Yes,Yes,No,High,6.7,Average,1
2909,73,Female,Typical Angina,155,155,69,339,211,69,229,119,6.7,25.7,114,73,143,No,ST-T Abnormality,1.8,Flat,3,Fixed Defect,Never,Occasional,High,8081,Yes,No,Yes,Yes,High,6.7,Average,1
2910,65,Female,Non-anginal Pain,175,175,83,259,159,58,173,136,5.7,29.3,70,95,152,No,LVH,0.0,Flat,1,Fixed Defect,Former,Occasional,Low,12591,No,No,No,Yes,High,6.4,Average,0
2911,60,Male,Typical Angina,154,154,94,374,212,62,194,95,8.3,28.5,98,90,146,Yes,LVH,1.3,Flat,2,Reversible Defect,Former,Frequent,Low,4363,No,No,No,Yes,Medium,7.9,Good,1
2912,52,Female,Atypical Angina,133,133,89,272,106,75,291,135,8.6,34.0,94,86,161,No,ST-T Abnormality,0.0,Upsloping,0,Fixed Defect,Current,Occasional,Moderate,4850,Yes,No,Yes,Yes,Low,5.5,Poor,0
2913,55,Male,Asymptomatic,117,117,78,207,78,34,102,96,6.2,21.5,80,74,166,Yes,ST-T Abnormality,1.6,Upsloping,1,Fixed Defect,Current,Never,Low,2873,No,Yes,Yes,No,High,6.4,Good,1
2914,27,Female,Non-anginal Pain,177,177,71,343,172,59,156,123,6.6,32.2,122,98,187,No,Normal,0.0,Upsloping,1,Fixed Defect,Never,Never,Low,12957,Yes,Yes,Yes,No,Medium,8.9,Average,1
2915,25,Male,Atypical Angina,138,138,97,316,141,59,199,169,5.1,36.1,81,96,200,No,LVH,2.4,Upsloping,4,Reversible Defect,Never,Frequent,Low,12721,Yes,No,No,No,Low,6.0,Good,0
2916,40,Male,Non-anginal Pain,113,113,74,281,159,58,105,152,7.0,24.1,110,66,173,No,Normal,1.1,Downsloping,2,Fixed Defect,Never,Occasional,High,9785,No,No,No,Yes,High,7.2,Poor,0
2917,47,Male,Typical Angina,170,170,105,294,184,63,104,155,5.2,39.5,101,91,169,Yes,ST-T Abnormality,0.6,Flat,1,Reversible Defect,Former,Never,Moderate,10834,No,No,No,Yes,High,5.1,Average,1
2918,75,Female,Non-anginal Pain,100,100,101,374,208,77,196,82,6.1,35.5,76,71,148,No,LVH,0.5,Flat,4,Normal,Never,Occasional,Low,8943,No,Yes,Yes,Yes,Low,4.8,Average,1
2919,57,Male,Atypical Angina,169,169,88,209,90,78,276,90,5.6,33.1,72,75,152,No,ST-T Abnormality,0.3,Flat,3,Reversible Defect,Never,Frequent,Moderate,11592,Yes,Yes,No,No,High,5.1,Good,0
2920,59,Male,Typical Angina,141,141,65,242,143,32,191,117,6.7,28.4,93,92,150,No,Normal,1.9,Flat,1,Reversible Defect,Never,Never,Low,6902,Yes,No,Yes,Yes,Low,8.5,Average,1
2921,27,Female,Asymptomatic,119,119,77,324,153,56,290,113,6.8,24.8,127,55,200,Yes,ST-T Abnormality,3.2,Downsloping,2,Normal,Current,Frequent,High,10316,No,No,No,Yes,Low,6.9,Poor,1
2922,63,Female,Typical Angina,140,140,98,331,199,71,140,170,9.0,24.4,72,94,157,No,ST-T Abnormality,0.7,Downsloping,0,Reversible Defect,Never,Occasional,High,14323,Yes,No,Yes,Yes,High,4.5,Average,0
2923,61,Female,Atypical Angina,108,108,108,203,78,72,292,168,5.0,33.3,92,61,156,No,ST-T Abnormality,1.2,Downsloping,4,Fixed Defect,Never,Occasional,High,3898,Yes,No,No,Yes,High,9.0,Good,0
2924,83,Male,Atypical Angina,122,122,66,273,146,69,241,161,7.4,34.3,100,55,122,No,LVH,0.6,Flat,0,Normal,Current,Occasional,High,6107,No,No,No,Yes,Medium,6.9,Poor,1
2925,71,Female,Typical Angina,170,170,86,180,100,38,192,84,5.3,24.0,89,95,134,No,Normal,1.3,Upsloping,4,Fixed Defect,Current,Frequent,Moderate,10890,No,Yes,Yes,No,Low,6.3,Average,1
2926,58,Male,Asymptomatic,104,104,72,264,109,76,204,103,7.0,25.0,108,82,172,Yes,Normal,1.1,Flat,1,Fixed Defect,Current,Never,High,4694,No,No,No,Yes,Low,7.6,Poor,0
2927,66,Female,Asymptomatic,104,104,63,335,216,67,299,85,7.3,30.1,79,80,160,No,Normal,2.3,Downsloping,3,Fixed Defect,Current,Frequent,Moderate,4175,No,No,No,Yes,High,5.4,Average,1
2928,29,Male,Asymptomatic,111,111,84,315,133,71,93,103,6.0,19.9,82,58,189,Yes,Normal,1.2,Flat,1,Fixed Defect,Never,Frequent,Low,7670,No,No,No,No,High,5.2,Poor,0
2929,57,Female,Typical Angina,166,166,96,394,219,61,105,145,5.4,18.9,94,82,157,No,Normal,1.4,Downsloping,2,Normal,Never,Occasional,High,4809,Yes,Yes,No,Yes,High,4.9,Good,1
2930,78,Male,Atypical Angina,163,163,76,226,77,38,207,170,5.7,38.1,119,90,128,No,Normal,1.5,Upsloping,4,Normal,Current,Frequent,High,11568,No,No,No,Yes,Low,5.6,Average,1
2931,69,Female,Typical Angina,149,149,94,317,166,74,147,109,7.9,37.0,126,74,141,No,LVH,2.3,Flat,3,Normal,Current,Frequent,Low,8836,Yes,Yes,Yes,No,Low,5.7,Poor,1
2932,65,Male,Asymptomatic,148,148,66,268,128,75,147,148,8.3,30.7,94,73,159,No,ST-T Abnormality,2.0,Upsloping,2,Reversible Defect,Never,Never,Low,7576,Yes,No,Yes,No,High,6.7,Poor,1
2933,26,Male,Atypical Angina,106,106,100,322,168,40,163,162,9.4,22.6,123,85,200,No,Normal,1.4,Flat,2,Normal,Never,Occasional,High,6275,Yes,No,Yes,No,Medium,8.1,Poor,1
2934,56,Female,Typical Angina,159,159,65,295,139,74,282,117,7.6,23.5,78,78,156,No,ST-T Abnormality,0.9,Upsloping,3,Fixed Defect,Current,Occasional,Moderate,3304,No,No,No,Yes,Medium,4.8,Poor,0
2935,87,Male,Atypical Angina,153,153,96,255,169,45,94,103,5.3,38.1,78,58,130,No,LVH,2.0,Downsloping,0,Reversible Defect,Never,Occasional,Moderate,6171,No,No,No,No,High,5.6,Poor,0
2936,73,Male,Typical Angina,117,117,85,246,99,34,218,84,9.4,20.9,127,68,151,No,LVH,0.5,Flat,1,Reversible Defect,Current,Frequent,Moderate,4318,Yes,No,Yes,Yes,Low,4.5,Average,1
2937,74,Male,Typical Angina,111,111,87,383,218,71,211,156,7.7,24.7,130,98,132,No,Normal,0.9,Upsloping,4,Normal,Current,Never,Moderate,5299,Yes,No,No,Yes,High,6.6,Good,0
2938,79,Male,Atypical Angina,123,123,62,292,168,52,297,120,4.8,32.4,111,92,141,No,ST-T Abnormality,1.0,Flat,1,Fixed Defect,Former,Occasional,Moderate,14202,No,No,Yes,No,Low,5.0,Average,1
2939,43,Female,Non-anginal Pain,175,175,64,302,161,63,285,136,5.8,37.6,113,72,178,Yes,ST-T Abnormality,0.0,Downsloping,0,Reversible Defect,Never,Frequent,High,10359,No,No,No,Yes,Low,4.7,Poor,1
2940,89,Male,Non-anginal Pain,140,140,106,188,72,68,120,168,9.4,23.7,129,71,136,Yes,Normal,0.8,Upsloping,4,Reversible Defect,Current,Never,High,9720,No,No,No,No,Medium,8.3,Average,1
2941,49,Female,Asymptomatic,172,172,100,337,189,71,208,87,6.2,35.4,95,58,177,No,ST-T Abnormality,0.4,Flat,2,Fixed Defect,Never,Occasional,Moderate,6832,Yes,No,Yes,Yes,Medium,5.0,Average,0
2942,90,Female,Typical Angina,128,128,98,326,189,77,181,132,6.5,23.7,79,87,119,No,ST-T Abnormality,2.0,Downsloping,3,Reversible Defect,Current,Occasional,Moderate,5659,Yes,No,No,Yes,Medium,6.4,Average,0
2943,82,Male,Asymptomatic,144,144,101,295,164,43,168,89,9.5,18.5,130,82,133,Yes,Normal,1.9,Downsloping,3,Reversible Defect,Former,Occasional,Low,6451,Yes,No,Yes,No,Low,6.2,Good,1
2944,54,Female,Non-anginal Pain,161,161,80,377,212,62,139,180,8.6,18.4,96,86,159,No,Normal,2.8,Flat,1,Normal,Never,Frequent,Low,12949,No,Yes,No,Yes,Medium,6.6,Average,1
2945,44,Male,Asymptomatic,119,119,93,302,167,50,277,129,9.2,39.3,95,91,170,Yes,ST-T Abnormality,1.6,Downsloping,3,Fixed Defect,Former,Frequent,Moderate,4041,No,No,No,No,High,7.3,Poor,1
2946,81,Female,Atypical Angina,106,106,109,333,168,54,267,176,8.9,30.6,85,57,124,No,ST-T Abnormality,1.3,Upsloping,0,Fixed Defect,Former,Occasional,Moderate,3153,Yes,No,Yes,No,Medium,7.0,Average,1
2947,42,Female,Asymptomatic,178,178,63,245,91,37,142,112,8.8,38.1,112,80,179,Yes,ST-T Abnormality,1.8,Flat,3,Reversible Defect,Never,Never,High,12917,Yes,No,No,No,Low,5.5,Good,0
2948,47,Female,Typical Angina,154,154,106,217,97,68,271,83,7.3,37.1,95,85,161,No,LVH,0.0,Flat,3,Fixed Defect,Former,Frequent,High,6054,Yes,No,No,Yes,High,5.4,Poor,0
2949,84,Male,Asymptomatic,100,100,100,371,201,57,242,156,5.3,33.7,126,67,146,No,LVH,1.0,Flat,4,Reversible Defect,Former,Occasional,Moderate,3522,No,No,No,Yes,Low,6.7,Poor,0
2950,38,Male,Typical Angina,147,147,105,330,196,62,164,164,8.1,20.1,112,62,188,No,LVH,1.6,Downsloping,0,Reversible Defect,Never,Never,High,7054,No,No,No,No,High,7.4,Good,0
2951,59,Male,Asymptomatic,155,155,95,337,202,31,185,101,8.3,25.6,85,74,157,No,Normal,0.3,Flat,4,Fixed Defect,Never,Frequent,Moderate,3193,No,No,No,Yes,Medium,6.6,Poor,0
2952,45,Male,Asymptomatic,160,160,64,277,145,58,201,112,7.3,22.5,104,84,167,No,ST-T Abnormality,2.6,Upsloping,4,Reversible Defect,Current,Never,Moderate,6423,No,No,Yes,No,Low,7.3,Good,1
2953,69,Female,Asymptomatic,116,116,110,241,124,35,259,97,7.6,19.5,76,89,159,No,LVH,1.9,Flat,1,Reversible Defect,Former,Never,Moderate,13110,No,No,Yes,Yes,High,8.9,Good,0
2954,61,Female,Typical Angina,164,164,98,171,89,42,287,169,6.3,19.9,112,88,167,No,LVH,0.8,Flat,4,Normal,Former,Occasional,Moderate,10640,Yes,Yes,No,No,Low,8.8,Poor,0
2955,77,Female,Asymptomatic,113,113,73,387,204,65,201,158,7.6,37.0,120,100,134,No,Normal,0.0,Flat,4,Normal,Never,Occasional,Low,4049,No,Yes,No,Yes,Medium,7.8,Average,1
2956,41,Male,Typical Angina,172,172,88,251,74,72,270,104,7.8,34.1,112,67,183,No,Normal,0.4,Downsloping,3,Fixed Defect,Never,Never,Moderate,6775,No,No,No,Yes,High,6.2,Poor,0
2957,69,Male,Non-anginal Pain,113,113,84,261,100,62,201,109,7.5,19.0,121,97,155,No,LVH,2.5,Flat,3,Fixed Defect,Former,Never,High,5530,No,No,No,Yes,Low,8.1,Poor,0
2958,49,Female,Typical Angina,106,106,64,341,201,44,284,91,5.0,27.0,84,63,173,No,LVH,0.0,Upsloping,0,Reversible Defect,Current,Never,Moderate,5614,Yes,No,No,Yes,Low,7.2,Average,0
2959,84,Female,Atypical Angina,138,138,69,292,175,54,92,108,5.0,36.3,97,87,141,Yes,ST-T Abnormality,0.6,Flat,4,Normal,Current,Never,High,12371,Yes,No,No,No,High,6.3,Good,1
2960,57,Male,Non-anginal Pain,139,139,104,294,137,72,282,165,7.9,22.4,96,89,169,No,ST-T Abnormality,1.5,Upsloping,4,Fixed Defect,Current,Frequent,High,10498,No,Yes,No,Yes,Low,6.8,Poor,1
2961,80,Male,Atypical Angina,143,143,105,282,190,39,165,145,8.2,31.6,102,77,138,Yes,LVH,2.6,Flat,2,Reversible Defect,Former,Frequent,Moderate,4131,Yes,No,No,Yes,High,5.8,Poor,1
2962,52,Male,Non-anginal Pain,159,159,75,258,82,68,176,179,9.4,23.5,105,60,171,Yes,Normal,0.0,Downsloping,1,Fixed Defect,Current,Never,Moderate,12735,No,No,No,Yes,Medium,9.0,Good,0
2963,62,Female,Non-anginal Pain,165,165,82,328,188,40,156,168,8.6,31.8,83,68,143,No,ST-T Abnormality,2.1,Flat,3,Normal,Never,Occasional,High,11846,Yes,No,No,No,Medium,7.5,Poor,0
2964,35,Male,Typical Angina,172,172,86,218,91,31,71,122,5.2,19.8,108,96,188,No,LVH,0.4,Upsloping,3,Normal,Never,Frequent,Moderate,10659,Yes,No,Yes,Yes,Low,7.7,Poor,0
2965,69,Female,Non-anginal Pain,142,142,68,299,198,34,242,170,8.5,22.0,111,90,141,Yes,ST-T Abnormality,0.7,Downsloping,2,Fixed Defect,Never,Occasional,Moderate,12106,No,No,No,Yes,High,4.7,Poor,1
2966,70,Female,Asymptomatic,138,138,110,231,121,52,161,100,8.1,18.0,117,61,140,No,LVH,1.1,Upsloping,3,Reversible Defect,Former,Never,High,7185,No,Yes,Yes,Yes,High,5.0,Poor,1
2967,78,Female,Atypical Angina,117,117,88,279,159,36,267,134,7.8,19.0,99,57,149,No,ST-T Abnormality,0.9,Flat,0,Normal,Former,Occasional,Moderate,11804,No,Yes,No,No,Medium,6.4,Poor,0
2968,44,Male,Asymptomatic,144,144,94,260,130,73,102,155,8.3,36.2,125,88,162,Yes,ST-T Abnormality,0.4,Upsloping,3,Fixed Defect,Never,Frequent,Low,8138,Yes,No,No,No,Medium,5.0,Good,1
2969,35,Male,Asymptomatic,166,166,63,306,198,35,137,138,6.2,35.4,87,64,190,No,Normal,0.7,Downsloping,2,Normal,Current,Occasional,Moderate,2258,No,No,No,Yes,High,5.7,Good,1
2970,90,Male,Atypical Angina,160,160,107,340,208,71,203,127,7.4,23.3,81,55,135,No,Normal,0.7,Flat,2,Fixed Defect,Current,Occasional,Low,5744,Yes,No,No,Yes,Low,4.8,Good,1
2971,57,Female,Typical Angina,128,128,100,284,130,66,181,99,5.9,18.7,127,60,151,No,LVH,0.0,Flat,0,Fixed Defect,Current,Occasional,Moderate,9558,Yes,No,Yes,Yes,Low,7.4,Good,1
2972,30,Male,Asymptomatic,103,103,87,201,109,36,129,155,6.5,27.6,103,80,193,Yes,LVH,0.0,Flat,3,Reversible Defect,Current,Never,High,4521,No,No,No,No,High,8.9,Average,1
2973,40,Male,Atypical Angina,129,129,74,234,112,63,123,120,8.1,26.6,86,59,175,No,ST-T Abnormality,1.9,Downsloping,2,Normal,Never,Occasional,Moderate,12529,No,No,No,No,Medium,8.7,Average,0
2974,88,Male,Atypical Angina,145,145,61,350,169,71,207,130,8.2,26.4,84,85,131,No,Normal,0.4,Downsloping,3,Reversible Defect,Current,Occasional,Moderate,3246,Yes,No,Yes,Yes,Medium,7.1,Average,1
2975,25,Female,Typical Angina,124,124,103,316,179,74,193,155,6.1,31.3,95,90,200,Yes,Normal,1.4,Upsloping,4,Reversible Defect,Never,Frequent,Low,7657,Yes,No,No,No,High,6.3,Average,1
2976,83,Male,Atypical Angina,132,132,71,211,97,69,264,118,8.3,32.3,75,72,139,No,ST-T Abnormality,0.2,Downsloping,3,Reversible Defect,Current,Occasional,Moderate,6455,No,No,No,No,High,8.1,Good,0
2977,70,Male,Typical Angina,108,108,66,217,98,62,287,151,6.9,30.4,107,89,157,No,ST-T Abnormality,1.4,Upsloping,3,Fixed Defect,Former,Frequent,High,6600,Yes,Yes,Yes,No,High,4.7,Good,1
2978,47,Female,Asymptomatic,102,102,100,326,196,64,216,102,8.0,28.3,115,100,165,No,LVH,1.1,Upsloping,0,Reversible Defect,Former,Frequent,Low,11585,Yes,No,No,No,Medium,8.3,Poor,0
2979,86,Female,Asymptomatic,168,168,64,233,123,59,174,167,6.3,33.0,107,98,124,No,Normal,0.6,Flat,3,Normal,Former,Occasional,Low,14444,No,No,Yes,No,Medium,5.6,Average,1
2980,34,Male,Non-anginal Pain,117,117,73,278,134,51,247,166,9.5,20.4,70,66,194,No,Normal,1.8,Downsloping,0,Reversible Defect,Never,Occasional,Moderate,6215,Yes,No,No,No,High,6.6,Average,0
2981,34,Female,Asymptomatic,173,173,76,195,105,33,92,113,5.5,18.3,89,77,186,No,LVH,0.0,Upsloping,1,Reversible Defect,Current,Occasional,Moderate,3635,No,No,No,No,Medium,5.2,Poor,0
2982,75,Male,Atypical Angina,111,111,89,306,168,52,242,109,9.5,33.0,79,68,140,Yes,Normal,1.9,Downsloping,2,Reversible Defect,Former,Never,Low,7465,No,No,Yes,No,High,5.6,Average,1
2983,50,Female,Typical Angina,178,178,77,259,109,70,159,144,9.5,33.5,126,67,165,No,LVH,1.2,Flat,0,Reversible Defect,Former,Frequent,Low,13088,No,No,No,No,Medium,7.3,Good,0
2984,45,Female,Atypical Angina,114,114,86,322,220,39,173,90,6.1,23.0,80,91,178,Yes,ST-T Abnormality,0.0,Downsloping,2,Reversible Defect,Former,Frequent,Low,8076,Yes,No,Yes,No,Medium,6.8,Good,1
2985,44,Female,Atypical Angina,174,174,80,199,99,40,271,91,7.6,19.2,81,73,172,Yes,ST-T Abnormality,1.1,Downsloping,4,Fixed Defect,Current,Frequent,Low,11862,Yes,No,Yes,Yes,Low,6.5,Average,1
2986,58,Female,Asymptomatic,113,113,68,231,102,77,117,175,8.9,31.4,123,62,154,No,Normal,2.5,Upsloping,4,Normal,Former,Never,High,4252,Yes,No,No,No,Low,6.9,Poor,0
2987,26,Female,Atypical Angina,117,117,103,242,138,55,275,158,7.8,23.8,114,63,196,No,ST-T Abnormality,1.1,Downsloping,3,Fixed Defect,Current,Occasional,Moderate,2717,No,No,No,No,Medium,4.9,Average,0
2988,76,Male,Atypical Angina,110,110,67,381,219,43,246,160,7.7,39.7,99,56,135,No,LVH,1.6,Upsloping,4,Reversible Defect,Current,Occasional,Moderate,4524,No,No,No,Yes,High,6.3,Average,1
2989,37,Male,Asymptomatic,124,124,93,251,140,38,101,164,5.8,19.0,114,69,179,No,ST-T Abnormality,1.2,Downsloping,0,Reversible Defect,Current,Never,Moderate,12291,Yes,No,No,No,Low,6.9,Average,0
2990,69,Female,Non-anginal Pain,177,177,105,228,98,30,152,95,5.0,31.3,80,97,137,Yes,ST-T Abnormality,1.3,Downsloping,1,Fixed Defect,Never,Frequent,Moderate,13672,No,No,No,No,Low,5.3,Good,0
2991,48,Male,Non-anginal Pain,123,123,104,384,203,66,100,136,6.4,39.2,129,72,177,No,Normal,1.3,Flat,0,Fixed Defect,Never,Frequent,Moderate,11626,Yes,No,Yes,No,High,8.6,Good,0
2992,65,Male,Typical Angina,166,166,80,220,108,58,149,134,6.0,30.0,92,56,144,No,LVH,1.6,Upsloping,4,Reversible Defect,Never,Never,High,7963,No,No,No,Yes,Medium,5.4,Good,0
2993,48,Male,Non-anginal Pain,111,111,105,289,206,31,81,106,8.9,31.5,94,87,181,No,LVH,0.9,Flat,3,Fixed Defect,Never,Frequent,Moderate,7509,No,Yes,No,No,Medium,4.9,Average,1
2994,41,Male,Typical Angina,117,117,68,299,173,56,264,96,9.2,29.6,83,78,172,Yes,ST-T Abnormality,0.0,Downsloping,3,Fixed Defect,Former,Frequent,Low,12264,No,No,Yes,No,Low,8.8,Average,1
2995,70,Male,Asymptomatic,139,139,70,347,169,59,190,179,8.6,33.5,126,64,160,No,Normal,0.0,Upsloping,1,Normal,Current,Frequent,Moderate,11703,Yes,Yes,No,No,Low,5.2,Good,1
2996,85,Male,Non-anginal Pain,104,104,94,269,108,57,74,130,7.9,30.4,97,62,136,No,ST-T Abnormality,1.1,Downsloping,1,Reversible Defect,Never,Occasional,Low,6640,Yes,Yes,No,No,High,5.0,Good,1
2997,84,Male,Typical Angina,129,129,80,231,112,58,264,174,6.6,25.4,88,82,133,Yes,ST-T Abnormality,0.6,Flat,1,Fixed Defect,Current,Occasional,Low,7323,Yes,No,Yes,Yes,Low,5.4,Poor,1
2998,25,Female,Asymptomatic,122,122,107,309,217,47,99,159,5.2,28.8,76,57,190,Yes,ST-T Abnormality,2.3,Flat,3,Reversible Defect,Former,Occasional,High,2696,Yes,No,No,Yes,Low,7.5,Good,1
2999,46,Female,Atypical Angina,131,131,100,322,163,41,114,152,5.7,21.1,70,66,169,No,LVH,1.5,Flat,0,Reversible Defect,Former,Occasional,High,14358,Yes,No,No,Yes,Low,6.3,Good,0
3000,73,Male,Non-anginal Pain,109,109,92,270,106,58,147,148,9.0,35.0,120,99,150,Yes,ST-T Abnormality,4.9,Upsloping,1,Normal,Never,Occasional,Low,4943,No,Yes,Yes,Yes,Low,6.1,Good,1
3001,67,Female,Asymptomatic,139,139,79,266,116,46,221,83,7.1,28.7,104,62,149,Yes,Normal,0.7,Upsloping,1,Fixed Defect,Never,Never,Low,5905,No,No,No,Yes,High,7.4,Average,1
3002,42,Female,Non-anginal Pain,101,101,81,206,101,42,296,147,6.5,31.0,73,88,178,Yes,ST-T Abnormality,0.5,Downsloping,3,Normal,Former,Frequent,High,9559,No,No,No,No,Low,8.7,Good,0
3003,49,Female,Atypical Angina,171,171,62,187,115,31,154,131,7.0,30.7,120,94,179,Yes,LVH,0.1,Upsloping,4,Normal,Never,Frequent,Moderate,2531,No,No,No,No,Medium,5.1,Average,1
3004,85,Male,Non-anginal Pain,107,107,68,300,162,55,155,141,8.5,25.5,129,82,130,Yes,LVH,1.5,Flat,1,Normal,Never,Occasional,Moderate,6173,Yes,No,No,No,Low,4.8,Good,0
3005,90,Male,Asymptomatic,108,108,102,318,213,32,285,175,6.2,28.6,112,88,127,No,LVH,0.0,Downsloping,2,Normal,Former,Frequent,High,2398,Yes,Yes,No,Yes,Medium,7.8,Good,1
3006,29,Female,Non-anginal Pain,103,103,110,303,168,42,251,90,9.5,37.3,100,73,200,No,Normal,1.5,Downsloping,1,Fixed Defect,Current,Frequent,High,6503,No,No,No,Yes,High,8.5,Good,0
3007,34,Female,Asymptomatic,170,170,68,193,78,53,161,133,7.0,23.0,89,66,182,No,LVH,1.7,Downsloping,2,Fixed Defect,Never,Frequent,High,5559,No,No,No,Yes,Low,8.6,Poor,0
3008,66,Male,Asymptomatic,128,128,105,282,101,61,90,117,5.2,22.9,100,63,160,No,Normal,2.9,Flat,2,Reversible Defect,Never,Frequent,Moderate,10105,No,No,Yes,No,High,5.9,Average,1
3009,65,Female,Atypical Angina,114,114,64,199,87,60,254,177,8.4,31.2,98,71,160,Yes,Normal,1.1,Flat,4,Normal,Never,Frequent,Low,12743,Yes,No,Yes,No,Medium,8.1,Poor,1
3010,82,Male,Asymptomatic,174,174,97,317,178,44,74,93,9.0,22.0,116,82,129,Yes,ST-T Abnormality,0.0,Flat,3,Normal,Former,Frequent,High,13712,Yes,No,No,Yes,Low,8.6,Good,0
3011,85,Female,Atypical Angina,145,145,104,232,133,31,101,160,5.0,18.0,73,91,144,Yes,Normal,1.6,Flat,0,Normal,Never,Frequent,High,3151,Yes,No,Yes,Yes,Medium,5.8,Good,1
3012,81,Female,Typical Angina,145,145,80,295,171,51,210,171,9.0,36.4,126,65,125,Yes,LVH,1.4,Flat,4,Fixed Defect,Former,Occasional,Moderate,10551,No,No,No,Yes,Medium,6.9,Poor,1
3013,90,Male,Asymptomatic,106,106,99,333,206,74,259,170,9.0,22.0,115,92,124,No,LVH,2.0,Upsloping,3,Normal,Never,Occasional,Low,4539,No,No,No,No,Low,5.7,Good,1
3014,58,Male,Atypical Angina,169,169,82,254,98,79,91,150,6.5,37.6,80,69,153,No,ST-T Abnormality,0.7,Downsloping,4,Reversible Defect,Never,Never,Low,6573,No,Yes,Yes,Yes,Medium,5.1,Average,1
3015,81,Male,Asymptomatic,107,107,84,361,220,32,182,100,6.6,18.4,91,70,129,No,LVH,0.9,Flat,4,Fixed Defect,Former,Never,Moderate,4165,No,Yes,Yes,Yes,Medium,6.8,Poor,1
3016,42,Female,Asymptomatic,119,119,62,298,183,40,231,162,7.9,25.1,92,58,169,Yes,Normal,0.0,Downsloping,4,Normal,Current,Occasional,High,2612,No,No,No,No,Low,6.8,Poor,1
3017,68,Female,Asymptomatic,118,118,81,265,122,53,188,87,7.7,30.0,112,77,144,Yes,ST-T Abnormality,0.8,Upsloping,2,Reversible Defect,Current,Frequent,Moderate,5365,Yes,No,Yes,Yes,Low,8.1,Poor,1
3018,38,Male,Asymptomatic,146,146,101,317,201,71,105,164,9.1,20.4,85,64,192,No,ST-T Abnormality,2.0,Flat,2,Normal,Never,Occasional,High,13532,Yes,No,No,Yes,Low,6.5,Average,0
3019,47,Male,Non-anginal Pain,133,133,75,260,105,60,206,169,8.1,28.1,78,91,181,Yes,LVH,1.7,Downsloping,3,Reversible Defect,Current,Frequent,Moderate,14481,No,No,No,Yes,Medium,6.9,Good,1
3020,69,Male,Asymptomatic,155,155,97,319,166,36,294,124,6.0,29.6,120,85,138,No,LVH,2.4,Upsloping,3,Normal,Never,Frequent,High,6824,No,No,No,No,Low,7.2,Good,0
3021,58,Female,Typical Angina,122,122,104,209,90,79,269,160,8.5,31.7,101,83,159,No,Normal,1.9,Downsloping,0,Normal,Current,Occasional,Moderate,7875,Yes,No,Yes,Yes,Low,7.2,Poor,1
3022,57,Male,Asymptomatic,140,140,79,337,195,54,166,130,8.6,34.0,92,64,172,No,Normal,0.9,Flat,4,Normal,Former,Occasional,Moderate,5220,Yes,No,No,Yes,Medium,5.7,Poor,0
3023,34,Male,Atypical Angina,139,139,73,307,171,60,145,81,6.8,21.5,91,79,174,Yes,LVH,1.3,Downsloping,2,Reversible Defect,Current,Frequent,Moderate,5414,Yes,Yes,No,Yes,Medium,8.6,Poor,1
3024,57,Female,Asymptomatic,107,107,68,370,193,80,255,154,7.1,22.0,98,76,167,No,LVH,1.9,Upsloping,1,Normal,Never,Frequent,Low,11881,Yes,Yes,No,Yes,Low,7.0,Average,0
3025,71,Male,Typical Angina,121,121,82,330,164,53,150,97,5.8,37.1,96,67,136,No,Normal,2.4,Upsloping,0,Fixed Defect,Never,Occasional,Low,7181,Yes,No,No,No,Low,5.7,Good,0
3026,35,Male,Atypical Angina,125,125,72,325,178,73,217,168,5.5,37.3,113,62,192,No,Normal,1.3,Downsloping,2,Fixed Defect,Never,Occasional,Moderate,3014,Yes,No,No,No,High,5.7,Average,0
3027,56,Female,Non-anginal Pain,171,171,72,259,134,53,92,98,7.3,20.1,78,58,151,Yes,Normal,0.0,Downsloping,2,Fixed Defect,Never,Never,Low,9971,No,Yes,No,No,Medium,5.6,Good,1
3028,29,Female,Atypical Angina,151,151,60,229,119,55,278,110,9.1,30.6,125,82,178,No,LVH,1.8,Downsloping,0,Fixed Defect,Current,Frequent,Moderate,4449,No,Yes,No,Yes,Medium,8.7,Poor,1
3029,54,Female,Non-anginal Pain,156,156,85,313,162,44,142,106,5.9,34.0,114,84,158,No,Normal,2.5,Flat,3,Fixed Defect,Former,Occasional,High,13052,No,No,Yes,No,Low,7.0,Poor,1
3030,83,Male,Typical Angina,113,113,106,265,88,69,207,180,6.3,33.0,98,58,123,No,Normal,1.0,Downsloping,2,Reversible Defect,Never,Never,High,7341,Yes,No,Yes,Yes,Low,6.4,Good,1
3031,44,Male,Asymptomatic,148,148,90,350,169,79,280,162,9.3,32.7,113,60,177,No,LVH,1.2,Flat,4,Reversible Defect,Former,Never,Low,10297,Yes,No,No,Yes,High,5.7,Average,1
3032,87,Female,Typical Angina,172,172,61,243,102,49,181,134,6.2,38.4,70,65,132,No,Normal,2.2,Flat,3,Fixed Defect,Never,Frequent,Low,11611,Yes,Yes,No,Yes,Low,7.7,Poor,1
3033,48,Female,Typical Angina,111,111,79,346,179,71,175,178,7.6,33.2,75,82,158,No,LVH,1.0,Upsloping,1,Reversible Defect,Never,Never,Moderate,4001,No,No,Yes,No,High,6.0,Poor,1
3034,69,Male,Asymptomatic,109,109,90,217,117,39,155,138,8.2,33.3,70,58,140,No,ST-T Abnormality,0.9,Flat,0,Reversible Defect,Former,Frequent,Low,11692,No,No,Yes,Yes,Low,8.0,Average,1
3035,41,Female,Typical Angina,153,153,89,369,201,79,250,114,7.0,30.5,94,93,188,Yes,Normal,0.0,Upsloping,0,Normal,Never,Never,Moderate,6262,No,Yes,No,Yes,Low,7.8,Good,1
3036,70,Male,Non-anginal Pain,179,179,106,332,185,79,202,165,5.4,27.0,90,75,151,No,ST-T Abnormality,1.0,Upsloping,2,Fixed Defect,Never,Frequent,High,9936,Yes,No,Yes,No,High,5.9,Average,0
3037,84,Female,Non-anginal Pain,104,104,74,321,145,70,151,148,7.1,18.9,89,78,134,No,Normal,0.9,Upsloping,3,Reversible Defect,Former,Never,Moderate,7887,Yes,Yes,No,No,Low,8.9,Good,0
3038,40,Female,Typical Angina,106,106,85,216,78,76,103,112,7.2,34.9,113,87,188,No,ST-T Abnormality,1.4,Upsloping,3,Reversible Defect,Never,Never,High,14504,No,No,No,Yes,High,6.9,Average,0
3039,44,Female,Typical Angina,100,100,81,242,131,39,261,149,9.3,31.8,111,57,164,No,LVH,0.8,Upsloping,4,Normal,Current,Occasional,Low,11368,No,No,No,Yes,Medium,8.8,Good,1
3040,33,Female,Typical Angina,168,168,81,308,151,46,262,163,8.3,23.6,120,62,196,Yes,Normal,1.0,Downsloping,1,Normal,Never,Occasional,High,2666,No,No,No,Yes,Medium,8.7,Average,0
3041,75,Male,Asymptomatic,130,130,80,327,191,50,132,100,9.0,21.8,103,97,145,No,ST-T Abnormality,2.2,Flat,3,Fixed Defect,Current,Never,Low,11357,No,No,No,No,High,5.2,Poor,1
3042,60,Female,Atypical Angina,146,146,74,337,178,60,194,109,8.3,20.0,105,81,166,No,LVH,0.4,Upsloping,0,Normal,Never,Occasional,High,13359,Yes,No,Yes,Yes,Medium,6.7,Average,0
3043,77,Female,Non-anginal Pain,108,108,76,288,193,32,259,150,7.8,36.6,78,85,145,No,Normal,2.3,Flat,0,Reversible Defect,Former,Occasional,High,14524,Yes,No,Yes,Yes,High,5.7,Average,1
3044,81,Female,Asymptomatic,154,154,61,276,120,54,217,158,8.2,24.2,120,98,137,No,Normal,0.0,Downsloping,4,Fixed Defect,Never,Never,High,13678,Yes,Yes,Yes,Yes,Medium,8.0,Poor,1
3045,29,Male,Asymptomatic,133,133,96,164,71,47,252,133,4.9,25.7,126,64,196,No,ST-T Abnormality,1.2,Flat,3,Normal,Current,Occasional,Moderate,6323,No,No,No,Yes,Medium,6.9,Good,0
3046,79,Female,Asymptomatic,158,158,92,350,190,53,240,125,7.3,22.4,77,58,137,No,Normal,3.2,Downsloping,3,Reversible Defect,Never,Frequent,High,3514,Yes,Yes,Yes,No,High,6.1,Average,1
3047,44,Female,Asymptomatic,126,126,97,265,174,37,281,164,5.7,39.9,130,77,176,No,ST-T Abnormality,1.0,Downsloping,0,Reversible Defect,Never,Never,Moderate,14909,Yes,No,No,No,High,6.8,Good,0
3048,87,Female,Atypical Angina,146,146,66,227,127,57,161,151,9.2,38.0,130,59,143,No,LVH,2.1,Downsloping,2,Fixed Defect,Current,Never,Moderate,7296,Yes,Yes,No,Yes,Low,8.6,Good,1
3049,80,Male,Non-anginal Pain,109,109,85,283,173,45,78,106,7.2,19.9,70,79,125,No,ST-T Abnormality,0.0,Upsloping,1,Reversible Defect,Former,Frequent,Moderate,7490,No,Yes,No,Yes,Low,5.1,Poor,1
3050,63,Female,Typical Angina,137,137,89,215,114,39,156,161,5.5,37.2,102,60,156,No,ST-T Abnormality,0.0,Flat,2,Reversible Defect,Never,Frequent,Low,7812,No,No,No,Yes,Low,7.3,Average,1
3051,28,Male,Typical Angina,129,129,96,281,96,76,106,154,8.0,20.6,127,74,179,No,Normal,1.3,Flat,3,Normal,Never,Occasional,High,2276,Yes,No,No,No,Medium,6.2,Good,0
3052,40,Female,Atypical Angina,104,104,85,229,82,32,225,86,6.0,36.1,70,66,171,No,LVH,0.6,Flat,0,Normal,Former,Occasional,Low,5801,Yes,No,No,Yes,Medium,6.6,Average,0
3053,88,Male,Asymptomatic,145,145,73,250,89,50,275,174,7.5,18.4,91,57,126,No,Normal,2.5,Downsloping,2,Reversible Defect,Never,Never,Moderate,13901,No,No,Yes,Yes,Low,7.2,Poor,1
3054,77,Male,Asymptomatic,120,120,101,228,103,57,122,114,6.3,33.8,106,96,140,Yes,ST-T Abnormality,0.0,Upsloping,3,Fixed Defect,Former,Never,Low,8070,Yes,No,Yes,No,Low,7.7,Good,1
3055,46,Female,Atypical Angina,172,172,108,299,175,79,230,120,6.1,33.5,106,81,174,No,ST-T Abnormality,0.2,Downsloping,4,Normal,Never,Occasional,Moderate,9062,No,Yes,No,Yes,Medium,7.9,Poor,0
3056,48,Female,Typical Angina,140,140,99,166,89,30,222,84,8.9,23.3,99,71,165,No,LVH,2.5,Upsloping,3,Normal,Former,Never,Moderate,14163,No,Yes,No,Yes,High,6.1,Poor,0
3057,44,Male,Typical Angina,167,167,93,256,169,31,255,91,6.4,29.4,118,98,166,Yes,LVH,0.1,Upsloping,3,Fixed Defect,Former,Never,Moderate,12173,Yes,Yes,No,Yes,High,8.9,Average,1
3058,78,Female,Typical Angina,163,163,91,244,123,75,265,103,7.4,25.3,80,66,151,No,LVH,1.1,Flat,4,Reversible Defect,Current,Never,Moderate,11282,Yes,Yes,Yes,No,Low,6.7,Average,1
3059,82,Female,Asymptomatic,168,168,105,206,88,32,80,87,9.3,31.7,125,68,133,No,ST-T Abnormality,0.3,Upsloping,4,Fixed Defect,Current,Never,Moderate,10692,No,Yes,No,Yes,High,6.1,Poor,1
3060,87,Female,Atypical Angina,112,112,94,269,75,77,154,85,8.7,29.2,80,60,134,No,ST-T Abnormality,3.5,Flat,4,Normal,Current,Frequent,Moderate,9843,Yes,Yes,No,No,High,6.5,Poor,1
3061,82,Female,Asymptomatic,143,143,77,229,80,53,109,89,9.1,28.7,121,61,148,Yes,LVH,3.1,Upsloping,4,Reversible Defect,Current,Never,Low,5224,Yes,No,Yes,No,Medium,4.9,Poor,1
3062,57,Male,Non-anginal Pain,101,101,87,356,203,74,162,100,9.3,21.2,98,73,163,Yes,LVH,2.6,Downsloping,4,Reversible Defect,Never,Frequent,Moderate,14456,No,Yes,No,Yes,High,6.6,Average,1
3063,82,Male,Asymptomatic,113,113,99,233,130,38,208,164,7.7,29.8,72,77,145,Yes,LVH,2.1,Flat,4,Fixed Defect,Current,Occasional,Moderate,9995,No,No,No,Yes,High,4.5,Average,1
3064,38,Female,Typical Angina,130,130,71,199,76,64,202,103,8.4,22.8,126,95,190,Yes,ST-T Abnormality,1.1,Downsloping,2,Reversible Defect,Former,Frequent,High,8874,Yes,No,No,Yes,Medium,4.9,Poor,0
3065,70,Female,Non-anginal Pain,136,136,82,302,204,47,197,129,7.1,35.6,74,84,151,No,ST-T Abnormality,0.5,Upsloping,3,Fixed Defect,Current,Occasional,Moderate,10184,No,No,No,No,Low,5.4,Poor,1
3066,81,Female,Typical Angina,159,159,63,260,145,50,124,89,6.0,39.3,123,86,141,No,Normal,2.3,Downsloping,3,Fixed Defect,Never,Frequent,Moderate,4472,No,No,Yes,Yes,High,7.5,Good,1
3067,46,Female,Non-anginal Pain,142,142,89,223,81,46,288,95,7.1,31.9,127,58,160,No,ST-T Abnormality,0.0,Upsloping,0,Normal,Never,Frequent,Moderate,12591,Yes,No,No,No,High,6.1,Good,0
3068,56,Male,Non-anginal Pain,151,151,77,284,183,50,293,150,7.5,36.9,116,71,149,No,ST-T Abnormality,1.8,Upsloping,4,Reversible Defect,Former,Occasional,Moderate,14399,No,No,No,Yes,Low,7.8,Good,0
3069,27,Female,Non-anginal Pain,164,164,106,234,149,40,225,81,6.1,37.6,98,74,180,No,Normal,2.2,Downsloping,1,Fixed Defect,Current,Frequent,High,9779,Yes,No,No,Yes,High,6.1,Good,1
3070,74,Male,Typical Angina,105,105,65,213,92,45,249,135,6.0,26.3,78,84,148,No,ST-T Abnormality,0.1,Downsloping,3,Fixed Defect,Never,Never,High,10514,No,Yes,No,Yes,High,8.4,Good,1
3071,76,Female,Non-anginal Pain,140,140,66,381,213,80,106,167,7.0,30.2,88,83,136,Yes,LVH,0.3,Flat,1,Normal,Current,Occasional,Moderate,14457,No,No,No,No,Medium,4.9,Average,1
3072,53,Female,Typical Angina,122,122,96,373,206,71,74,156,8.9,38.9,102,98,170,Yes,Normal,0.9,Downsloping,0,Fixed Defect,Never,Never,Moderate,8134,No,No,No,Yes,Low,8.0,Average,0
3073,89,Female,Typical Angina,133,133,76,196,104,34,167,159,7.9,37.9,87,81,116,No,ST-T Abnormality,1.6,Downsloping,3,Fixed Defect,Never,Frequent,Moderate,5408,Yes,No,No,No,Medium,4.9,Good,0
3074,40,Female,Typical Angina,132,132,90,302,190,46,300,177,7.9,33.1,77,80,186,No,LVH,1.0,Upsloping,0,Reversible Defect,Never,Occasional,Moderate,2714,Yes,No,No,Yes,Low,6.5,Good,0
3075,44,Male,Typical Angina,160,160,72,311,167,53,72,128,5.6,33.7,99,87,165,No,LVH,1.1,Flat,3,Fixed Defect,Current,Never,Low,8993,Yes,No,No,Yes,Low,8.0,Poor,1
3076,56,Male,Typical Angina,156,156,96,337,197,76,240,144,6.2,21.3,111,89,157,No,Normal,1.1,Downsloping,0,Fixed Defect,Current,Frequent,High,8116,Yes,No,No,No,High,7.2,Good,0
3077,38,Male,Atypical Angina,174,174,96,253,119,73,285,146,7.9,36.7,92,56,186,Yes,Normal,1.3,Flat,2,Reversible Defect,Never,Frequent,Moderate,7414,Yes,No,Yes,No,Medium,6.8,Poor,1
3078,62,Male,Asymptomatic,165,165,71,323,181,71,176,148,5.0,36.5,94,99,152,Yes,ST-T Abnormality,1.7,Upsloping,1,Reversible Defect,Never,Never,Low,7855,Yes,No,Yes,No,Low,8.2,Average,1
3079,77,Female,Non-anginal Pain,148,148,63,262,119,51,82,86,6.0,24.3,124,91,145,No,ST-T Abnormality,0.3,Downsloping,4,Fixed Defect,Former,Never,High,8696,Yes,No,Yes,No,Medium,6.9,Good,0
3080,87,Female,Typical Angina,172,172,69,341,212,80,171,164,7.4,20.7,126,89,141,Yes,Normal,2.0,Flat,3,Fixed Defect,Former,Occasional,Moderate,10381,No,No,No,Yes,Low,5.3,Average,1
3081,54,Female,Atypical Angina,110,110,103,255,129,55,162,140,9.3,28.4,105,86,162,No,ST-T Abnormality,2.0,Upsloping,0,Fixed Defect,Former,Never,Moderate,13894,No,Yes,No,Yes,Low,5.7,Poor,0
3082,77,Female,Non-anginal Pain,140,140,71,329,191,51,248,88,6.3,30.3,130,79,131,No,ST-T Abnormality,0.7,Flat,3,Normal,Former,Frequent,High,12176,Yes,Yes,Yes,Yes,Medium,8.2,Good,1
3083,60,Female,Atypical Angina,167,167,104,335,211,75,290,160,7.4,32.0,121,56,162,No,ST-T Abnormality,1.5,Downsloping,3,Fixed Defect,Current,Never,High,4462,Yes,No,No,Yes,Medium,8.3,Good,0
3084,58,Male,Atypical Angina,155,155,72,360,195,53,247,164,7.5,25.5,95,60,151,Yes,LVH,0.0,Upsloping,2,Normal,Current,Frequent,Low,11932,No,No,Yes,No,Medium,4.7,Good,1
3085,54,Male,Non-anginal Pain,142,142,78,215,107,36,159,98,5.0,28.3,95,83,160,Yes,Normal,2.5,Upsloping,3,Fixed Defect,Never,Occasional,Low,9102,No,Yes,No,Yes,Low,6.5,Poor,1
3086,31,Male,Typical Angina,150,150,70,327,158,58,281,161,6.7,35.4,118,59,183,No,ST-T Abnormality,0.9,Upsloping,0,Normal,Current,Never,Moderate,11396,No,No,No,Yes,High,6.4,Good,0
3087,79,Male,Asymptomatic,157,157,63,365,220,61,114,86,6.2,38.5,110,82,148,No,ST-T Abnormality,0.8,Downsloping,4,Reversible Defect,Current,Never,High,12810,No,No,Yes,Yes,Medium,4.8,Poor,1
3088,48,Female,Non-anginal Pain,156,156,95,290,178,68,253,147,8.0,34.6,110,98,177,Yes,LVH,1.0,Flat,2,Reversible Defect,Never,Occasional,Moderate,5469,No,Yes,No,Yes,Medium,8.3,Average,1
3089,33,Female,Non-anginal Pain,125,125,78,357,220,46,200,86,7.8,31.6,78,67,195,No,LVH,2.5,Downsloping,1,Normal,Never,Occasional,Low,3436,No,No,No,Yes,High,4.9,Average,0
3090,83,Male,Non-anginal Pain,106,106,64,214,140,34,228,101,5.1,34.3,101,63,131,Yes,LVH,1.3,Upsloping,2,Normal,Current,Never,High,10340,Yes,No,No,No,Low,8.8,Good,1
3091,25,Female,Asymptomatic,145,145,69,245,86,69,294,139,6.8,37.8,108,89,196,No,ST-T Abnormality,1.1,Downsloping,2,Reversible Defect,Former,Never,Moderate,5481,Yes,No,No,Yes,High,6.9,Good,0
3092,39,Female,Atypical Angina,145,145,77,303,169,68,80,156,7.4,37.2,106,60,173,No,LVH,1.5,Upsloping,1,Fixed Defect,Never,Occasional,Moderate,11687,No,Yes,Yes,No,Low,5.6,Average,1
3093,47,Female,Atypical Angina,168,168,97,236,88,50,104,175,5.4,33.7,102,91,176,No,LVH,3.1,Upsloping,3,Reversible Defect,Former,Never,High,13031,Yes,No,Yes,No,Medium,7.0,Average,0
3094,64,Female,Atypical Angina,106,106,78,319,190,41,108,179,7.9,39.2,103,73,142,No,Normal,1.8,Upsloping,0,Reversible Defect,Current,Frequent,Moderate,2571,Yes,No,No,Yes,Medium,7.4,Average,1
3095,43,Male,Non-anginal Pain,138,138,97,207,95,39,175,120,9.4,39.7,93,85,172,No,LVH,0.0,Upsloping,3,Fixed Defect,Never,Frequent,High,4188,No,No,No,Yes,Low,5.8,Average,0
3096,56,Female,Non-anginal Pain,145,145,75,253,143,65,145,111,8.5,21.3,104,70,171,No,Normal,0.0,Downsloping,4,Fixed Defect,Never,Frequent,Low,4805,No,No,No,No,Medium,6.9,Good,0
3097,49,Female,Typical Angina,163,163,85,305,155,60,264,116,5.7,37.1,118,56,176,No,Normal,1.3,Flat,0,Reversible Defect,Former,Occasional,Moderate,10617,Yes,Yes,No,Yes,Medium,5.2,Poor,0
3098,87,Female,Atypical Angina,171,171,85,294,172,65,215,145,6.6,30.3,119,58,128,No,ST-T Abnormality,0.4,Flat,2,Fixed Defect,Current,Never,Low,4604,Yes,Yes,No,Yes,Medium,6.7,Poor,1
3099,27,Male,Non-anginal Pain,175,175,79,333,199,66,96,168,5.2,28.3,76,66,193,No,Normal,1.5,Upsloping,3,Normal,Never,Frequent,Low,7214,Yes,No,No,Yes,Medium,6.6,Average,0
3100,58,Female,Non-anginal Pain,139,139,68,219,94,51,244,136,6.4,27.5,87,70,155,No,Normal,1.9,Flat,1,Fixed Defect,Former,Never,Low,4055,No,No,No,Yes,Medium,7.4,Good,0
3101,27,Male,Non-anginal Pain,106,106,76,267,161,39,173,153,6.8,21.6,100,77,182,No,Normal,1.5,Upsloping,1,Reversible Defect,Former,Frequent,Moderate,11990,No,No,No,No,Low,5.3,Good,0
3102,71,Female,Atypical Angina,174,174,64,233,97,79,139,94,8.9,35.4,119,92,145,No,Normal,0.0,Flat,2,Reversible Defect,Former,Never,Low,5405,No,No,No,No,Medium,4.6,Good,1
3103,25,Male,Typical Angina,153,153,73,307,205,33,126,170,5.5,20.7,103,59,198,No,LVH,0.7,Flat,4,Reversible Defect,Former,Never,Moderate,9882,Yes,No,No,No,Medium,4.6,Good,0
3104,85,Male,Atypical Angina,123,123,62,307,163,75,242,126,8.9,24.0,102,99,142,Yes,Normal,1.4,Upsloping,3,Normal,Former,Occasional,Moderate,4460,Yes,No,No,Yes,High,8.2,Good,0
3105,39,Female,Asymptomatic,169,169,104,268,175,51,72,157,5.1,34.6,111,87,186,No,Normal,1.9,Flat,4,Fixed Defect,Current,Occasional,Low,9102,No,No,No,Yes,High,6.1,Poor,1
3106,57,Female,Non-anginal Pain,134,134,69,196,83,69,94,111,9.0,39.1,125,91,157,No,LVH,3.8,Flat,2,Normal,Current,Occasional,Low,7310,No,No,No,No,High,8.2,Average,1
3107,54,Male,Atypical Angina,172,172,69,342,159,68,240,93,6.7,38.3,114,86,168,No,ST-T Abnormality,0.0,Downsloping,3,Fixed Defect,Current,Occasional,High,7399,No,Yes,No,No,Low,6.0,Average,1
3108,39,Female,Typical Angina,165,165,77,291,201,38,173,114,8.7,26.5,130,91,180,No,ST-T Abnormality,2.3,Downsloping,4,Reversible Defect,Former,Occasional,Low,5797,Yes,No,Yes,No,High,5.0,Good,1
3109,85,Male,Asymptomatic,149,149,63,372,215,53,218,162,8.0,22.2,79,76,124,Yes,Normal,2.4,Flat,2,Normal,Current,Occasional,Low,9817,No,No,No,Yes,High,4.7,Good,1
3110,39,Female,Asymptomatic,132,132,66,218,94,77,225,165,8.5,29.9,80,61,167,No,LVH,1.1,Upsloping,4,Reversible Defect,Current,Occasional,Moderate,4606,No,No,No,No,Low,7.7,Poor,0
3111,50,Male,Asymptomatic,168,168,88,196,72,62,177,127,6.2,36.8,103,66,156,Yes,ST-T Abnormality,0.2,Downsloping,2,Normal,Never,Never,Low,4118,No,Yes,No,Yes,Medium,7.9,Average,1
3112,30,Male,Typical Angina,139,139,64,374,212,52,180,164,5.7,18.3,117,81,189,No,LVH,0.8,Upsloping,0,Normal,Former,Frequent,Low,9600,Yes,No,No,Yes,Low,8.4,Good,0
3113,89,Female,Non-anginal Pain,172,172,97,224,117,52,145,169,6.5,29.2,101,76,136,No,ST-T Abnormality,1.3,Downsloping,4,Normal,Never,Occasional,Low,7302,Yes,Yes,No,No,Low,6.3,Poor,1
3114,72,Female,Atypical Angina,171,171,69,219,97,45,198,110,5.6,35.6,73,58,153,No,Normal,2.2,Downsloping,1,Reversible Defect,Former,Occasional,Low,13173,Yes,No,Yes,No,Low,7.5,Average,1
3115,40,Male,Atypical Angina,170,170,84,347,203,61,123,92,8.5,27.7,96,96,185,No,ST-T Abnormality,0.1,Flat,2,Reversible Defect,Former,Frequent,Moderate,8543,Yes,No,No,Yes,Medium,5.3,Average,0
3116,27,Female,Atypical Angina,179,179,60,327,206,77,94,126,8.3,24.2,130,84,192,Yes,LVH,0.8,Downsloping,1,Reversible Defect,Former,Frequent,Moderate,10199,No,No,No,Yes,Medium,6.3,Good,0
3117,33,Female,Typical Angina,113,113,106,212,126,32,133,123,8.2,31.3,101,81,174,Yes,LVH,0.8,Flat,3,Normal,Never,Never,Moderate,3863,No,No,No,Yes,High,8.8,Poor,0
3118,89,Male,Non-anginal Pain,110,110,93,291,162,45,207,116,8.4,39.4,99,83,124,No,LVH,1.4,Upsloping,1,Reversible Defect,Former,Occasional,Moderate,9410,No,Yes,Yes,Yes,Low,5.9,Average,1
3119,90,Male,Atypical Angina,169,169,102,343,192,72,115,85,5.6,32.2,87,89,125,No,ST-T Abnormality,0.0,Downsloping,2,Reversible Defect,Never,Frequent,Moderate,2888,Yes,Yes,Yes,Yes,High,8.7,Poor,1
3120,41,Female,Asymptomatic,161,161,92,367,193,66,212,135,7.1,18.7,113,75,171,No,Normal,0.0,Flat,1,Reversible Defect,Current,Never,High,9069,No,No,No,Yes,Low,6.1,Good,0
3121,66,Male,Atypical Angina,123,123,87,281,108,53,87,158,5.3,18.1,100,72,164,No,ST-T Abnormality,2.4,Downsloping,4,Fixed Defect,Current,Never,Low,3766,No,Yes,Yes,No,Low,8.2,Good,1
3122,88,Female,Atypical Angina,139,139,104,340,191,56,112,170,8.4,39.3,91,57,141,No,LVH,1.8,Downsloping,0,Fixed Defect,Current,Occasional,Moderate,4526,Yes,No,Yes,No,High,7.3,Poor,1
3123,43,Male,Typical Angina,178,178,94,320,210,33,168,168,7.5,25.4,81,84,163,No,Normal,2.9,Flat,1,Fixed Defect,Former,Occasional,Moderate,9409,No,No,No,No,Low,8.6,Average,0
3124,55,Male,Atypical Angina,147,147,65,262,141,49,169,173,8.2,36.5,101,97,155,No,Normal,1.5,Upsloping,0,Reversible Defect,Former,Never,Moderate,3750,No,Yes,Yes,No,Low,8.4,Poor,1
3125,39,Male,Non-anginal Pain,174,174,98,238,103,61,76,119,9.1,38.0,105,68,181,Yes,LVH,1.0,Upsloping,4,Fixed Defect,Former,Occasional,Low,6402,Yes,No,No,Yes,High,5.3,Average,1
3126,79,Male,Atypical Angina,103,103,100,268,110,78,139,173,8.0,27.9,74,94,131,No,ST-T Abnormality,0.4,Flat,2,Normal,Never,Frequent,Moderate,11336,Yes,No,No,No,Low,8.8,Poor,0
3127,32,Female,Non-anginal Pain,141,141,96,344,199,49,263,104,8.4,32.4,87,76,196,No,LVH,0.0,Flat,0,Normal,Current,Occasional,Moderate,2448,Yes,No,No,No,Low,5.3,Good,1
3128,85,Female,Asymptomatic,167,167,73,246,71,56,123,160,6.0,39.6,81,78,131,No,LVH,3.2,Flat,4,Normal,Former,Frequent,Low,12316,Yes,No,No,No,Medium,6.6,Poor,0
3129,25,Female,Asymptomatic,128,128,95,317,169,51,245,99,8.3,20.3,115,83,198,No,Normal,0.1,Flat,0,Normal,Current,Occasional,High,13843,No,Yes,No,No,Medium,7.0,Average,0
3130,75,Female,Asymptomatic,150,150,82,204,97,44,206,127,5.0,21.2,130,70,141,Yes,ST-T Abnormality,0.0,Flat,1,Normal,Never,Never,Low,5998,No,No,Yes,No,High,5.7,Good,1
3131,48,Male,Asymptomatic,155,155,83,263,147,49,272,106,7.8,29.3,90,99,164,No,ST-T Abnormality,1.2,Downsloping,3,Reversible Defect,Never,Occasional,Low,3269,No,No,Yes,Yes,Low,6.7,Poor,0
3132,60,Female,Non-anginal Pain,148,148,64,271,135,44,189,164,8.0,26.1,71,59,164,No,Normal,0.5,Downsloping,4,Reversible Defect,Current,Occasional,High,7757,Yes,Yes,No,Yes,Low,5.0,Good,1
3133,38,Female,Asymptomatic,168,168,69,249,128,76,211,85,7.4,36.6,101,61,192,No,ST-T Abnormality,1.5,Flat,3,Fixed Defect,Current,Never,High,6503,No,No,No,Yes,Medium,5.3,Good,1
3134,55,Male,Typical Angina,119,119,69,199,96,57,299,165,5.7,18.8,99,64,161,No,ST-T Abnormality,1.3,Upsloping,1,Normal,Never,Occasional,Moderate,13388,Yes,Yes,Yes,Yes,High,7.5,Poor,1
3135,46,Female,Atypical Angina,128,128,99,215,82,62,134,81,8.6,33.5,118,67,178,No,LVH,0.6,Upsloping,2,Fixed Defect,Current,Occasional,Moderate,4772,No,Yes,Yes,Yes,Medium,7.6,Average,1
3136,55,Male,Typical Angina,102,102,103,325,179,40,157,97,8.8,34.9,89,93,154,No,LVH,1.5,Flat,3,Normal,Former,Frequent,Low,12354,No,No,Yes,No,Medium,8.8,Good,1
3137,38,Male,Atypical Angina,163,163,94,340,175,64,260,145,9.1,18.8,97,62,189,No,ST-T Abnormality,0.8,Flat,2,Normal,Former,Frequent,Moderate,8465,No,No,No,No,Low,4.7,Poor,0
3138,82,Male,Asymptomatic,113,113,108,372,212,41,263,87,6.9,28.2,80,67,146,No,ST-T Abnormality,0.8,Flat,1,Fixed Defect,Former,Frequent,Low,4258,Yes,No,No,Yes,Low,6.0,Average,0
3139,73,Male,Typical Angina,172,172,66,250,104,54,116,116,9.4,31.6,90,93,142,No,LVH,0.6,Downsloping,1,Reversible Defect,Current,Occasional,High,6426,No,No,Yes,No,High,7.1,Good,1
3140,64,Female,Atypical Angina,146,146,100,326,143,78,256,82,7.6,20.3,102,82,157,No,LVH,0.9,Downsloping,4,Normal,Never,Frequent,Moderate,3335,No,No,Yes,No,Low,7.5,Good,0
3141,62,Male,Non-anginal Pain,106,106,94,244,111,57,223,126,6.9,35.9,110,77,146,No,LVH,0.0,Upsloping,0,Reversible Defect,Never,Never,Moderate,8202,Yes,Yes,No,No,High,8.3,Poor,0
3142,66,Male,Typical Angina,149,149,89,259,88,68,109,113,8.5,26.5,129,98,140,Yes,LVH,3.8,Flat,2,Fixed Defect,Former,Never,Moderate,7313,Yes,Yes,Yes,Yes,Low,6.3,Average,1
3143,33,Female,Typical Angina,148,148,69,195,76,52,162,162,5.8,28.0,79,82,191,No,ST-T Abnormality,0.2,Flat,3,Reversible Defect,Never,Occasional,Moderate,8059,No,No,Yes,Yes,High,8.3,Poor,0
3144,38,Male,Asymptomatic,134,134,75,250,97,60,78,130,7.0,28.5,78,97,169,No,ST-T Abnormality,2.0,Flat,4,Reversible Defect,Current,Frequent,Moderate,7922,Yes,No,No,No,High,4.8,Good,0
3145,82,Male,Asymptomatic,160,160,82,299,114,80,189,118,5.1,25.8,103,71,144,No,Normal,1.4,Downsloping,2,Reversible Defect,Never,Occasional,Moderate,12880,Yes,No,No,Yes,Medium,4.7,Average,0
3146,51,Male,Typical Angina,169,169,89,326,152,73,264,120,7.0,28.4,130,91,164,No,Normal,1.0,Downsloping,2,Reversible Defect,Never,Occasional,Moderate,5361,Yes,Yes,No,Yes,Medium,8.9,Good,0
3147,78,Female,Asymptomatic,130,130,88,357,193,45,154,148,6.2,37.9,129,57,137,Yes,LVH,0.0,Downsloping,3,Reversible Defect,Current,Never,Low,12465,Yes,No,No,No,Medium,7.2,Poor,1
3148,81,Female,Non-anginal Pain,148,148,85,255,164,42,285,114,7.3,27.8,95,77,148,No,ST-T Abnormality,0.6,Downsloping,1,Normal,Never,Frequent,Moderate,3759,No,No,No,No,Low,6.3,Poor,0
3149,32,Male,Non-anginal Pain,105,105,68,199,93,43,112,103,6.7,35.2,81,100,183,Yes,ST-T Abnormality,1.0,Flat,3,Fixed Defect,Current,Frequent,High,5654,Yes,No,No,No,Low,7.7,Good,1
3150,52,Male,Atypical Angina,107,107,107,227,94,49,278,117,8.3,37.2,97,90,167,No,ST-T Abnormality,0.0,Downsloping,0,Normal,Never,Frequent,High,2954,Yes,Yes,No,No,Medium,5.6,Average,0
3151,52,Female,Typical Angina,137,137,85,227,73,76,101,143,8.8,28.2,108,67,168,No,LVH,2.4,Downsloping,0,Normal,Former,Never,Moderate,9522,No,No,Yes,Yes,Medium,8.3,Average,0
3152,43,Female,Non-anginal Pain,139,139,84,273,119,39,157,103,9.3,26.2,107,56,184,No,ST-T Abnormality,2.5,Downsloping,4,Reversible Defect,Never,Frequent,Moderate,5784,Yes,No,No,No,Medium,7.8,Average,0
3153,86,Male,Non-anginal Pain,126,126,101,340,209,61,85,137,7.4,28.4,114,100,138,No,LVH,2.0,Downsloping,3,Fixed Defect,Current,Frequent,Moderate,7655,No,No,Yes,Yes,High,5.4,Average,1
3154,63,Female,Typical Angina,178,178,102,272,157,44,82,100,9.0,33.5,91,80,150,No,ST-T Abnormality,1.7,Downsloping,0,Reversible Defect,Never,Frequent,Moderate,10620,Yes,No,No,No,High,6.4,Good,0
3155,81,Male,Atypical Angina,159,159,81,257,120,38,262,113,9.2,24.2,87,72,149,No,Normal,0.0,Upsloping,4,Fixed Defect,Former,Never,High,11071,No,No,No,No,Medium,5.9,Average,0
3156,86,Male,Non-anginal Pain,167,167,67,348,173,63,213,148,6.4,29.7,122,64,123,Yes,Normal,2.8,Downsloping,4,Reversible Defect,Never,Frequent,High,14801,Yes,No,Yes,No,Medium,7.6,Good,1
3157,74,Female,Asymptomatic,167,167,60,260,170,43,139,94,5.6,36.2,111,58,155,Yes,LVH,0.2,Upsloping,0,Normal,Former,Frequent,Low,3466,Yes,No,No,Yes,Low,5.1,Poor,1
3158,82,Male,Asymptomatic,132,132,84,317,142,78,142,84,7.1,31.1,85,65,143,No,LVH,0.0,Flat,4,Normal,Never,Frequent,Moderate,3433,No,No,No,Yes,Medium,6.0,Average,0
3159,65,Female,Typical Angina,156,156,67,252,163,49,97,90,7.1,35.2,97,65,147,No,Normal,0.0,Upsloping,3,Fixed Defect,Former,Frequent,Moderate,10419,No,Yes,No,Yes,Low,5.7,Good,1
3160,30,Male,Asymptomatic,118,118,62,257,152,42,280,174,6.3,34.3,108,90,180,No,Normal,0.0,Downsloping,1,Normal,Current,Frequent,Low,2854,Yes,Yes,Yes,Yes,Low,5.1,Average,1
3161,31,Male,Typical Angina,162,162,100,349,170,76,206,100,9.5,35.9,95,99,179,No,LVH,0.8,Upsloping,3,Fixed Defect,Never,Occasional,Moderate,4488,Yes,No,No,Yes,High,4.9,Average,0
3162,90,Male,Asymptomatic,102,102,67,187,87,60,269,137,6.2,33.4,87,78,121,Yes,Normal,0.7,Downsloping,4,Reversible Defect,Never,Occasional,Moderate,9751,Yes,No,No,Yes,Medium,7.5,Poor,1
3163,39,Female,Non-anginal Pain,135,135,77,198,110,31,106,170,6.4,26.0,129,81,182,No,LVH,2.1,Downsloping,2,Normal,Current,Occasional,Moderate,4238,Yes,Yes,No,Yes,Medium,5.2,Good,1
3164,69,Female,Non-anginal Pain,161,161,91,301,192,65,264,131,9.0,23.1,82,63,157,No,Normal,2.6,Flat,0,Reversible Defect,Never,Frequent,High,13540,No,No,No,No,High,5.5,Average,0
3165,26,Female,Non-anginal Pain,134,134,110,281,159,61,75,177,8.7,31.5,118,93,200,No,LVH,0.1,Flat,3,Reversible Defect,Former,Occasional,Moderate,6198,No,No,No,Yes,Low,8.2,Average,0
3166,62,Female,Asymptomatic,146,146,64,261,144,34,154,140,9.2,32.6,102,57,144,No,ST-T Abnormality,0.7,Upsloping,0,Reversible Defect,Former,Never,Low,5892,No,No,No,No,Medium,6.2,Average,1
3167,31,Male,Typical Angina,156,156,93,227,110,53,268,178,6.6,19.8,105,82,193,Yes,LVH,0.7,Downsloping,1,Fixed Defect,Current,Frequent,Low,2831,Yes,No,No,Yes,High,7.7,Poor,0
3168,54,Male,Asymptomatic,104,104,80,353,216,34,272,92,8.2,27.3,126,90,151,Yes,ST-T Abnormality,1.3,Upsloping,0,Normal,Never,Never,High,12148,No,No,Yes,No,Low,5.7,Poor,1
3169,36,Male,Typical Angina,147,147,66,205,124,34,72,136,9.1,34.8,127,91,182,No,ST-T Abnormality,1.9,Flat,3,Normal,Never,Frequent,High,4422,No,No,No,Yes,Low,5.8,Average,0
3170,53,Male,Non-anginal Pain,169,169,79,219,96,53,193,120,5.7,31.9,116,61,176,No,ST-T Abnormality,1.6,Upsloping,1,Reversible Defect,Never,Occasional,High,8732,No,Yes,Yes,No,High,8.6,Poor,1
3171,37,Male,Non-anginal Pain,110,110,98,298,145,33,129,170,4.8,32.1,70,71,188,No,ST-T Abnormality,0.7,Upsloping,0,Normal,Current,Never,Moderate,7208,Yes,No,No,No,Medium,6.9,Average,0
3172,87,Male,Atypical Angina,118,118,106,279,142,57,156,172,8.3,24.8,109,82,128,No,LVH,1.2,Upsloping,2,Fixed Defect,Current,Occasional,Moderate,6045,No,No,No,No,Medium,4.6,Poor,0
3173,72,Male,Non-anginal Pain,178,178,84,218,100,52,71,161,5.2,35.2,93,80,157,No,Normal,0.0,Flat,4,Reversible Defect,Never,Occasional,Low,10949,No,No,Yes,Yes,Medium,6.9,Good,1
3174,62,Female,Non-anginal Pain,125,125,105,297,130,48,77,162,5.8,26.4,119,60,145,No,LVH,2.1,Upsloping,3,Normal,Current,Frequent,Moderate,5268,Yes,No,No,No,Medium,5.4,Good,1
3175,85,Male,Typical Angina,112,112,97,333,212,79,285,102,9.1,34.4,85,81,140,Yes,ST-T Abnormality,1.6,Upsloping,0,Fixed Defect,Former,Occasional,Moderate,6437,No,No,No,Yes,Medium,8.5,Poor,0
3176,34,Male,Atypical Angina,152,152,66,336,185,66,219,107,8.5,39.1,128,62,190,No,Normal,1.5,Upsloping,2,Reversible Defect,Current,Occasional,High,11689,No,No,No,No,Medium,6.6,Good,1
3177,86,Female,Asymptomatic,176,176,70,271,162,37,224,84,4.9,33.8,87,74,121,No,Normal,1.3,Downsloping,4,Normal,Current,Frequent,High,5947,No,No,Yes,No,Low,4.7,Average,1
3178,79,Male,Atypical Angina,167,167,108,304,163,37,88,87,5.3,18.2,116,92,144,No,Normal,1.1,Flat,3,Normal,Never,Never,Moderate,5787,Yes,Yes,Yes,No,High,6.6,Average,1
3179,30,Female,Typical Angina,120,120,101,186,86,44,101,141,7.8,20.5,116,63,187,No,LVH,1.4,Upsloping,4,Reversible Defect,Never,Frequent,Moderate,7814,No,No,No,No,High,7.8,Poor,0
3180,60,Female,Typical Angina,122,122,60,224,123,52,150,145,5.6,27.7,105,57,162,No,ST-T Abnormality,1.0,Upsloping,2,Fixed Defect,Former,Occasional,Low,9110,No,No,No,No,High,6.7,Good,0
3181,57,Female,Typical Angina,142,142,87,342,187,76,138,145,5.7,35.1,89,61,153,No,ST-T Abnormality,1.4,Downsloping,2,Reversible Defect,Former,Occasional,Low,8964,Yes,Yes,No,No,Medium,4.8,Good,1
3182,46,Male,Asymptomatic,126,126,98,230,89,65,257,150,8.9,24.2,86,99,177,No,ST-T Abnormality,1.3,Flat,2,Fixed Defect,Former,Never,High,7574,No,No,No,No,Medium,6.7,Average,0
3183,68,Male,Asymptomatic,163,163,107,240,121,57,239,117,5.0,19.8,110,96,145,No,Normal,1.8,Flat,1,Reversible Defect,Never,Never,Moderate,14890,No,No,No,No,Medium,8.9,Poor,0
3184,45,Male,Atypical Angina,161,161,102,230,83,38,193,160,6.4,30.2,79,70,164,No,LVH,1.1,Flat,0,Normal,Never,Never,Low,13954,No,No,Yes,Yes,High,5.5,Average,1
3185,83,Female,Typical Angina,176,176,92,220,76,60,252,96,6.2,33.5,116,61,133,No,Normal,1.5,Upsloping,3,Fixed Defect,Never,Never,Low,5217,No,No,No,Yes,High,5.1,Good,0
3186,39,Female,Atypical Angina,180,180,70,328,191,52,224,163,5.9,35.5,106,88,189,No,ST-T Abnormality,2.9,Upsloping,4,Fixed Defect,Former,Occasional,Moderate,5050,Yes,No,No,Yes,Low,5.6,Average,1
3187,78,Male,Typical Angina,171,171,84,193,72,47,70,86,6.3,26.8,119,96,151,Yes,Normal,2.5,Upsloping,1,Reversible Defect,Current,Frequent,Moderate,12722,Yes,No,Yes,No,High,7.8,Average,1
3188,49,Male,Atypical Angina,116,116,67,229,108,32,236,117,8.0,20.5,76,71,157,Yes,ST-T Abnormality,1.9,Upsloping,2,Reversible Defect,Never,Never,High,7251,Yes,No,No,Yes,Low,5.1,Good,0
3189,62,Male,Non-anginal Pain,172,172,71,303,166,52,290,114,8.1,35.6,98,78,161,No,ST-T Abnormality,2.3,Downsloping,1,Fixed Defect,Current,Occasional,Moderate,8371,Yes,No,No,No,High,5.3,Good,1
3190,78,Male,Non-anginal Pain,156,156,62,234,116,63,102,99,9.4,29.5,122,65,139,Yes,LVH,0.0,Upsloping,2,Normal,Former,Occasional,High,9342,Yes,No,Yes,Yes,High,5.5,Good,1
3191,63,Female,Atypical Angina,176,176,78,270,152,68,153,84,8.8,19.9,91,55,142,No,ST-T Abnormality,2.3,Downsloping,2,Normal,Current,Frequent,Moderate,9346,No,Yes,Yes,No,High,5.5,Poor,1
3192,57,Male,Non-anginal Pain,180,180,106,238,100,51,216,163,6.9,30.7,122,99,167,No,LVH,0.3,Upsloping,4,Reversible Defect,Former,Occasional,Moderate,9605,Yes,No,Yes,No,Medium,7.1,Poor,0
3193,88,Female,Non-anginal Pain,142,142,107,301,168,78,199,140,5.1,27.5,127,95,120,No,LVH,0.0,Flat,0,Normal,Never,Frequent,Moderate,12472,No,Yes,No,Yes,Low,4.6,Average,0
3194,84,Female,Non-anginal Pain,108,108,93,168,81,40,260,130,6.3,24.0,105,83,140,Yes,LVH,2.0,Upsloping,4,Reversible Defect,Never,Frequent,Moderate,11983,Yes,No,Yes,No,High,5.6,Poor,1
3195,69,Male,Atypical Angina,160,160,60,162,76,43,129,161,6.3,23.9,103,99,154,Yes,LVH,0.0,Downsloping,2,Normal,Current,Occasional,Low,12510,No,No,No,Yes,High,7.1,Good,1
3196,78,Male,Typical Angina,162,162,88,299,171,51,234,84,7.4,29.3,126,71,139,No,Normal,1.2,Downsloping,0,Reversible Defect,Former,Frequent,Low,2875,Yes,No,No,No,High,7.4,Average,0
3197,88,Female,Non-anginal Pain,146,146,105,223,74,30,228,153,8.2,20.3,116,95,126,No,LVH,2.6,Flat,2,Reversible Defect,Current,Frequent,Moderate,6219,Yes,No,No,Yes,Medium,6.6,Good,1
3198,70,Male,Atypical Angina,140,140,110,249,127,76,153,127,5.3,22.2,81,88,137,No,LVH,1.6,Flat,0,Reversible Defect,Current,Occasional,Low,2115,Yes,No,Yes,Yes,High,7.5,Average,1
3199,69,Female,Typical Angina,154,154,109,231,85,55,285,149,6.9,31.7,123,72,155,Yes,Normal,0.1,Flat,2,Normal,Never,Never,Moderate,11007,No,No,No,Yes,Medium,6.6,Average,1
3200,67,Female,Non-anginal Pain,113,113,90,235,91,56,115,103,8.6,36.3,107,70,143,No,LVH,1.6,Upsloping,3,Fixed Defect,Current,Never,Moderate,3607,No,Yes,No,Yes,High,7.1,Poor,1
3201,86,Male,Typical Angina,122,122,83,290,125,48,129,145,9.2,32.0,81,57,125,No,LVH,0.2,Downsloping,1,Reversible Defect,Current,Never,Moderate,11196,Yes,Yes,No,Yes,High,8.6,Poor,1
3202,32,Female,Typical Angina,121,121,110,229,89,73,83,167,8.9,29.3,78,71,173,Yes,ST-T Abnormality,1.9,Downsloping,4,Reversible Defect,Former,Never,Low,8819,Yes,No,No,Yes,High,8.8,Average,1
3203,52,Female,Atypical Angina,168,168,74,249,97,34,269,137,4.9,22.0,86,62,177,No,ST-T Abnormality,1.7,Downsloping,2,Normal,Former,Frequent,High,12452,No,Yes,Yes,No,Low,7.7,Poor,1
3204,90,Male,Non-anginal Pain,146,146,102,250,79,51,150,98,6.7,28.9,95,95,130,No,ST-T Abnormality,0.7,Upsloping,2,Fixed Defect,Current,Never,High,14411,Yes,No,Yes,Yes,High,5.6,Average,1
3205,38,Male,Typical Angina,128,128,104,309,165,61,110,131,5.4,32.4,130,59,183,No,LVH,2.1,Upsloping,4,Normal,Never,Never,Moderate,12132,No,No,No,Yes,High,7.8,Poor,1
3206,26,Male,Asymptomatic,104,104,61,333,151,75,137,119,5.1,18.9,75,89,181,No,ST-T Abnormality,0.0,Upsloping,0,Fixed Defect,Never,Never,Low,13795,Yes,No,No,Yes,High,8.9,Good,0
3207,62,Female,Asymptomatic,144,144,92,327,200,63,85,111,6.8,26.9,80,95,144,No,LVH,1.1,Upsloping,3,Reversible Defect,Former,Never,Moderate,2349,No,Yes,No,Yes,Low,6.6,Good,0
3208,34,Male,Non-anginal Pain,117,117,79,273,137,56,141,107,5.1,38.5,72,95,180,No,ST-T Abnormality,1.6,Upsloping,3,Normal,Current,Occasional,High,14020,Yes,No,No,No,Medium,7.2,Poor,1
3209,26,Male,Typical Angina,173,173,81,323,145,59,111,82,7.3,26.1,102,88,200,No,LVH,0.6,Upsloping,0,Normal,Current,Never,Moderate,8724,Yes,No,No,No,Medium,4.6,Poor,0
3210,76,Female,Asymptomatic,127,127,66,287,124,70,125,81,5.3,23.5,111,85,133,No,Normal,2.6,Upsloping,0,Normal,Former,Never,Low,12166,No,No,No,Yes,High,6.0,Average,0
3211,67,Female,Typical Angina,134,134,71,274,149,79,172,111,5.8,23.7,76,96,160,No,Normal,0.6,Downsloping,2,Normal,Former,Never,Low,14625,No,No,Yes,Yes,Medium,4.8,Good,1
3212,62,Female,Typical Angina,167,167,81,318,195,49,197,173,6.6,32.1,118,67,165,No,Normal,1.5,Downsloping,2,Fixed Defect,Current,Occasional,Moderate,14479,No,No,No,Yes,Medium,6.4,Average,1
3213,27,Male,Non-anginal Pain,134,134,89,339,194,33,189,139,8.5,20.5,75,65,191,Yes,ST-T Abnormality,2.5,Flat,0,Fixed Defect,Former,Never,Low,7733,No,No,No,Yes,Low,6.2,Good,1
3214,55,Male,Non-anginal Pain,180,180,87,315,165,38,237,142,8.9,38.9,72,83,155,Yes,Normal,0.0,Flat,1,Reversible Defect,Former,Never,Low,9371,Yes,No,Yes,Yes,Low,7.8,Good,1
3215,88,Female,Asymptomatic,152,152,75,321,215,32,265,157,6.8,37.4,111,95,129,No,LVH,1.9,Flat,4,Fixed Defect,Current,Frequent,Moderate,3539,No,No,No,No,Medium,4.7,Average,1
3216,25,Male,Atypical Angina,108,108,95,220,106,49,163,169,9.0,34.6,83,60,200,Yes,Normal,1.5,Flat,4,Normal,Former,Occasional,Low,7551,No,No,No,No,Low,5.3,Poor,0
3217,77,Male,Asymptomatic,135,135,105,324,216,60,138,153,9.4,32.6,91,97,128,No,Normal,0.0,Downsloping,2,Reversible Defect,Current,Frequent,Moderate,4598,No,No,No,Yes,High,8.0,Poor,1
3218,51,Female,Asymptomatic,168,168,89,256,119,53,108,123,6.7,28.2,124,92,164,No,Normal,1.9,Downsloping,4,Reversible Defect,Never,Occasional,High,6960,No,Yes,No,No,Low,7.1,Good,0
3219,89,Female,Asymptomatic,109,109,73,261,125,66,240,105,7.8,31.9,99,74,116,Yes,Normal,0.5,Flat,0,Normal,Never,Occasional,Moderate,3203,Yes,No,Yes,Yes,Medium,8.7,Average,1
3220,30,Male,Typical Angina,106,106,78,251,118,64,178,94,5.5,34.6,96,58,191,No,ST-T Abnormality,0.0,Upsloping,2,Reversible Defect,Former,Frequent,Moderate,5244,Yes,No,No,Yes,High,6.0,Average,0
3221,82,Female,Non-anginal Pain,163,163,110,246,138,40,123,82,5.9,37.8,110,83,143,Yes,ST-T Abnormality,2.4,Upsloping,2,Reversible Defect,Never,Occasional,Moderate,8399,No,No,No,No,High,5.0,Poor,1
3222,69,Male,Typical Angina,166,166,100,318,178,55,224,129,6.8,23.4,126,59,142,No,LVH,0.6,Upsloping,1,Normal,Never,Occasional,Low,4788,No,No,No,No,High,8.7,Average,0
3223,57,Male,Non-anginal Pain,140,140,102,257,179,34,90,121,7.5,24.6,90,84,169,No,ST-T Abnormality,0.6,Upsloping,1,Reversible Defect,Former,Never,Low,14117,Yes,No,Yes,No,Low,4.5,Average,1
3224,78,Female,Atypical Angina,142,142,82,234,105,40,97,97,7.7,38.3,109,97,127,No,Normal,0.0,Upsloping,4,Reversible Defect,Former,Occasional,High,4921,Yes,No,Yes,Yes,High,4.6,Poor,1
3225,79,Female,Asymptomatic,143,143,107,350,215,47,279,117,8.0,31.9,89,84,142,No,ST-T Abnormality,0.0,Upsloping,0,Fixed Defect,Never,Frequent,Low,5599,Yes,Yes,Yes,No,Low,6.0,Poor,1
3226,55,Female,Non-anginal Pain,113,113,69,308,155,78,273,158,5.7,19.6,91,87,175,No,LVH,0.2,Flat,4,Normal,Never,Occasional,High,3001,Yes,No,Yes,No,Medium,6.5,Good,0
3227,27,Female,Typical Angina,145,145,101,275,154,73,287,149,5.7,20.3,81,84,195,No,ST-T Abnormality,3.1,Flat,3,Reversible Defect,Never,Occasional,Low,5241,Yes,No,No,No,High,8.0,Good,0
3228,47,Female,Non-anginal Pain,171,171,95,238,129,36,215,133,7.2,25.4,77,92,169,No,Normal,1.4,Downsloping,2,Reversible Defect,Current,Frequent,High,4127,No,Yes,Yes,No,Medium,8.6,Good,1
3229,26,Female,Asymptomatic,143,143,68,237,109,64,235,92,6.5,35.0,121,87,190,No,LVH,0.3,Downsloping,3,Fixed Defect,Current,Never,Low,9636,Yes,No,No,No,Medium,7.3,Average,1
3230,66,Male,Atypical Angina,103,103,109,211,100,53,204,132,4.9,31.2,100,68,154,Yes,LVH,0.0,Flat,4,Fixed Defect,Former,Frequent,Moderate,14308,No,No,No,No,Low,5.1,Poor,0
3231,71,Male,Asymptomatic,111,111,98,352,213,80,144,148,6.7,37.3,86,64,140,Yes,LVH,2.0,Downsloping,0,Reversible Defect,Never,Frequent,Moderate,3734,No,No,No,No,Low,7.4,Average,1
3232,86,Female,Asymptomatic,128,128,77,237,113,31,119,113,9.2,23.4,93,88,138,Yes,Normal,1.0,Upsloping,2,Normal,Former,Frequent,Low,14050,No,Yes,Yes,No,High,5.9,Good,1
3233,81,Male,Non-anginal Pain,142,142,85,269,132,65,287,144,6.1,23.6,84,88,141,No,LVH,0.4,Downsloping,1,Reversible Defect,Never,Never,Moderate,13930,Yes,No,No,Yes,High,7.7,Average,0
3234,61,Male,Asymptomatic,180,180,103,254,106,43,76,83,7.3,36.1,116,80,155,Yes,Normal,1.9,Downsloping,4,Fixed Defect,Never,Frequent,Moderate,2541,No,No,No,Yes,Low,5.4,Good,1
3235,73,Male,Atypical Angina,156,156,87,274,96,79,217,82,9.0,20.3,105,93,141,Yes,ST-T Abnormality,0.3,Downsloping,0,Normal,Never,Frequent,Moderate,7339,No,No,No,Yes,Medium,4.7,Poor,0
3236,89,Male,Non-anginal Pain,106,106,85,364,201,64,138,172,6.5,28.6,73,75,127,No,LVH,1.8,Downsloping,1,Normal,Never,Occasional,Low,10455,Yes,Yes,Yes,No,Medium,6.9,Good,1
3237,71,Male,Asymptomatic,140,140,68,292,198,53,271,99,5.1,19.0,123,91,152,No,LVH,1.2,Upsloping,1,Normal,Never,Occasional,High,9325,No,No,No,No,Medium,7.4,Average,0
3238,57,Male,Asymptomatic,130,130,78,293,201,32,254,97,8.4,27.5,97,56,158,Yes,Normal,1.4,Upsloping,3,Reversible Defect,Current,Frequent,Moderate,14460,Yes,No,No,Yes,High,8.3,Poor,1
3239,62,Female,Asymptomatic,110,110,78,264,106,48,286,155,8.9,31.6,111,91,159,No,LVH,2.1,Downsloping,2,Reversible Defect,Never,Occasional,Moderate,12987,Yes,No,No,No,High,5.9,Average,1
3240,66,Female,Non-anginal Pain,147,147,62,208,76,61,205,116,5.5,26.2,120,60,154,No,LVH,1.6,Downsloping,1,Reversible Defect,Former,Never,High,7001,No,Yes,No,Yes,High,4.6,Poor,0
3241,28,Female,Typical Angina,128,128,75,206,79,73,288,118,7.2,20.5,82,63,187,No,ST-T Abnormality,0.9,Flat,4,Normal,Never,Occasional,Moderate,8957,No,Yes,No,Yes,High,8.5,Good,0
3242,68,Female,Non-anginal Pain,103,103,72,349,207,64,166,128,5.5,27.0,113,89,147,No,ST-T Abnormality,0.9,Flat,1,Fixed Defect,Never,Occasional,Moderate,14301,No,Yes,No,Yes,High,5.4,Average,0
3243,41,Female,Typical Angina,171,171,94,256,168,30,297,180,8.6,28.4,121,78,178,No,ST-T Abnormality,0.0,Upsloping,4,Fixed Defect,Former,Never,High,4398,Yes,Yes,No,No,High,4.5,Good,1
3244,90,Female,Non-anginal Pain,166,166,90,288,170,61,169,139,8.5,36.4,119,89,132,Yes,LVH,0.4,Downsloping,4,Fixed Defect,Never,Frequent,Moderate,5525,Yes,No,Yes,Yes,Medium,5.3,Good,1
3245,42,Female,Non-anginal Pain,165,165,63,245,135,46,278,85,9.4,25.8,113,83,174,No,ST-T Abnormality,1.2,Downsloping,4,Fixed Defect,Current,Frequent,High,13872,No,No,No,No,Medium,5.9,Poor,0
3246,69,Male,Asymptomatic,149,149,68,254,120,39,253,91,6.8,33.3,114,77,137,Yes,ST-T Abnormality,1.6,Flat,4,Fixed Defect,Current,Never,Moderate,12644,No,No,No,No,High,8.9,Poor,1
3247,67,Female,Atypical Angina,100,100,107,249,150,35,260,176,8.1,29.4,112,63,144,No,ST-T Abnormality,1.2,Upsloping,0,Normal,Current,Frequent,Moderate,7976,No,No,Yes,Yes,Medium,8.1,Average,1
3248,88,Female,Asymptomatic,154,154,77,213,86,33,78,139,6.6,32.0,119,79,128,No,Normal,1.0,Flat,3,Reversible Defect,Current,Frequent,High,6798,Yes,Yes,No,Yes,High,5.1,Good,1
3249,48,Female,Typical Angina,136,136,96,265,140,37,212,87,7.1,35.3,103,83,164,No,Normal,0.7,Upsloping,0,Normal,Former,Frequent,High,14280,Yes,No,No,Yes,Low,6.0,Good,0
3250,35,Female,Asymptomatic,115,115,67,245,112,42,189,106,5.1,31.2,110,96,182,No,Normal,2.5,Flat,2,Reversible Defect,Former,Never,Low,3692,No,No,No,Yes,Low,8.2,Poor,0
3251,56,Female,Atypical Angina,108,108,90,337,171,65,223,155,5.3,34.1,72,96,159,No,ST-T Abnormality,2.9,Downsloping,2,Normal,Current,Frequent,Moderate,7531,No,No,Yes,Yes,High,5.4,Good,1
3252,84,Female,Asymptomatic,110,110,106,302,166,52,234,122,8.5,39.7,87,75,122,Yes,Normal,1.8,Upsloping,1,Fixed Defect,Never,Occasional,High,7835,No,No,Yes,Yes,Medium,6.2,Average,1
3253,31,Female,Atypical Angina,164,164,67,305,212,30,104,134,7.9,20.5,71,66,189,No,ST-T Abnormality,1.1,Flat,2,Normal,Never,Frequent,Moderate,14434,No,No,Yes,Yes,High,4.7,Good,1
3254,63,Female,Atypical Angina,135,135,81,278,178,55,125,148,5.6,30.9,80,64,143,No,Normal,2.1,Flat,3,Normal,Never,Never,Moderate,7776,Yes,Yes,Yes,Yes,High,8.0,Average,1
3255,79,Male,Asymptomatic,167,167,87,295,149,31,270,115,7.9,37.7,97,82,135,Yes,ST-T Abnormality,0.2,Downsloping,4,Normal,Former,Occasional,High,4631,Yes,No,Yes,No,Medium,7.7,Poor,1
3256,40,Male,Atypical Angina,143,143,88,244,105,71,117,127,8.4,39.9,72,70,175,No,Normal,1.0,Downsloping,1,Normal,Never,Never,Low,9784,Yes,No,No,No,High,6.6,Good,0
3257,26,Male,Non-anginal Pain,118,118,61,252,78,67,126,89,5.5,20.6,87,75,197,No,ST-T Abnormality,3.1,Downsloping,3,Reversible Defect,Former,Occasional,High,6023,Yes,No,No,Yes,Medium,7.9,Poor,0
3258,35,Female,Typical Angina,123,123,64,334,189,73,82,124,9.1,27.6,92,85,179,No,Normal,0.4,Flat,1,Fixed Defect,Current,Occasional,Moderate,13208,Yes,No,No,No,Medium,7.2,Poor,0
3259,75,Female,Atypical Angina,121,121,66,204,72,31,208,100,5.3,37.3,103,90,150,No,Normal,0.9,Upsloping,2,Reversible Defect,Current,Frequent,Moderate,8690,No,No,Yes,Yes,High,8.5,Good,1
3260,54,Male,Asymptomatic,114,114,60,280,135,66,267,142,7.9,19.7,121,94,161,No,LVH,0.5,Downsloping,4,Fixed Defect,Never,Frequent,Moderate,11670,No,Yes,Yes,No,Low,7.0,Poor,0
3261,51,Female,Asymptomatic,104,104,91,250,91,59,145,93,6.8,23.9,81,83,175,No,Normal,1.2,Upsloping,4,Normal,Current,Occasional,Moderate,11514,Yes,Yes,No,No,Medium,5.4,Average,1
3262,49,Male,Typical Angina,111,111,108,203,76,45,144,165,8.4,25.8,71,88,175,No,LVH,1.5,Upsloping,3,Reversible Defect,Current,Frequent,Low,4235,Yes,No,Yes,Yes,High,7.9,Poor,1
3263,26,Male,Atypical Angina,157,157,70,355,205,34,181,92,6.7,26.9,85,70,186,No,Normal,1.3,Flat,1,Fixed Defect,Never,Never,High,8016,Yes,No,No,No,Medium,5.9,Average,0
3264,27,Female,Non-anginal Pain,147,147,89,215,93,52,163,157,8.6,36.9,105,93,193,Yes,LVH,0.4,Upsloping,2,Reversible Defect,Never,Occasional,Low,13400,Yes,No,No,No,Medium,6.6,Poor,0
3265,73,Female,Typical Angina,134,134,85,195,70,45,122,97,5.5,22.2,110,60,153,No,ST-T Abnormality,0.7,Flat,1,Reversible Defect,Never,Never,Low,2801,Yes,No,Yes,Yes,Low,5.8,Average,0
3266,64,Female,Asymptomatic,151,151,68,336,200,78,249,92,7.4,30.3,102,68,162,No,LVH,1.9,Upsloping,4,Reversible Defect,Current,Frequent,Moderate,8457,Yes,Yes,No,No,High,8.0,Poor,1
3267,43,Female,Typical Angina,136,136,63,165,78,38,289,136,5.3,27.6,115,94,169,Yes,Normal,0.9,Downsloping,1,Normal,Former,Occasional,Low,6656,Yes,No,No,Yes,Low,8.0,Good,1
3268,32,Female,Atypical Angina,121,121,61,287,179,42,220,139,8.9,23.5,71,98,197,No,ST-T Abnormality,2.5,Upsloping,3,Fixed Defect,Current,Frequent,Moderate,7452,Yes,Yes,No,Yes,Low,5.0,Poor,1
3269,79,Male,Typical Angina,145,145,84,318,173,49,192,130,8.4,38.8,110,98,139,Yes,ST-T Abnormality,0.4,Flat,0,Normal,Former,Occasional,High,2527,Yes,Yes,No,No,Low,8.1,Good,1
3270,58,Male,Non-anginal Pain,104,104,63,293,151,47,151,80,5.8,26.8,78,87,169,No,Normal,0.5,Flat,0,Fixed Defect,Current,Frequent,Moderate,4937,No,Yes,No,Yes,Medium,6.4,Good,1
3271,59,Male,Typical Angina,129,129,110,310,141,78,88,147,9.1,32.9,88,89,154,Yes,ST-T Abnormality,0.0,Flat,1,Reversible Defect,Never,Frequent,Moderate,2030,Yes,Yes,Yes,No,Low,7.0,Poor,1
3272,39,Male,Typical Angina,122,122,109,211,79,45,72,176,8.9,35.1,98,92,182,No,Normal,0.5,Downsloping,1,Reversible Defect,Never,Never,High,7315,Yes,No,No,No,Medium,5.3,Poor,0
3273,55,Male,Non-anginal Pain,174,174,89,253,100,58,163,101,8.7,32.3,78,91,160,Yes,Normal,1.3,Flat,4,Reversible Defect,Former,Frequent,Low,9870,No,Yes,No,No,Medium,5.9,Good,1
3274,85,Male,Non-anginal Pain,166,166,74,183,72,62,187,102,6.8,18.1,121,66,129,Yes,ST-T Abnormality,0.0,Downsloping,4,Reversible Defect,Never,Occasional,Moderate,14743,No,No,Yes,No,Low,6.0,Poor,1
3275,42,Female,Non-anginal Pain,171,171,102,305,179,42,159,129,6.3,30.5,100,77,166,No,ST-T Abnormality,1.3,Downsloping,4,Normal,Former,Never,Low,10145,Yes,No,Yes,Yes,Medium,6.8,Good,1
3276,72,Male,Typical Angina,178,178,67,338,212,34,134,169,4.9,25.8,77,84,154,No,ST-T Abnormality,1.6,Upsloping,1,Fixed Defect,Never,Occasional,Moderate,10506,Yes,No,No,Yes,Medium,4.7,Average,0
3277,90,Male,Typical Angina,137,137,78,280,131,52,297,140,8.3,19.2,115,59,124,Yes,ST-T Abnormality,3.1,Upsloping,2,Fixed Defect,Never,Frequent,Low,2892,No,No,No,No,Medium,6.5,Poor,1
3278,37,Female,Non-anginal Pain,179,179,109,322,154,69,177,156,7.6,35.7,97,97,192,Yes,Normal,0.3,Flat,3,Fixed Defect,Former,Frequent,Low,10538,No,No,No,Yes,Low,5.0,Poor,1
3279,72,Female,Atypical Angina,133,133,102,268,162,63,258,118,8.3,37.7,122,63,146,No,ST-T Abnormality,2.0,Flat,3,Fixed Defect,Current,Occasional,Moderate,12236,Yes,Yes,No,No,High,6.5,Good,1
3280,41,Female,Non-anginal Pain,109,109,70,219,106,56,190,94,5.0,27.1,124,58,180,Yes,Normal,2.2,Upsloping,4,Fixed Defect,Never,Never,High,12036,Yes,No,No,Yes,Low,8.3,Average,1
3281,29,Male,Typical Angina,110,110,75,210,75,49,212,167,5.9,26.9,105,65,182,Yes,LVH,1.7,Upsloping,3,Normal,Never,Frequent,Moderate,8229,Yes,No,No,No,Low,8.5,Poor,0
3282,44,Female,Asymptomatic,133,133,94,227,102,63,206,103,9.5,28.9,128,89,179,Yes,LVH,0.7,Downsloping,2,Normal,Former,Occasional,Low,2317,Yes,No,Yes,Yes,High,6.7,Average,1
3283,90,Male,Asymptomatic,172,172,82,313,134,79,83,92,5.8,32.9,84,99,125,No,Normal,0.3,Upsloping,4,Normal,Former,Occasional,Low,12315,Yes,Yes,Yes,Yes,Low,5.8,Poor,1
3284,83,Male,Asymptomatic,139,139,93,322,128,79,288,108,6.3,35.5,79,71,145,No,LVH,2.9,Downsloping,4,Fixed Defect,Never,Never,High,3674,No,No,No,No,High,7.2,Average,0
3285,52,Female,Asymptomatic,155,155,106,339,178,73,267,124,8.3,22.5,74,93,165,Yes,Normal,0.8,Upsloping,3,Fixed Defect,Current,Frequent,High,4729,No,No,No,Yes,Medium,5.0,Good,1
3286,78,Female,Asymptomatic,155,155,102,337,177,53,192,169,8.6,34.6,129,94,130,No,LVH,0.7,Downsloping,2,Reversible Defect,Former,Frequent,Moderate,7586,Yes,Yes,Yes,Yes,Low,7.1,Average,1
3287,76,Female,Non-anginal Pain,142,142,89,216,85,56,252,128,6.6,34.5,126,100,153,Yes,Normal,1.8,Flat,4,Normal,Former,Never,Moderate,12322,No,No,No,No,Low,5.9,Good,0
3288,62,Female,Typical Angina,109,109,78,320,201,51,275,140,8.7,35.7,97,99,146,No,ST-T Abnormality,2.0,Upsloping,0,Fixed Defect,Never,Never,Moderate,8038,Yes,No,Yes,No,Low,5.6,Average,1
3289,61,Female,Non-anginal Pain,175,175,94,384,214,68,151,169,6.8,25.4,108,78,167,Yes,Normal,0.0,Upsloping,1,Normal,Never,Frequent,Low,5714,Yes,No,No,No,Low,8.3,Average,1
3290,29,Male,Typical Angina,167,167,86,230,96,62,140,147,6.5,25.9,102,56,188,Yes,ST-T Abnormality,2.1,Flat,2,Normal,Current,Frequent,Low,2647,Yes,No,No,Yes,High,8.2,Good,1
3291,38,Female,Asymptomatic,169,169,70,311,214,48,253,94,6.2,19.3,75,85,182,No,ST-T Abnormality,0.9,Flat,0,Fixed Defect,Never,Frequent,Low,3736,No,No,No,No,Medium,7.1,Good,0
3292,76,Female,Non-anginal Pain,109,109,77,239,89,59,234,178,5.1,28.1,107,86,154,No,LVH,0.6,Downsloping,3,Fixed Defect,Never,Never,Moderate,3610,Yes,No,No,No,Low,5.7,Average,0
3293,40,Female,Non-anginal Pain,100,100,65,204,114,46,277,147,8.9,32.6,77,63,189,Yes,ST-T Abnormality,0.0,Upsloping,2,Fixed Defect,Current,Occasional,Low,13296,Yes,No,No,Yes,High,5.1,Good,1
3294,51,Female,Atypical Angina,153,153,110,269,178,33,287,159,6.6,18.9,82,85,177,No,Normal,1.2,Flat,3,Reversible Defect,Former,Frequent,Moderate,8238,No,No,Yes,No,Low,8.5,Average,1
3295,56,Female,Atypical Angina,157,157,94,368,217,62,144,179,7.7,27.1,81,55,153,Yes,ST-T Abnormality,2.9,Flat,1,Fixed Defect,Never,Never,High,2971,Yes,No,No,Yes,High,8.9,Poor,1
3296,40,Female,Non-anginal Pain,175,175,83,367,214,72,145,137,6.8,24.7,111,61,172,No,Normal,1.0,Downsloping,1,Fixed Defect,Current,Never,Low,7521,No,Yes,No,Yes,Low,7.1,Good,1
3297,31,Male,Asymptomatic,130,130,96,252,138,65,102,142,6.8,25.5,74,98,195,No,LVH,0.2,Upsloping,4,Reversible Defect,Never,Occasional,Moderate,2569,Yes,No,No,Yes,Low,7.8,Good,0
3298,49,Male,Non-anginal Pain,173,173,110,314,187,57,134,171,8.8,31.9,72,62,167,No,LVH,0.0,Flat,0,Normal,Never,Frequent,Moderate,8530,No,No,Yes,No,High,7.2,Poor,0
3299,35,Female,Non-anginal Pain,165,165,68,301,137,58,145,105,7.7,39.9,97,74,187,No,LVH,2.1,Flat,3,Fixed Defect,Current,Frequent,Moderate,3779,No,No,No,Yes,High,4.8,Poor,1
3300,56,Male,Typical Angina,114,114,76,349,216,51,276,160,9.3,36.5,101,79,169,Yes,Normal,0.0,Downsloping,0,Reversible Defect,Never,Never,Low,4425,No,No,No,No,Medium,6.2,Poor,0
3301,77,Female,Typical Angina,124,124,85,243,94,74,231,134,6.7,23.4,130,82,132,No,LVH,1.1,Flat,4,Reversible Defect,Current,Occasional,Moderate,2761,Yes,No,No,No,Low,7.8,Good,1
3302,54,Male,Asymptomatic,167,167,93,267,155,40,128,91,6.2,20.7,106,100,175,No,Normal,3.4,Downsloping,0,Fixed Defect,Current,Never,Low,8381,No,Yes,No,Yes,Low,8.6,Poor,1
3303,63,Male,Non-anginal Pain,171,171,102,231,118,39,117,153,9.1,30.5,104,99,147,No,LVH,0.7,Flat,2,Fixed Defect,Former,Occasional,Moderate,4088,No,No,Yes,Yes,High,8.0,Poor,1
3304,87,Male,Typical Angina,141,141,64,305,157,38,214,171,8.3,29.4,123,99,119,Yes,ST-T Abnormality,0.0,Upsloping,1,Normal,Former,Occasional,Moderate,14261,Yes,No,Yes,No,High,8.8,Good,1
3305,49,Female,Atypical Angina,159,159,96,291,114,76,106,129,5.2,23.3,100,60,175,No,ST-T Abnormality,1.9,Flat,4,Fixed Defect,Former,Occasional,Moderate,10761,No,No,No,No,Medium,7.0,Average,0
3306,74,Female,Typical Angina,178,178,62,282,160,64,259,118,7.8,36.0,120,94,136,No,LVH,0.1,Upsloping,3,Normal,Current,Never,Low,9582,Yes,No,Yes,No,High,7.9,Average,1
3307,35,Female,Asymptomatic,173,173,96,161,78,37,216,157,9.4,32.6,112,90,174,No,Normal,0.0,Flat,2,Reversible Defect,Former,Never,Moderate,9689,Yes,No,No,No,High,7.6,Poor,0
3308,59,Female,Typical Angina,152,152,80,350,201,33,244,129,8.7,25.6,102,76,153,Yes,ST-T Abnormality,2.0,Upsloping,1,Fixed Defect,Never,Never,Moderate,7718,No,No,Yes,No,Low,4.5,Good,1
3309,84,Male,Non-anginal Pain,177,177,94,306,170,68,203,171,7.2,32.3,80,63,144,No,ST-T Abnormality,2.7,Upsloping,4,Reversible Defect,Never,Frequent,Moderate,9220,Yes,No,Yes,Yes,High,5.6,Poor,1
3310,28,Female,Atypical Angina,160,160,85,242,142,40,276,115,6.1,36.3,84,93,200,No,Normal,2.6,Flat,3,Reversible Defect,Current,Frequent,High,7629,No,No,No,No,Medium,7.5,Good,1
3311,41,Female,Non-anginal Pain,105,105,75,240,104,42,197,108,8.7,39.9,108,61,176,No,LVH,0.1,Upsloping,2,Reversible Defect,Current,Never,Low,14349,No,No,No,Yes,High,6.7,Good,0
3312,84,Male,Atypical Angina,166,166,67,213,115,43,229,92,8.1,29.2,113,59,138,Yes,LVH,1.1,Downsloping,3,Fixed Defect,Never,Occasional,Low,14338,No,No,No,Yes,Low,6.3,Average,1
3313,27,Female,Atypical Angina,166,166,85,297,177,43,83,104,4.9,39.2,103,76,195,No,ST-T Abnormality,0.8,Downsloping,1,Normal,Current,Frequent,High,11076,No,No,No,Yes,Medium,8.7,Average,1
3314,80,Male,Typical Angina,111,111,68,230,114,45,72,151,7.4,21.4,120,65,136,No,ST-T Abnormality,0.0,Downsloping,0,Normal,Current,Never,High,7035,No,Yes,Yes,No,High,7.3,Poor,1
3315,84,Female,Typical Angina,140,140,97,288,170,50,151,100,8.9,22.3,118,80,129,No,LVH,0.8,Flat,1,Fixed Defect,Current,Occasional,Moderate,8243,No,No,No,No,Medium,4.6,Poor,1
3316,26,Male,Non-anginal Pain,128,128,99,242,77,70,84,109,9.3,18.6,84,63,196,No,LVH,0.0,Upsloping,4,Reversible Defect,Current,Never,Moderate,9760,No,No,No,No,Low,7.0,Average,0
3317,46,Female,Asymptomatic,132,132,86,324,154,64,130,128,7.2,19.9,73,92,162,Yes,ST-T Abnormality,2.0,Upsloping,2,Fixed Defect,Never,Occasional,Moderate,9379,No,No,No,Yes,Medium,4.7,Good,0
3318,61,Female,Typical Angina,151,151,87,245,105,77,244,139,6.8,21.3,76,71,164,No,LVH,1.6,Downsloping,2,Normal,Never,Occasional,Moderate,8801,Yes,No,Yes,No,Low,5.9,Average,0
3319,25,Female,Atypical Angina,127,127,79,350,174,56,111,142,8.3,30.7,83,66,188,No,ST-T Abnormality,1.4,Upsloping,4,Normal,Former,Frequent,Moderate,3355,Yes,Yes,No,Yes,High,6.3,Average,1
3320,70,Female,Asymptomatic,108,108,109,240,122,71,155,90,5.4,35.9,129,60,154,No,LVH,1.9,Flat,1,Reversible Defect,Current,Never,Low,6547,Yes,No,No,No,Medium,5.0,Good,1
3321,76,Male,Atypical Angina,180,180,96,296,159,76,194,110,5.8,31.4,115,84,153,No,Normal,1.0,Upsloping,3,Reversible Defect,Never,Frequent,High,9790,No,Yes,Yes,Yes,Low,8.8,Poor,1
3322,37,Male,Non-anginal Pain,130,130,95,272,109,58,128,140,6.7,23.0,77,60,180,No,ST-T Abnormality,1.6,Upsloping,2,Reversible Defect,Current,Frequent,High,2897,Yes,No,No,Yes,Medium,5.9,Poor,0
3323,71,Female,Non-anginal Pain,112,112,63,315,184,53,174,128,6.9,19.7,76,92,149,No,Normal,0.2,Flat,2,Reversible Defect,Never,Occasional,Low,6379,Yes,No,No,No,High,8.1,Average,1
3324,43,Male,Atypical Angina,132,132,104,381,216,61,246,118,5.5,33.7,111,98,171,Yes,LVH,1.5,Upsloping,4,Normal,Former,Never,High,12723,Yes,No,No,No,Low,7.1,Good,1
3325,52,Male,Non-anginal Pain,140,140,60,226,121,37,76,163,9.2,29.1,82,69,167,No,LVH,1.2,Flat,4,Reversible Defect,Current,Frequent,High,8644,Yes,No,No,Yes,Medium,8.4,Average,0
3326,62,Male,Atypical Angina,126,126,85,278,95,76,244,86,6.0,31.1,125,85,159,No,LVH,1.9,Flat,1,Fixed Defect,Current,Occasional,Moderate,14623,Yes,No,No,Yes,High,6.7,Good,0
3327,26,Female,Typical Angina,155,155,99,238,118,79,168,137,9.1,28.3,73,56,179,Yes,LVH,1.1,Upsloping,2,Fixed Defect,Former,Frequent,Low,3951,Yes,No,Yes,Yes,Low,7.0,Good,1
3328,27,Male,Asymptomatic,106,106,95,306,133,62,113,157,5.5,32.5,77,98,190,Yes,LVH,0.3,Upsloping,3,Reversible Defect,Never,Never,High,4921,No,No,Yes,No,Medium,6.1,Average,1
3329,53,Male,Typical Angina,138,138,85,330,199,61,287,123,9.0,28.4,78,89,155,No,Normal,2.3,Downsloping,1,Fixed Defect,Former,Occasional,High,11274,No,Yes,No,Yes,High,6.4,Poor,1
3330,51,Male,Atypical Angina,166,166,96,321,186,76,100,95,8.6,35.0,117,78,160,No,ST-T Abnormality,0.0,Downsloping,2,Fixed Defect,Never,Occasional,High,3967,No,No,No,Yes,Medium,8.5,Good,0
3331,37,Male,Typical Angina,117,117,96,265,135,32,71,84,9.0,21.4,101,72,176,No,LVH,1.7,Upsloping,4,Fixed Defect,Current,Frequent,Moderate,10017,Yes,Yes,No,No,Medium,5.6,Poor,1
3332,89,Female,Non-anginal Pain,122,122,61,251,143,45,79,149,8.6,20.2,85,67,136,No,ST-T Abnormality,0.8,Upsloping,2,Reversible Defect,Never,Occasional,Moderate,13593,No,No,No,No,High,5.6,Poor,0
3333,65,Male,Asymptomatic,160,160,98,256,130,31,127,164,5.1,36.4,117,60,140,Yes,ST-T Abnormality,0.0,Flat,2,Fixed Defect,Never,Never,Low,4709,No,No,Yes,Yes,Medium,7.6,Poor,1
3334,51,Female,Atypical Angina,161,161,97,368,194,72,209,168,6.2,29.1,103,70,174,No,LVH,0.3,Downsloping,0,Reversible Defect,Never,Occasional,High,8772,No,No,No,No,Medium,5.1,Average,0
3335,78,Female,Asymptomatic,109,109,60,217,90,60,259,106,5.1,35.9,78,75,147,No,Normal,1.2,Flat,1,Normal,Never,Frequent,Low,13185,Yes,Yes,No,No,Medium,8.4,Average,0
3336,78,Female,Asymptomatic,124,124,61,357,185,70,184,160,5.3,36.0,83,94,141,No,LVH,0.3,Downsloping,4,Reversible Defect,Current,Occasional,Moderate,11248,Yes,No,Yes,No,Low,5.9,Good,1
3337,35,Male,Asymptomatic,177,177,91,238,137,34,268,118,7.6,19.2,120,74,182,No,ST-T Abnormality,0.0,Downsloping,2,Fixed Defect,Never,Occasional,Low,4668,Yes,No,No,No,Low,7.9,Good,0
3338,78,Male,Asymptomatic,119,119,60,312,213,35,107,129,6.4,20.3,97,96,149,No,ST-T Abnormality,0.0,Downsloping,3,Normal,Never,Never,High,8667,No,No,Yes,Yes,High,6.3,Good,1
3339,82,Male,Typical Angina,148,148,109,200,79,58,222,133,6.0,21.5,101,74,144,No,Normal,0.3,Flat,3,Fixed Defect,Former,Never,Low,7716,No,No,Yes,Yes,Medium,6.5,Good,0
3340,64,Male,Atypical Angina,158,158,62,339,203,35,123,136,5.7,25.2,121,93,151,No,Normal,1.3,Flat,1,Normal,Never,Occasional,Moderate,14757,Yes,No,No,Yes,High,7.7,Average,0
3341,63,Female,Asymptomatic,155,155,95,296,202,42,267,80,9.4,33.2,102,64,146,No,ST-T Abnormality,0.0,Downsloping,1,Reversible Defect,Former,Occasional,Low,2680,Yes,Yes,Yes,Yes,High,7.8,Average,1
3342,31,Male,Typical Angina,162,162,76,295,191,47,167,175,8.1,38.8,114,73,183,No,LVH,0.6,Upsloping,4,Reversible Defect,Current,Occasional,Low,10207,No,Yes,No,Yes,Medium,5.3,Average,1
3343,27,Female,Typical Angina,112,112,61,313,159,60,224,80,6.6,19.7,108,90,198,No,ST-T Abnormality,0.4,Flat,4,Fixed Defect,Current,Occasional,Moderate,12754,No,No,No,Yes,Low,5.9,Average,0
3344,48,Female,Atypical Angina,117,117,81,227,83,50,231,129,9.1,19.7,80,57,169,No,ST-T Abnormality,1.1,Flat,0,Normal,Never,Frequent,High,8261,Yes,No,No,No,High,5.4,Poor,0
3345,41,Male,Typical Angina,151,151,99,289,135,61,277,139,8.8,35.8,121,96,181,No,Normal,0.7,Upsloping,3,Reversible Defect,Current,Frequent,Low,2767,No,No,No,Yes,Low,8.4,Average,1
3346,49,Male,Non-anginal Pain,147,147,80,275,116,75,195,143,6.8,23.6,97,61,163,No,ST-T Abnormality,0.9,Downsloping,3,Reversible Defect,Current,Never,Moderate,14701,No,Yes,Yes,Yes,High,8.3,Poor,1
3347,27,Male,Non-anginal Pain,126,126,85,321,164,63,250,146,8.6,37.9,108,70,180,No,Normal,0.0,Flat,0,Fixed Defect,Current,Frequent,Low,14612,No,No,Yes,Yes,Medium,6.2,Average,1
3348,60,Female,Non-anginal Pain,115,115,79,363,174,72,108,142,5.8,28.3,88,87,149,Yes,ST-T Abnormality,1.6,Upsloping,0,Reversible Defect,Current,Frequent,High,7939,No,No,No,Yes,Medium,5.5,Good,1
3349,62,Female,Asymptomatic,148,148,101,300,108,73,223,174,7.7,37.3,85,58,154,Yes,ST-T Abnormality,0.7,Flat,3,Reversible Defect,Never,Occasional,Moderate,13301,Yes,No,Yes,Yes,High,5.8,Average,1
3350,64,Male,Typical Angina,146,146,71,235,128,59,275,134,5.5,24.0,123,100,151,Yes,ST-T Abnormality,2.2,Flat,0,Normal,Current,Frequent,Moderate,9549,Yes,No,No,Yes,High,5.6,Good,1
3351,76,Female,Typical Angina,160,160,107,275,177,51,71,134,7.2,36.3,112,68,147,Yes,Normal,1.2,Flat,2,Normal,Never,Never,Moderate,4896,Yes,No,No,Yes,Low,4.6,Poor,1
3352,79,Male,Non-anginal Pain,129,129,104,279,154,55,80,162,9.4,21.5,112,78,145,No,ST-T Abnormality,1.4,Upsloping,4,Reversible Defect,Never,Frequent,Moderate,10826,No,No,Yes,No,Medium,5.1,Poor,0
3353,80,Female,Non-anginal Pain,142,142,80,257,94,66,267,161,6.8,36.3,107,75,130,No,Normal,0.5,Flat,0,Reversible Defect,Never,Occasional,Moderate,7722,Yes,Yes,No,No,Low,6.3,Average,1
3354,31,Female,Typical Angina,131,131,60,273,170,54,221,120,6.6,22.4,101,69,199,No,Normal,0.0,Upsloping,0,Reversible Defect,Former,Frequent,Moderate,6567,Yes,No,No,Yes,Medium,6.7,Good,0
3355,50,Male,Atypical Angina,137,137,102,321,157,77,221,114,5.8,26.4,104,67,164,Yes,Normal,0.3,Upsloping,4,Normal,Current,Occasional,Low,3570,Yes,No,Yes,No,High,8.2,Poor,1
3356,67,Female,Atypical Angina,109,109,72,256,150,62,219,150,6.0,22.0,71,63,151,No,LVH,0.8,Flat,3,Reversible Defect,Current,Occasional,Moderate,10666,No,No,No,No,Low,8.5,Poor,0
3357,47,Female,Atypical Angina,123,123,82,264,120,54,186,167,6.0,26.2,111,74,167,No,LVH,1.3,Flat,0,Normal,Current,Occasional,Moderate,3534,No,Yes,No,No,High,8.3,Poor,0
3358,27,Female,Non-anginal Pain,167,167,109,291,128,43,238,172,7.6,29.0,82,60,194,No,LVH,1.1,Downsloping,1,Normal,Current,Occasional,Moderate,14022,Yes,No,No,Yes,Medium,8.8,Poor,0
3359,57,Male,Atypical Angina,173,173,69,237,151,43,261,160,7.9,25.7,127,65,160,No,LVH,0.0,Downsloping,4,Normal,Former,Occasional,Moderate,6671,Yes,No,No,Yes,High,7.2,Average,0
3360,68,Female,Atypical Angina,114,114,70,371,213,78,272,122,7.8,31.3,87,64,157,No,ST-T Abnormality,2.9,Upsloping,2,Normal,Never,Occasional,Low,9094,Yes,No,Yes,No,Low,8.1,Poor,1
3361,59,Female,Asymptomatic,123,123,92,347,198,47,132,160,7.7,29.1,77,92,159,Yes,Normal,0.7,Downsloping,0,Fixed Defect,Former,Never,Moderate,9869,No,No,Yes,Yes,Medium,5.4,Good,1
3362,38,Female,Typical Angina,156,156,81,241,91,59,77,96,7.1,18.7,126,99,190,No,ST-T Abnormality,1.1,Downsloping,3,Reversible Defect,Never,Frequent,Moderate,7579,Yes,No,No,Yes,High,7.2,Poor,0
3363,50,Male,Typical Angina,114,114,68,347,186,68,229,104,5.5,35.1,87,55,155,No,Normal,0.3,Downsloping,3,Normal,Current,Frequent,Low,10875,No,No,No,Yes,High,6.6,Good,1
3364,31,Male,Non-anginal Pain,131,131,77,257,117,77,125,149,5.0,28.9,122,66,178,No,ST-T Abnormality,1.3,Upsloping,2,Reversible Defect,Never,Frequent,High,4301,Yes,No,No,No,Medium,7.6,Average,0
3365,38,Female,Non-anginal Pain,122,122,66,284,179,33,213,135,5.3,27.5,79,85,188,No,ST-T Abnormality,0.9,Upsloping,0,Normal,Former,Frequent,Low,13748,Yes,No,No,No,Low,6.4,Average,0
3366,34,Female,Non-anginal Pain,177,177,63,387,202,71,216,117,7.8,38.8,95,91,184,No,LVH,3.0,Flat,4,Normal,Current,Frequent,Low,4549,No,No,No,Yes,Medium,7.0,Poor,1
3367,81,Male,Non-anginal Pain,106,106,105,335,185,77,120,159,4.9,37.3,77,85,127,No,ST-T Abnormality,0.9,Downsloping,0,Reversible Defect,Never,Occasional,Low,5140,No,No,No,No,Low,8.1,Good,0
3368,28,Female,Typical Angina,105,105,93,280,165,30,180,126,5.0,19.0,110,81,177,No,LVH,1.0,Downsloping,0,Normal,Never,Frequent,High,13106,Yes,Yes,No,No,Low,5.9,Average,0
3369,46,Male,Non-anginal Pain,142,142,108,301,168,39,234,102,4.8,38.7,98,69,178,No,ST-T Abnormality,0.5,Flat,4,Normal,Never,Occasional,Low,7682,Yes,No,Yes,Yes,Medium,7.8,Good,1
3370,56,Male,Atypical Angina,118,118,95,256,80,78,209,148,7.7,35.1,90,76,161,Yes,Normal,1.5,Downsloping,3,Reversible Defect,Never,Never,Moderate,10973,Yes,Yes,Yes,No,Low,9.0,Average,1
3371,39,Male,Non-anginal Pain,111,111,100,176,73,49,184,81,5.6,30.6,105,78,175,No,LVH,1.6,Upsloping,4,Fixed Defect,Current,Frequent,Low,3914,No,No,No,No,Low,6.0,Poor,1
3372,90,Female,Typical Angina,153,153,84,307,202,34,237,180,8.0,38.5,79,81,138,No,ST-T Abnormality,1.6,Flat,4,Reversible Defect,Never,Occasional,Moderate,7322,Yes,No,No,Yes,Low,8.3,Poor,1
3373,38,Female,Asymptomatic,155,155,92,205,77,47,229,94,6.2,26.1,116,71,177,No,Normal,0.0,Downsloping,1,Reversible Defect,Never,Never,Low,9479,Yes,No,Yes,Yes,Medium,8.1,Average,0
3374,76,Female,Atypical Angina,121,121,72,201,84,64,169,117,7.8,25.0,75,72,137,No,LVH,1.7,Upsloping,1,Reversible Defect,Never,Occasional,Low,7333,Yes,No,No,No,High,8.5,Average,0
3375,25,Male,Atypical Angina,125,125,61,189,98,44,156,81,9.3,28.4,86,70,180,No,ST-T Abnormality,2.1,Upsloping,0,Reversible Defect,Never,Never,High,12805,No,No,No,No,Medium,4.6,Poor,0
3376,45,Male,Non-anginal Pain,146,146,99,314,162,36,90,106,8.7,23.2,104,69,179,No,ST-T Abnormality,2.3,Upsloping,1,Reversible Defect,Former,Frequent,Low,9387,No,Yes,No,No,Medium,7.0,Good,1
3377,49,Female,Atypical Angina,131,131,96,193,79,50,181,131,6.4,28.4,123,92,161,Yes,LVH,0.7,Upsloping,4,Fixed Defect,Never,Never,High,2733,Yes,Yes,Yes,Yes,Medium,5.4,Good,1
3378,34,Female,Asymptomatic,128,128,65,264,118,41,144,140,5.5,28.8,122,60,194,No,LVH,0.3,Downsloping,1,Fixed Defect,Current,Occasional,Low,13489,No,No,No,No,High,7.1,Good,0
3379,62,Female,Asymptomatic,113,113,60,230,106,31,230,164,5.3,33.4,117,66,152,No,ST-T Abnormality,1.0,Downsloping,0,Reversible Defect,Current,Never,High,3886,Yes,Yes,No,Yes,Low,6.3,Poor,1
3380,47,Female,Typical Angina,116,116,81,211,91,73,169,84,8.0,34.1,114,66,168,Yes,Normal,2.2,Flat,3,Reversible Defect,Never,Never,Moderate,6101,No,No,No,No,Medium,4.9,Average,1
3381,90,Male,Asymptomatic,125,125,61,300,189,42,139,139,6.1,23.0,94,83,126,No,ST-T Abnormality,0.3,Upsloping,2,Normal,Current,Never,Low,2244,No,Yes,No,No,High,5.9,Poor,1
3382,41,Male,Non-anginal Pain,107,107,102,238,135,55,82,110,5.9,21.4,101,81,189,No,ST-T Abnormality,1.4,Downsloping,0,Reversible Defect,Never,Never,High,4233,Yes,No,No,No,High,8.1,Good,0
3383,38,Male,Asymptomatic,101,101,85,358,165,75,185,167,7.5,18.2,75,66,191,No,ST-T Abnormality,3.1,Upsloping,4,Reversible Defect,Current,Never,Moderate,8591,No,No,Yes,No,Medium,7.8,Average,1
3384,81,Female,Asymptomatic,111,111,91,294,166,32,119,155,9.2,24.7,81,65,126,Yes,ST-T Abnormality,0.0,Downsloping,3,Fixed Defect,Never,Occasional,Moderate,12746,Yes,No,No,Yes,Medium,4.7,Average,1
3385,61,Female,Atypical Angina,113,113,66,344,216,54,175,85,7.0,19.7,106,85,154,No,LVH,1.0,Upsloping,0,Normal,Never,Never,Low,2927,Yes,Yes,No,Yes,Low,7.8,Good,1
3386,52,Female,Non-anginal Pain,151,151,68,337,207,44,155,115,5.1,18.9,130,95,177,No,Normal,2.0,Flat,4,Fixed Defect,Never,Frequent,Low,13713,No,No,Yes,Yes,Low,4.7,Poor,1
3387,39,Male,Typical Angina,139,139,84,190,75,68,163,130,7.5,21.2,100,79,169,No,Normal,2.2,Downsloping,1,Fixed Defect,Never,Frequent,Low,3159,No,No,Yes,Yes,Medium,6.7,Good,0
3388,41,Male,Asymptomatic,151,151,67,246,153,32,88,174,8.7,24.0,89,97,178,No,ST-T Abnormality,2.1,Upsloping,0,Fixed Defect,Never,Occasional,Moderate,12287,Yes,No,No,Yes,Medium,8.6,Good,0
3389,78,Female,Asymptomatic,171,171,87,331,192,43,224,159,6.6,36.3,106,97,147,No,Normal,1.0,Upsloping,0,Fixed Defect,Former,Frequent,Moderate,4824,Yes,No,No,Yes,Medium,4.6,Poor,0
3390,72,Female,Asymptomatic,114,114,60,287,186,45,185,180,6.2,21.6,111,98,134,No,ST-T Abnormality,0.7,Flat,1,Normal,Current,Occasional,Moderate,8979,No,Yes,Yes,Yes,Medium,6.8,Average,1
3391,32,Female,Non-anginal Pain,170,170,95,287,169,49,141,114,5.4,20.9,99,83,174,Yes,Normal,1.0,Upsloping,1,Normal,Never,Never,Moderate,13965,Yes,No,Yes,Yes,Medium,8.6,Poor,0
3392,25,Female,Typical Angina,138,138,98,211,118,51,160,100,6.9,38.8,83,77,199,No,LVH,2.1,Downsloping,2,Normal,Current,Never,Moderate,5274,No,No,No,Yes,Low,6.2,Poor,1
3393,76,Male,Non-anginal Pain,110,110,69,274,117,48,175,96,8.6,30.7,102,58,154,No,LVH,0.0,Downsloping,1,Reversible Defect,Never,Never,High,2286,No,Yes,No,Yes,Low,4.6,Good,0
3394,37,Female,Typical Angina,163,163,107,269,118,36,194,151,8.3,26.6,79,60,169,Yes,Normal,3.1,Downsloping,3,Fixed Defect,Never,Occasional,Moderate,6860,No,No,No,No,High,6.8,Average,1
3395,73,Female,Asymptomatic,101,101,97,286,141,46,143,94,5.0,24.9,94,72,148,No,Normal,0.9,Downsloping,3,Normal,Current,Never,High,10403,No,No,No,Yes,High,5.1,Poor,1
3396,29,Male,Atypical Angina,108,108,92,299,147,38,132,154,5.3,34.1,102,74,189,No,Normal,1.2,Flat,1,Reversible Defect,Former,Occasional,Moderate,12986,Yes,No,No,No,High,4.7,Average,0
3397,72,Male,Non-anginal Pain,157,157,94,255,125,36,131,88,8.3,24.5,98,95,147,Yes,LVH,2.0,Flat,2,Fixed Defect,Never,Never,Moderate,5674,No,Yes,No,Yes,High,4.5,Poor,1
3398,88,Male,Typical Angina,158,158,62,258,99,52,247,166,8.5,36.0,108,84,123,Yes,LVH,3.1,Upsloping,2,Reversible Defect,Never,Frequent,Moderate,3222,Yes,No,No,No,Low,5.9,Good,1
3399,37,Female,Atypical Angina,108,108,77,347,207,34,186,92,8.2,38.4,107,92,181,No,ST-T Abnormality,0.5,Downsloping,2,Fixed Defect,Never,Never,High,5758,Yes,No,No,No,Low,8.1,Poor,1
3400,40,Male,Atypical Angina,132,132,61,296,141,64,85,168,8.3,39.8,130,64,185,No,LVH,1.6,Upsloping,2,Normal,Former,Frequent,High,6957,No,No,No,Yes,High,6.5,Good,0
3401,53,Female,Typical Angina,168,168,100,256,131,70,213,86,7.5,22.2,104,72,175,No,ST-T Abnormality,0.9,Flat,3,Reversible Defect,Current,Frequent,Low,7770,No,No,No,Yes,Medium,8.0,Poor,0
3402,49,Female,Atypical Angina,140,140,101,314,181,37,243,159,9.4,32.2,129,75,168,No,Normal,1.1,Flat,3,Normal,Never,Frequent,High,2522,No,No,No,Yes,High,8.5,Average,0
3403,53,Female,Asymptomatic,169,169,81,302,186,76,203,151,9.1,29.4,83,73,154,Yes,Normal,2.0,Upsloping,2,Reversible Defect,Never,Frequent,High,7522,Yes,No,Yes,No,High,8.1,Average,1
3404,49,Female,Atypical Angina,176,176,89,329,157,72,213,177,6.7,22.2,73,90,169,No,Normal,0.9,Flat,0,Normal,Former,Frequent,Moderate,4742,Yes,Yes,No,No,Medium,5.1,Average,0
3405,76,Female,Atypical Angina,163,163,102,164,70,45,87,133,8.3,28.4,106,64,151,No,ST-T Abnormality,0.0,Upsloping,2,Reversible Defect,Current,Occasional,Moderate,9102,Yes,Yes,Yes,Yes,Low,7.3,Poor,1
3406,49,Male,Asymptomatic,143,143,104,258,78,62,293,95,8.9,27.5,83,76,164,No,ST-T Abnormality,1.9,Downsloping,1,Fixed Defect,Never,Frequent,Low,6453,No,No,Yes,Yes,Medium,6.7,Good,0
3407,86,Male,Asymptomatic,117,117,104,225,105,66,77,112,5.8,24.3,123,62,137,No,Normal,0.7,Downsloping,4,Normal,Former,Frequent,High,6347,No,No,Yes,Yes,Low,8.1,Good,0
3408,80,Female,Non-anginal Pain,132,132,62,335,164,67,249,101,6.2,27.5,116,99,135,Yes,ST-T Abnormality,0.0,Downsloping,3,Normal,Current,Frequent,High,11965,No,No,Yes,Yes,Low,4.5,Average,1
3409,48,Female,Typical Angina,114,114,72,315,156,64,117,144,8.5,26.8,70,72,168,No,Normal,1.5,Flat,0,Normal,Former,Occasional,Low,3992,Yes,No,Yes,No,Medium,5.3,Good,0
3410,25,Female,Typical Angina,140,140,106,240,73,55,75,91,5.6,28.2,127,74,185,Yes,LVH,0.4,Flat,1,Normal,Never,Never,Low,11021,Yes,No,No,Yes,Medium,8.2,Good,0
3411,81,Male,Typical Angina,112,112,85,321,188,66,201,91,9.4,18.8,127,80,142,No,ST-T Abnormality,1.7,Flat,0,Reversible Defect,Former,Frequent,High,11183,No,Yes,Yes,Yes,Medium,5.1,Average,1
3412,89,Male,Asymptomatic,126,126,93,198,88,38,225,106,5.3,33.9,71,85,116,Yes,Normal,0.0,Flat,3,Reversible Defect,Current,Occasional,High,11978,Yes,Yes,No,Yes,High,5.4,Average,1
3413,46,Female,Typical Angina,138,138,68,334,180,39,113,83,6.3,24.6,129,57,176,No,ST-T Abnormality,0.5,Flat,0,Reversible Defect,Never,Frequent,Moderate,12474,No,No,Yes,Yes,Medium,8.5,Good,0
3414,72,Female,Non-anginal Pain,115,115,85,303,175,46,99,146,4.8,19.6,121,86,141,No,LVH,1.2,Flat,0,Normal,Never,Never,Moderate,5584,Yes,Yes,No,No,Low,7.5,Good,0
3415,29,Female,Atypical Angina,119,119,71,278,111,60,79,154,9.2,21.6,99,65,195,No,LVH,1.5,Upsloping,1,Reversible Defect,Former,Never,Moderate,13600,Yes,No,No,No,High,7.9,Poor,0
3416,38,Male,Typical Angina,117,117,72,310,176,76,74,129,6.8,22.4,109,92,176,No,ST-T Abnormality,1.9,Upsloping,3,Reversible Defect,Never,Occasional,Moderate,12376,Yes,No,No,No,Low,5.3,Good,0
3417,49,Female,Non-anginal Pain,161,161,81,245,109,40,218,105,6.0,34.0,108,88,165,No,ST-T Abnormality,0.4,Upsloping,3,Normal,Former,Never,High,10546,No,Yes,No,Yes,Medium,7.9,Average,1
3418,71,Female,Asymptomatic,107,107,94,315,192,67,97,168,5.5,25.5,77,94,136,No,Normal,1.4,Flat,2,Fixed Defect,Never,Occasional,High,11358,Yes,No,No,Yes,Medium,6.4,Poor,0
3419,85,Male,Typical Angina,145,145,103,211,70,46,188,120,5.9,20.0,123,65,140,No,LVH,0.3,Downsloping,4,Fixed Defect,Current,Frequent,Low,4759,No,Yes,Yes,Yes,High,8.8,Good,1
3420,41,Male,Non-anginal Pain,173,173,95,233,98,62,279,141,8.7,23.1,73,69,180,Yes,LVH,0.4,Upsloping,2,Fixed Defect,Never,Occasional,Low,7178,Yes,No,Yes,No,Low,5.5,Average,1
3421,85,Female,Atypical Angina,153,153,66,276,106,70,140,168,8.5,34.5,85,98,138,No,LVH,1.9,Upsloping,3,Reversible Defect,Never,Frequent,Moderate,10200,Yes,No,Yes,No,High,7.2,Good,1
3422,71,Female,Non-anginal Pain,170,170,108,256,97,79,199,86,9.0,25.7,72,86,139,No,ST-T Abnormality,0.0,Flat,0,Reversible Defect,Never,Frequent,High,13930,Yes,No,Yes,No,High,5.7,Good,0
3423,54,Male,Atypical Angina,137,137,62,310,146,55,137,143,8.6,22.3,127,87,154,No,ST-T Abnormality,1.2,Downsloping,2,Reversible Defect,Current,Occasional,Moderate,11275,No,No,Yes,Yes,Medium,6.8,Average,0
3424,44,Female,Atypical Angina,114,114,77,268,99,73,220,126,6.0,25.1,110,85,181,No,LVH,1.3,Downsloping,1,Reversible Defect,Former,Frequent,Low,5977,No,No,No,Yes,Low,6.3,Poor,0
3425,80,Female,Non-anginal Pain,143,143,83,265,125,78,162,144,8.3,28.3,116,71,132,No,ST-T Abnormality,1.2,Upsloping,4,Normal,Current,Frequent,Moderate,3263,Yes,Yes,Yes,No,Medium,6.5,Poor,1
3426,57,Male,Atypical Angina,138,138,80,201,72,34,263,157,8.7,36.0,74,65,150,No,Normal,1.7,Upsloping,2,Fixed Defect,Never,Frequent,Moderate,14245,Yes,No,Yes,No,High,5.8,Average,0
3427,61,Female,Typical Angina,158,158,83,352,185,74,269,94,6.3,30.5,108,63,168,Yes,LVH,0.7,Upsloping,2,Fixed Defect,Never,Occasional,Low,7024,Yes,Yes,Yes,No,Low,4.6,Good,1
3428,73,Female,Asymptomatic,170,170,102,277,134,57,180,144,6.3,21.4,75,86,141,No,LVH,2.5,Upsloping,2,Reversible Defect,Never,Never,Moderate,11720,No,Yes,Yes,Yes,Low,6.6,Poor,1
3429,39,Male,Typical Angina,114,114,86,224,71,78,199,135,5.9,31.3,106,93,172,Yes,ST-T Abnormality,2.8,Flat,3,Reversible Defect,Former,Occasional,Low,7400,No,No,No,Yes,Low,8.2,Average,1
3430,61,Male,Typical Angina,162,162,71,290,100,70,147,145,9.5,26.4,125,64,165,No,ST-T Abnormality,0.7,Downsloping,1,Normal,Current,Frequent,High,10228,No,No,No,Yes,Medium,7.3,Poor,0
3431,38,Female,Atypical Angina,109,109,84,203,72,71,140,164,9.1,30.8,79,71,170,No,LVH,0.0,Downsloping,0,Fixed Defect,Former,Never,High,6945,Yes,No,No,Yes,Low,7.1,Average,0
3432,53,Male,Typical Angina,162,162,93,229,102,43,85,103,8.5,21.6,93,59,168,No,LVH,1.9,Flat,4,Normal,Current,Occasional,Low,10440,Yes,No,No,No,High,7.3,Poor,0
3433,60,Male,Atypical Angina,164,164,61,284,159,55,141,129,9.2,23.7,95,73,170,Yes,ST-T Abnormality,0.8,Downsloping,2,Normal,Never,Occasional,Moderate,10242,Yes,Yes,No,Yes,Medium,7.7,Good,1
3434,26,Female,Non-anginal Pain,106,106,101,325,191,53,194,145,7.5,33.8,77,67,190,No,Normal,1.7,Upsloping,3,Reversible Defect,Never,Never,Moderate,2121,No,No,Yes,No,Medium,5.2,Good,0
3435,76,Male,Typical Angina,164,164,104,336,207,43,238,157,7.4,20.7,97,85,139,No,ST-T Abnormality,1.4,Downsloping,3,Normal,Never,Occasional,Moderate,6075,No,No,No,No,Medium,8.9,Good,0
3436,57,Male,Non-anginal Pain,151,151,63,241,155,39,101,168,9.2,25.0,74,75,159,No,LVH,1.6,Flat,1,Reversible Defect,Never,Frequent,High,10863,No,Yes,Yes,Yes,Medium,6.0,Average,0
3437,66,Female,Typical Angina,164,164,94,224,91,78,251,110,5.6,19.0,70,66,144,No,ST-T Abnormality,1.3,Downsloping,2,Normal,Never,Frequent,Moderate,6133,Yes,No,Yes,No,Low,6.6,Good,1
3438,38,Female,Atypical Angina,108,108,104,209,80,68,201,133,5.7,32.3,124,58,169,Yes,LVH,1.4,Flat,4,Fixed Defect,Never,Occasional,Low,13143,No,No,No,No,Medium,5.3,Good,0
3439,83,Male,Asymptomatic,112,112,107,290,152,76,118,130,6.7,38.4,87,60,124,Yes,Normal,1.1,Downsloping,3,Reversible Defect,Never,Frequent,Moderate,10604,Yes,No,No,Yes,Medium,5.4,Average,0
3440,67,Male,Non-anginal Pain,178,178,62,192,77,50,204,178,5.2,27.0,96,57,144,Yes,LVH,0.0,Downsloping,2,Reversible Defect,Current,Occasional,Moderate,8850,No,No,Yes,No,Medium,8.8,Average,1
3441,75,Male,Asymptomatic,113,113,85,249,124,59,137,130,4.9,22.4,124,83,142,No,ST-T Abnormality,0.0,Upsloping,2,Fixed Defect,Never,Frequent,Moderate,13002,Yes,No,No,Yes,Medium,7.0,Poor,0
3442,89,Male,Typical Angina,137,137,94,308,173,41,123,177,5.1,19.6,115,91,121,No,LVH,2.0,Downsloping,1,Reversible Defect,Never,Occasional,Moderate,12254,No,No,Yes,No,Low,6.3,Average,1
3443,68,Female,Typical Angina,161,161,87,254,105,37,283,101,6.5,22.5,77,77,139,No,LVH,0.0,Downsloping,4,Normal,Never,Never,Moderate,5734,No,No,Yes,No,Low,7.9,Poor,0
3444,58,Male,Typical Angina,124,124,87,242,88,53,180,98,9.4,26.4,104,70,161,No,Normal,1.0,Flat,4,Normal,Never,Never,Moderate,8456,No,No,No,Yes,Low,6.4,Poor,0
3445,53,Male,Typical Angina,118,118,87,357,189,53,182,154,7.4,23.7,112,62,157,No,Normal,0.0,Downsloping,2,Fixed Defect,Current,Never,Moderate,6034,Yes,Yes,No,No,High,4.8,Good,1
3446,86,Male,Typical Angina,166,166,89,257,95,42,203,109,7.5,27.2,116,62,120,Yes,Normal,2.7,Downsloping,3,Reversible Defect,Never,Occasional,Low,5219,No,No,Yes,No,Low,8.7,Average,1
3447,29,Male,Non-anginal Pain,144,144,69,299,143,69,265,85,8.8,30.5,99,64,177,No,ST-T Abnormality,3.0,Flat,3,Reversible Defect,Former,Never,Low,6675,Yes,No,No,Yes,Low,7.3,Average,1
3448,35,Male,Typical Angina,136,136,79,234,115,35,174,94,7.7,25.5,102,57,177,No,LVH,1.1,Upsloping,2,Fixed Defect,Never,Never,High,8679,Yes,No,Yes,No,High,6.8,Poor,1
3449,26,Female,Asymptomatic,144,144,108,228,89,49,130,89,6.9,30.9,99,88,186,No,LVH,0.4,Upsloping,4,Reversible Defect,Never,Never,High,5812,Yes,No,No,No,Low,5.2,Poor,0
3450,77,Male,Non-anginal Pain,105,105,82,283,181,57,291,125,9.1,37.4,76,97,137,No,Normal,0.0,Upsloping,2,Normal,Current,Frequent,High,2085,Yes,Yes,No,No,Medium,6.8,Average,1
3451,25,Female,Atypical Angina,115,115,93,311,182,58,182,150,8.8,24.8,112,85,187,No,ST-T Abnormality,0.8,Downsloping,0,Reversible Defect,Current,Frequent,Low,5042,Yes,No,No,Yes,Medium,5.2,Poor,1
3452,41,Female,Atypical Angina,120,120,78,207,77,39,148,155,6.3,21.2,102,94,169,No,Normal,1.1,Flat,3,Reversible Defect,Current,Occasional,Moderate,5485,Yes,Yes,No,Yes,Low,7.4,Poor,1
3453,33,Female,Asymptomatic,163,163,108,295,124,59,152,94,9.5,24.7,115,55,191,No,Normal,2.5,Flat,2,Fixed Defect,Former,Occasional,Low,14647,No,No,No,Yes,Medium,6.3,Good,0
3454,32,Female,Asymptomatic,153,153,71,310,173,53,91,130,6.2,28.4,85,60,194,No,Normal,0.0,Flat,1,Reversible Defect,Never,Occasional,Low,12246,Yes,No,No,No,Medium,4.6,Poor,0
3455,84,Male,Asymptomatic,156,156,92,288,141,36,257,106,5.2,20.1,112,82,122,No,ST-T Abnormality,2.7,Upsloping,2,Normal,Current,Never,Moderate,6160,No,No,No,No,Medium,8.2,Poor,1
3456,34,Female,Asymptomatic,150,150,81,167,86,36,187,165,5.5,32.1,81,87,190,No,LVH,0.8,Downsloping,1,Fixed Defect,Never,Occasional,High,10217,No,No,No,No,Low,7.8,Good,0
3457,45,Female,Typical Angina,157,157,78,262,124,47,236,179,6.6,24.2,85,95,162,No,ST-T Abnormality,0.0,Flat,3,Normal,Former,Never,Low,7961,No,Yes,No,Yes,Medium,5.3,Good,1
3458,82,Female,Atypical Angina,113,113,84,269,167,37,222,152,5.0,34.8,77,87,131,No,LVH,1.1,Flat,0,Reversible Defect,Former,Occasional,Moderate,7320,No,No,Yes,No,Medium,6.6,Poor,1
3459,27,Female,Atypical Angina,122,122,78,202,87,44,131,119,7.3,33.5,93,62,199,No,LVH,1.1,Upsloping,0,Fixed Defect,Never,Frequent,Low,3635,Yes,No,No,No,Medium,8.2,Average,0
3460,61,Female,Typical Angina,105,105,104,218,93,39,224,93,5.2,27.9,96,91,162,No,LVH,1.2,Flat,0,Normal,Never,Occasional,High,9834,No,No,No,No,Medium,8.5,Good,0
3461,63,Male,Non-anginal Pain,152,152,91,354,198,43,74,139,7.9,26.7,89,83,156,No,LVH,1.4,Downsloping,4,Reversible Defect,Never,Frequent,High,3301,Yes,No,Yes,No,Low,4.9,Poor,0
3462,55,Male,Asymptomatic,136,136,101,202,86,76,93,98,5.7,23.0,125,79,158,No,ST-T Abnormality,0.6,Flat,2,Reversible Defect,Current,Occasional,Moderate,3217,No,No,No,No,High,6.2,Average,0
3463,26,Female,Atypical Angina,143,143,104,261,158,57,102,152,4.9,39.8,122,84,200,Yes,ST-T Abnormality,0.0,Flat,2,Normal,Never,Frequent,Moderate,6906,No,No,No,Yes,Low,6.0,Poor,1
3464,90,Male,Asymptomatic,176,176,109,276,157,64,187,94,8.8,32.4,125,75,119,No,Normal,0.0,Upsloping,1,Fixed Defect,Former,Never,Moderate,13827,No,Yes,Yes,No,Medium,6.8,Good,1
3465,44,Male,Asymptomatic,110,110,102,233,105,44,200,120,5.1,35.1,89,94,168,No,LVH,1.3,Flat,3,Normal,Never,Frequent,Moderate,10211,No,No,No,Yes,High,5.5,Average,0
3466,73,Female,Asymptomatic,127,127,72,326,188,66,140,99,5.5,32.1,74,91,147,No,ST-T Abnormality,1.6,Flat,2,Reversible Defect,Current,Never,Low,10732,Yes,Yes,No,No,Low,5.1,Average,1
3467,32,Male,Non-anginal Pain,137,137,96,251,116,43,91,106,8.2,34.1,130,76,186,No,ST-T Abnormality,1.0,Upsloping,3,Normal,Former,Never,Moderate,14817,No,No,Yes,Yes,Low,6.3,Poor,0
3468,76,Female,Typical Angina,144,144,74,262,158,46,263,120,8.5,18.8,85,70,134,No,Normal,0.1,Downsloping,3,Reversible Defect,Current,Frequent,High,13011,Yes,No,Yes,No,High,5.9,Good,1
3469,82,Male,Typical Angina,144,144,66,286,198,42,185,164,7.3,22.6,92,98,144,Yes,LVH,0.0,Upsloping,3,Normal,Never,Frequent,Moderate,3938,No,No,Yes,No,Medium,6.0,Good,1
3470,72,Female,Non-anginal Pain,101,101,92,344,189,46,205,160,8.3,24.2,112,79,146,Yes,ST-T Abnormality,2.5,Downsloping,3,Normal,Never,Occasional,High,5785,No,No,No,Yes,Low,5.6,Average,1
3471,63,Female,Asymptomatic,142,142,73,184,106,33,164,145,7.4,20.2,88,70,164,No,LVH,0.9,Flat,3,Fixed Defect,Never,Occasional,Moderate,13242,Yes,Yes,Yes,Yes,High,4.9,Average,1
3472,53,Male,Typical Angina,107,107,88,345,198,46,107,125,8.0,28.2,99,91,163,No,LVH,2.7,Flat,0,Reversible Defect,Former,Occasional,High,11547,No,No,Yes,Yes,High,8.2,Good,1
3473,40,Male,Atypical Angina,133,133,61,194,75,65,106,105,9.1,28.3,107,60,174,No,ST-T Abnormality,2.2,Upsloping,2,Fixed Defect,Never,Never,Moderate,13372,No,No,No,Yes,Medium,8.1,Good,0
3474,87,Female,Asymptomatic,153,153,109,278,182,37,187,98,6.1,24.3,100,70,118,No,Normal,1.1,Downsloping,1,Fixed Defect,Former,Never,Moderate,10354,Yes,No,No,No,Medium,5.6,Poor,0
3475,45,Male,Typical Angina,142,142,68,229,146,30,284,166,9.3,20.3,116,99,162,No,ST-T Abnormality,2.7,Downsloping,1,Fixed Defect,Current,Occasional,Low,6131,Yes,No,Yes,No,Low,8.1,Good,1
3476,50,Female,Non-anginal Pain,148,148,93,289,169,60,88,112,6.4,29.9,74,60,178,No,ST-T Abnormality,0.9,Flat,0,Reversible Defect,Current,Never,Moderate,8756,No,No,No,No,Low,6.1,Good,0
3477,35,Male,Typical Angina,179,179,75,332,213,52,236,156,8.1,24.3,85,59,189,No,ST-T Abnormality,0.4,Flat,3,Fixed Defect,Never,Never,High,4244,Yes,No,Yes,Yes,Medium,8.8,Poor,0
3478,83,Male,Asymptomatic,146,146,69,256,109,57,143,149,5.3,29.7,112,89,127,No,Normal,0.7,Upsloping,1,Normal,Never,Occasional,High,5567,Yes,No,Yes,No,High,7.7,Average,0
3479,89,Female,Atypical Angina,107,107,90,218,118,38,142,179,7.2,27.5,103,59,140,No,LVH,1.2,Upsloping,2,Fixed Defect,Former,Frequent,Low,3003,No,No,No,Yes,High,5.1,Good,0
3480,44,Male,Asymptomatic,159,159,75,271,177,46,148,131,9.1,19.6,105,60,178,Yes,LVH,2.1,Flat,0,Fixed Defect,Former,Never,Moderate,6118,Yes,No,No,No,High,7.5,Poor,1
3481,63,Male,Non-anginal Pain,159,159,97,363,211,43,119,103,5.3,39.7,100,85,143,Yes,ST-T Abnormality,1.6,Flat,4,Fixed Defect,Former,Never,High,6698,No,No,Yes,No,Medium,6.2,Average,1
3482,76,Male,Non-anginal Pain,123,123,82,190,98,33,92,108,8.8,22.3,80,60,145,No,ST-T Abnormality,0.0,Downsloping,2,Fixed Defect,Never,Frequent,Moderate,3025,No,No,Yes,Yes,Low,8.6,Average,0
3483,90,Female,Typical Angina,148,148,101,270,184,32,90,96,7.9,24.0,100,70,121,No,ST-T Abnormality,1.4,Flat,2,Normal,Former,Never,High,11891,No,Yes,No,No,Low,6.3,Poor,1
3484,69,Male,Asymptomatic,143,143,85,242,92,64,254,92,8.4,33.0,93,91,151,No,Normal,2.2,Flat,2,Normal,Current,Occasional,High,4574,Yes,No,No,Yes,Medium,7.2,Poor,1
3485,87,Male,Asymptomatic,100,100,110,229,121,46,195,82,8.7,18.7,103,99,139,No,LVH,1.4,Flat,4,Normal,Never,Frequent,Low,6875,Yes,No,Yes,Yes,Low,7.9,Poor,0
3486,40,Female,Asymptomatic,125,125,63,353,215,32,224,132,6.2,25.1,120,65,165,Yes,Normal,0.4,Downsloping,3,Reversible Defect,Never,Frequent,Low,14971,Yes,No,Yes,Yes,Low,7.8,Good,1
3487,41,Male,Typical Angina,100,100,90,316,163,48,77,89,6.3,32.8,72,59,171,No,Normal,1.3,Flat,2,Reversible Defect,Former,Frequent,Low,5591,No,No,No,Yes,High,6.4,Poor,1
3488,58,Male,Atypical Angina,113,113,88,326,132,78,263,93,5.4,39.9,109,92,155,No,Normal,2.6,Downsloping,0,Fixed Defect,Current,Frequent,Low,11121,Yes,No,No,Yes,High,7.1,Average,1
3489,74,Female,Asymptomatic,154,154,92,193,88,41,142,142,8.3,33.1,110,92,151,No,ST-T Abnormality,0.7,Downsloping,3,Reversible Defect,Never,Occasional,Low,11915,No,Yes,No,No,Medium,8.4,Good,1
3490,46,Male,Typical Angina,139,139,75,272,93,61,138,148,7.5,36.2,98,71,177,No,LVH,0.5,Upsloping,3,Reversible Defect,Current,Frequent,High,5424,Yes,No,Yes,Yes,Low,6.8,Average,1
3491,52,Female,Typical Angina,131,131,79,256,110,53,188,154,5.7,20.0,112,74,172,No,ST-T Abnormality,1.8,Downsloping,3,Reversible Defect,Never,Never,Moderate,8473,Yes,Yes,Yes,No,Low,4.6,Good,1
3492,86,Female,Non-anginal Pain,149,149,65,272,141,68,175,168,7.1,21.8,126,99,135,Yes,ST-T Abnormality,2.6,Downsloping,0,Reversible Defect,Never,Frequent,High,5497,No,No,No,Yes,Low,5.6,Poor,0
3493,56,Male,Typical Angina,124,124,91,316,168,31,239,94,6.3,23.3,92,70,150,No,LVH,2.0,Upsloping,1,Fixed Defect,Former,Occasional,Low,7795,Yes,No,No,Yes,Low,7.7,Good,0
3494,78,Male,Non-anginal Pain,176,176,93,300,135,48,112,101,7.0,23.3,73,100,140,No,ST-T Abnormality,0.2,Upsloping,3,Reversible Defect,Current,Frequent,Moderate,3251,No,Yes,Yes,Yes,Low,4.8,Average,1
3495,67,Female,Non-anginal Pain,102,102,83,223,82,30,155,103,5.8,27.2,90,56,142,No,LVH,1.1,Downsloping,2,Reversible Defect,Former,Frequent,Moderate,5175,Yes,Yes,No,Yes,Medium,8.4,Good,1
3496,58,Female,Non-anginal Pain,139,139,103,256,78,59,229,155,5.2,22.6,127,77,172,No,ST-T Abnormality,2.4,Downsloping,4,Reversible Defect,Never,Occasional,Low,8642,Yes,No,Yes,No,Medium,5.3,Good,1
3497,86,Female,Atypical Angina,140,140,77,359,195,73,286,105,6.0,39.3,79,69,128,No,ST-T Abnormality,1.6,Flat,2,Reversible Defect,Never,Frequent,Moderate,11081,Yes,Yes,Yes,No,Medium,6.8,Poor,1
3498,69,Male,Asymptomatic,153,153,82,241,83,61,197,110,6.5,35.1,97,89,157,No,ST-T Abnormality,2.3,Flat,0,Normal,Never,Frequent,Low,2577,No,No,No,No,High,5.0,Poor,0
3499,49,Male,Atypical Angina,177,177,62,354,206,45,270,138,7.8,30.5,129,57,181,Yes,Normal,2.8,Flat,3,Reversible Defect,Never,Frequent,High,14522,No,Yes,Yes,No,High,4.9,Poor,1
3500,84,Male,Typical Angina,172,172,69,248,105,38,114,141,9.1,25.4,116,89,125,No,LVH,0.9,Downsloping,2,Fixed Defect,Current,Never,Low,8762,Yes,No,No,No,Medium,8.3,Good,1
3501,55,Female,Typical Angina,158,158,66,366,212,61,123,161,5.1,35.9,128,66,171,Yes,ST-T Abnormality,1.3,Upsloping,1,Reversible Defect,Current,Frequent,Moderate,7951,No,Yes,No,Yes,Low,8.5,Average,1
3502,30,Female,Typical Angina,110,110,85,306,211,35,213,163,8.4,37.5,126,56,191,No,Normal,1.7,Flat,4,Fixed Defect,Former,Never,Low,2593,Yes,No,No,Yes,Medium,6.2,Poor,1
3503,64,Male,Typical Angina,145,145,105,254,97,42,178,99,4.8,24.1,97,93,162,No,LVH,3.0,Downsloping,3,Reversible Defect,Never,Never,Moderate,9277,Yes,No,No,No,Medium,8.0,Average,0
3504,27,Female,Non-anginal Pain,159,159,74,236,133,51,264,116,8.4,31.3,130,76,185,No,Normal,1.2,Flat,1,Fixed Defect,Former,Frequent,Low,5117,Yes,No,No,Yes,Low,4.8,Average,0
3505,69,Female,Asymptomatic,160,160,88,278,147,34,81,102,6.8,19.0,75,78,144,Yes,ST-T Abnormality,1.9,Downsloping,4,Normal,Former,Occasional,Moderate,9791,No,No,No,Yes,Medium,7.1,Average,1
3506,73,Male,Asymptomatic,141,141,75,270,140,80,192,139,5.6,26.0,83,57,147,Yes,LVH,1.7,Downsloping,4,Reversible Defect,Never,Never,Moderate,13717,Yes,No,No,No,Medium,8.3,Average,1
3507,69,Male,Atypical Angina,129,129,101,319,180,67,279,177,8.5,21.1,124,88,155,No,ST-T Abnormality,1.8,Downsloping,2,Normal,Former,Frequent,Moderate,2957,Yes,No,No,No,Low,8.8,Average,0
3508,61,Female,Asymptomatic,150,150,62,277,152,35,300,138,5.7,27.7,99,86,154,Yes,LVH,1.4,Downsloping,3,Fixed Defect,Current,Frequent,Low,13546,No,No,No,No,Low,7.2,Good,1
3509,83,Male,Atypical Angina,162,162,90,284,117,75,112,153,8.8,33.9,126,66,142,No,Normal,0.2,Flat,1,Fixed Defect,Never,Frequent,High,14013,No,Yes,No,Yes,High,8.2,Poor,1
3510,70,Female,Typical Angina,104,104,66,330,175,36,226,162,7.3,37.2,116,81,141,Yes,Normal,1.9,Downsloping,0,Normal,Never,Occasional,Moderate,7845,Yes,No,No,Yes,Medium,7.3,Good,1
3511,87,Male,Non-anginal Pain,157,157,100,203,102,40,146,108,5.6,29.5,91,58,142,No,Normal,0.3,Downsloping,4,Fixed Defect,Never,Frequent,High,6249,No,Yes,No,Yes,Low,8.2,Average,1
3512,70,Male,Asymptomatic,129,129,63,324,169,50,237,118,9.0,26.8,117,92,144,No,Normal,1.8,Flat,3,Fixed Defect,Current,Never,Moderate,9750,No,Yes,Yes,No,Medium,6.7,Poor,1
3513,69,Female,Atypical Angina,175,175,67,257,149,34,216,82,6.1,26.1,73,96,138,Yes,ST-T Abnormality,1.0,Downsloping,2,Fixed Defect,Never,Occasional,Low,3727,Yes,No,Yes,No,Medium,8.8,Poor,1
3514,68,Male,Atypical Angina,154,154,104,325,170,50,123,173,8.7,30.2,125,87,141,No,Normal,1.1,Flat,4,Reversible Defect,Former,Never,Low,2279,No,Yes,No,Yes,High,4.6,Average,1
3515,77,Female,Atypical Angina,119,119,93,364,213,72,297,178,7.3,21.4,102,64,146,No,LVH,0.0,Downsloping,3,Reversible Defect,Never,Frequent,Moderate,9247,Yes,Yes,Yes,No,Low,6.7,Good,1
3516,50,Female,Non-anginal Pain,112,112,78,337,169,55,106,121,7.9,39.4,90,63,170,No,ST-T Abnormality,1.8,Downsloping,2,Reversible Defect,Current,Frequent,High,4521,No,Yes,Yes,Yes,Low,8.3,Good,1
3517,88,Female,Non-anginal Pain,145,145,92,226,128,46,239,161,5.7,25.1,116,99,132,No,LVH,0.3,Upsloping,0,Reversible Defect,Never,Never,Low,7355,No,No,Yes,Yes,Medium,7.8,Average,0
3518,41,Female,Atypical Angina,174,174,82,332,165,60,264,159,8.8,29.1,128,96,173,No,Normal,0.7,Flat,2,Reversible Defect,Never,Occasional,Moderate,9496,Yes,No,No,No,High,6.2,Good,0
3519,37,Male,Asymptomatic,102,102,79,257,133,44,199,104,9.4,22.3,77,65,182,No,Normal,0.8,Downsloping,1,Normal,Never,Frequent,High,5329,No,No,Yes,Yes,Medium,8.1,Good,0
3520,71,Female,Atypical Angina,130,130,82,286,92,77,228,97,7.0,23.2,120,77,139,No,LVH,0.3,Flat,2,Reversible Defect,Former,Never,Moderate,5252,No,No,No,Yes,Low,8.1,Average,0
3521,56,Female,Non-anginal Pain,158,158,110,320,127,76,226,83,5.0,20.9,127,82,158,No,Normal,0.5,Flat,4,Reversible Defect,Former,Never,High,12351,Yes,Yes,No,Yes,High,5.3,Average,0
3522,51,Male,Typical Angina,123,123,93,299,179,39,231,128,6.2,33.2,94,66,159,No,LVH,0.0,Flat,2,Normal,Current,Frequent,Moderate,2009,Yes,No,No,Yes,High,8.9,Good,1
3523,57,Male,Non-anginal Pain,121,121,105,282,161,35,266,85,5.6,37.9,75,75,160,No,ST-T Abnormality,0.4,Flat,1,Normal,Current,Frequent,Moderate,2049,No,No,No,No,Medium,6.5,Good,0
3524,85,Male,Typical Angina,179,179,63,243,141,33,117,102,8.5,31.4,91,61,144,Yes,ST-T Abnormality,0.9,Downsloping,2,Normal,Current,Frequent,Low,8653,Yes,Yes,Yes,No,Low,5.1,Good,1
3525,70,Male,Typical Angina,112,112,84,385,200,73,230,175,7.3,34.3,111,81,136,Yes,ST-T Abnormality,0.1,Downsloping,0,Reversible Defect,Former,Frequent,Low,5153,Yes,Yes,Yes,Yes,Low,6.0,Average,1
3526,62,Female,Asymptomatic,125,125,70,215,134,34,250,133,5.4,24.8,85,82,154,No,Normal,2.2,Upsloping,3,Fixed Defect,Never,Occasional,Low,6907,No,No,No,Yes,Low,5.9,Good,0
3527,78,Male,Typical Angina,175,175,63,316,135,74,124,167,9.1,27.4,76,79,142,No,Normal,0.0,Flat,0,Reversible Defect,Never,Occasional,High,3776,No,No,Yes,No,Low,7.0,Poor,0
3528,66,Female,Typical Angina,118,118,108,307,154,63,233,135,8.3,30.3,101,60,148,No,Normal,1.6,Downsloping,2,Normal,Former,Never,Low,6810,No,No,Yes,No,Low,6.5,Poor,1
3529,55,Male,Non-anginal Pain,147,147,67,202,79,37,82,166,8.7,32.3,85,68,169,No,ST-T Abnormality,1.7,Downsloping,0,Fixed Defect,Never,Occasional,High,12882,No,No,No,No,Medium,8.8,Average,0
3530,85,Male,Asymptomatic,150,150,74,222,102,32,245,96,8.5,34.3,125,59,120,No,LVH,0.9,Upsloping,3,Fixed Defect,Never,Frequent,Low,6657,Yes,No,No,No,Low,6.2,Poor,0
3531,87,Male,Atypical Angina,142,142,91,273,119,78,184,141,8.9,31.1,108,77,131,No,Normal,1.4,Flat,4,Reversible Defect,Current,Occasional,Moderate,12460,Yes,No,No,Yes,Low,5.4,Poor,0
3532,59,Male,Asymptomatic,152,152,103,287,122,65,118,106,5.7,35.5,125,97,151,Yes,LVH,0.4,Upsloping,2,Normal,Former,Frequent,Moderate,8551,Yes,Yes,Yes,Yes,High,7.2,Good,1
3533,53,Female,Typical Angina,107,107,66,297,161,52,77,102,5.4,20.3,121,71,167,Yes,LVH,0.7,Upsloping,1,Normal,Current,Frequent,Low,9220,No,Yes,No,Yes,Medium,7.5,Average,1
3534,66,Female,Non-anginal Pain,122,122,60,311,170,78,158,111,8.7,26.1,72,98,158,No,LVH,0.2,Upsloping,4,Reversible Defect,Current,Frequent,High,11717,Yes,No,No,Yes,High,4.6,Good,1
3535,31,Male,Typical Angina,117,117,92,245,97,55,243,125,9.2,19.6,92,94,175,Yes,Normal,0.0,Flat,0,Reversible Defect,Current,Occasional,Low,3574,Yes,No,No,Yes,High,6.0,Good,0
3536,71,Male,Typical Angina,179,179,107,259,113,32,229,173,4.9,32.8,111,57,145,Yes,LVH,0.5,Flat,3,Normal,Never,Occasional,Moderate,14688,No,Yes,No,No,Low,4.7,Good,1
3537,79,Female,Non-anginal Pain,179,179,96,216,98,45,291,102,7.4,27.6,109,93,128,Yes,Normal,0.8,Upsloping,2,Fixed Defect,Current,Frequent,High,10017,Yes,No,No,Yes,High,7.8,Average,1
3538,28,Male,Asymptomatic,140,140,98,321,178,45,168,150,7.6,35.5,95,91,192,Yes,ST-T Abnormality,1.9,Flat,2,Reversible Defect,Current,Never,Moderate,5544,No,No,No,Yes,Medium,5.5,Good,1
3539,77,Female,Typical Angina,117,117,99,338,201,59,246,109,5.0,23.6,75,59,149,No,Normal,1.2,Upsloping,1,Fixed Defect,Never,Occasional,High,2720,Yes,No,Yes,Yes,Medium,7.3,Good,1
3540,45,Male,Typical Angina,133,133,69,253,89,63,167,115,7.8,25.2,118,93,177,No,LVH,1.0,Upsloping,4,Fixed Defect,Never,Frequent,High,14520,No,No,No,Yes,High,7.3,Average,0
3541,59,Male,Typical Angina,166,166,109,346,193,68,181,96,7.8,38.1,123,65,150,No,ST-T Abnormality,1.7,Flat,0,Normal,Current,Never,Moderate,10944,Yes,No,No,No,High,7.2,Average,0
3542,50,Female,Atypical Angina,170,170,110,268,171,35,300,83,7.5,39.5,113,61,168,No,ST-T Abnormality,1.9,Upsloping,1,Reversible Defect,Never,Occasional,Moderate,10905,No,Yes,No,Yes,Low,5.1,Average,0
3543,36,Female,Non-anginal Pain,146,146,101,320,209,68,98,158,5.7,18.3,126,65,191,No,LVH,2.3,Upsloping,3,Fixed Defect,Former,Never,Moderate,6372,No,No,No,Yes,High,4.9,Good,0
3544,82,Female,Typical Angina,122,122,84,282,175,41,121,95,8.0,37.9,89,62,147,Yes,ST-T Abnormality,2.4,Downsloping,3,Normal,Current,Occasional,Low,14505,Yes,No,Yes,Yes,High,9.0,Good,1
3545,36,Male,Atypical Angina,165,165,102,327,182,33,268,149,7.2,35.9,78,79,173,No,Normal,2.0,Downsloping,4,Reversible Defect,Current,Frequent,Low,6091,No,No,No,No,Medium,4.8,Poor,1
3546,28,Female,Non-anginal Pain,165,165,73,307,189,55,299,128,6.7,19.2,114,83,183,No,ST-T Abnormality,2.0,Flat,3,Normal,Former,Frequent,Moderate,9389,Yes,No,No,Yes,Medium,8.8,Average,0
3547,43,Female,Non-anginal Pain,153,153,107,220,72,65,273,104,6.3,18.7,74,95,170,No,LVH,0.8,Upsloping,2,Fixed Defect,Former,Frequent,Moderate,13961,Yes,No,Yes,Yes,Medium,6.3,Average,0
3548,77,Female,Atypical Angina,116,116,72,338,169,79,187,149,7.0,20.9,124,74,145,No,Normal,1.5,Downsloping,1,Reversible Defect,Current,Occasional,High,2114,No,No,Yes,No,Low,6.9,Poor,1
3549,32,Male,Non-anginal Pain,119,119,67,244,149,43,266,98,5.0,22.6,70,87,178,No,Normal,1.6,Downsloping,3,Normal,Never,Frequent,Moderate,10829,No,No,No,No,High,6.5,Good,0
3550,25,Female,Asymptomatic,147,147,75,195,95,30,221,143,8.6,27.9,123,58,197,No,LVH,1.6,Upsloping,3,Reversible Defect,Current,Occasional,High,4038,No,No,Yes,No,Medium,7.3,Good,1
3551,26,Female,Atypical Angina,180,180,99,316,215,37,251,152,5.1,24.3,106,69,184,No,ST-T Abnormality,1.9,Flat,4,Normal,Current,Never,Low,3437,Yes,No,Yes,No,Low,4.6,Good,1
3552,75,Male,Atypical Angina,175,175,66,310,152,63,277,161,8.7,20.0,111,96,136,No,ST-T Abnormality,2.8,Flat,1,Normal,Never,Occasional,Moderate,2568,No,No,No,No,High,7.9,Poor,0
3553,31,Female,Non-anginal Pain,115,115,100,297,126,52,265,154,9.0,25.2,88,80,196,Yes,LVH,1.6,Downsloping,0,Normal,Former,Frequent,Low,14808,Yes,No,No,No,Medium,7.0,Average,0
3554,26,Male,Asymptomatic,172,172,62,297,180,36,87,132,5.4,27.0,123,84,199,No,ST-T Abnormality,0.4,Flat,3,Normal,Current,Occasional,Low,9102,No,No,No,No,High,8.4,Average,1
3555,72,Female,Atypical Angina,135,135,62,325,198,71,118,172,7.0,35.2,79,95,154,No,ST-T Abnormality,1.5,Flat,4,Reversible Defect,Current,Frequent,Low,3713,Yes,No,Yes,No,Medium,5.3,Average,1
3556,45,Male,Non-anginal Pain,138,138,73,292,137,43,79,131,8.4,33.2,120,76,172,No,ST-T Abnormality,1.4,Downsloping,4,Reversible Defect,Current,Occasional,Low,3252,No,No,No,No,Low,6.0,Good,0
3557,40,Female,Asymptomatic,155,155,110,220,106,48,175,100,5.6,38.2,101,100,175,No,Normal,2.4,Downsloping,0,Normal,Former,Never,High,2172,Yes,No,No,Yes,High,6.7,Poor,0
3558,41,Male,Non-anginal Pain,134,134,83,310,183,36,88,137,5.8,19.2,129,72,180,Yes,LVH,0.8,Downsloping,1,Reversible Defect,Current,Occasional,Low,3388,No,No,No,No,Low,7.5,Poor,1
3559,86,Male,Asymptomatic,121,121,63,246,119,66,264,165,5.3,32.6,76,92,143,No,LVH,1.6,Flat,0,Reversible Defect,Never,Frequent,High,13650,No,Yes,No,No,High,5.3,Poor,1
3560,47,Male,Typical Angina,172,172,61,339,178,42,242,134,7.4,31.0,71,73,159,Yes,ST-T Abnormality,1.9,Flat,1,Reversible Defect,Never,Occasional,Low,4694,No,No,Yes,No,Low,5.1,Poor,1
3561,75,Male,Non-anginal Pain,128,128,96,287,187,36,130,93,5.2,36.2,106,84,134,No,ST-T Abnormality,0.9,Flat,2,Reversible Defect,Current,Occasional,Low,11103,No,Yes,Yes,No,Medium,5.4,Poor,1
3562,52,Male,Non-anginal Pain,129,129,79,277,140,30,287,149,7.8,35.8,72,77,176,Yes,LVH,1.7,Flat,0,Normal,Never,Occasional,Low,5425,No,Yes,Yes,Yes,Medium,5.7,Poor,1
3563,66,Female,Asymptomatic,143,143,81,347,217,63,175,121,9.3,22.7,103,85,164,No,ST-T Abnormality,2.0,Downsloping,2,Normal,Never,Frequent,High,10938,No,No,No,Yes,Low,8.8,Average,0
3564,79,Male,Asymptomatic,172,172,90,239,76,56,283,151,7.9,38.2,99,98,131,No,Normal,0.5,Flat,2,Fixed Defect,Former,Frequent,Low,2124,No,No,Yes,No,Low,7.3,Good,1
3565,25,Female,Asymptomatic,175,175,67,184,86,58,167,174,6.3,20.0,112,61,190,No,LVH,0.4,Downsloping,2,Reversible Defect,Current,Occasional,Low,11900,Yes,No,No,Yes,High,5.9,Average,1
3566,66,Female,Non-anginal Pain,126,126,85,240,110,55,294,177,5.6,19.3,74,94,144,Yes,ST-T Abnormality,0.2,Upsloping,2,Normal,Never,Frequent,Moderate,7249,No,No,No,Yes,Low,6.5,Good,0
3567,72,Female,Asymptomatic,121,121,78,224,119,60,121,87,5.0,38.2,120,59,157,No,Normal,0.5,Flat,4,Fixed Defect,Former,Never,Low,10175,Yes,No,No,No,Low,5.6,Average,0
3568,83,Male,Atypical Angina,180,180,93,312,213,36,102,82,8.1,31.6,124,85,146,No,Normal,1.2,Downsloping,4,Fixed Defect,Current,Never,Low,8992,Yes,Yes,No,No,Low,8.6,Average,1
3569,34,Female,Non-anginal Pain,121,121,66,245,131,61,99,102,6.9,28.1,77,90,189,No,Normal,1.6,Flat,1,Reversible Defect,Never,Never,High,11199,Yes,No,No,No,Low,6.8,Poor,0
3570,60,Female,Atypical Angina,103,103,102,191,114,37,260,100,6.8,22.7,118,76,153,Yes,ST-T Abnormality,0.0,Flat,4,Reversible Defect,Former,Never,Low,6664,Yes,No,No,No,Low,5.4,Good,0
3571,72,Male,Typical Angina,166,166,75,268,139,60,273,163,8.7,27.6,114,78,153,No,ST-T Abnormality,1.2,Upsloping,0,Reversible Defect,Former,Frequent,Moderate,5755,Yes,No,No,Yes,High,7.6,Poor,0
3572,38,Male,Asymptomatic,167,167,80,294,144,33,258,103,5.2,35.2,86,95,169,No,ST-T Abnormality,0.4,Flat,0,Reversible Defect,Former,Occasional,Moderate,14574,No,No,No,No,Medium,5.0,Average,0
3573,86,Female,Atypical Angina,111,111,94,326,198,47,137,111,7.4,23.3,129,96,120,Yes,Normal,0.8,Upsloping,0,Normal,Never,Occasional,Low,3747,Yes,No,Yes,Yes,High,7.6,Average,1
3574,45,Female,Asymptomatic,130,130,63,325,190,55,247,97,5.2,34.4,92,97,177,No,Normal,1.8,Upsloping,1,Reversible Defect,Current,Frequent,High,9100,Yes,Yes,No,Yes,Low,6.3,Poor,1
3575,34,Female,Atypical Angina,131,131,110,242,113,32,219,112,7.5,23.6,123,78,175,No,ST-T Abnormality,0.8,Upsloping,1,Normal,Never,Frequent,Low,3165,No,No,No,No,Medium,8.5,Good,0
3576,30,Female,Asymptomatic,113,113,73,292,173,76,156,158,7.2,19.4,92,92,182,No,ST-T Abnormality,1.5,Flat,3,Normal,Former,Never,Low,13515,Yes,No,No,No,Low,9.0,Average,0
3577,40,Male,Atypical Angina,136,136,74,333,183,79,261,109,6.3,38.5,99,75,165,No,LVH,1.6,Upsloping,0,Fixed Defect,Never,Occasional,Low,13824,Yes,No,No,Yes,Low,5.4,Good,0
3578,37,Male,Typical Angina,150,150,75,266,99,65,204,175,5.2,30.5,123,65,189,No,LVH,1.4,Flat,0,Fixed Defect,Former,Never,Moderate,11748,Yes,No,No,Yes,Medium,8.6,Good,0
3579,59,Male,Non-anginal Pain,150,150,71,291,169,45,267,129,8.0,35.3,124,83,146,No,Normal,1.1,Upsloping,2,Normal,Never,Occasional,Moderate,4078,No,No,No,Yes,Low,5.1,Average,0
3580,80,Female,Non-anginal Pain,132,132,70,270,161,55,260,152,5.6,26.5,70,98,138,No,Normal,4.2,Upsloping,0,Reversible Defect,Current,Never,Moderate,2259,Yes,No,No,No,Low,8.6,Average,1
3581,64,Female,Typical Angina,151,151,104,242,101,62,82,142,5.4,22.9,112,98,161,No,LVH,0.8,Flat,0,Normal,Never,Frequent,High,14673,Yes,Yes,No,No,Medium,8.9,Good,0
3582,87,Male,Typical Angina,129,129,99,286,161,43,114,169,7.0,23.0,104,81,133,No,ST-T Abnormality,0.0,Flat,2,Reversible Defect,Never,Occasional,High,2681,No,No,No,No,Low,6.4,Good,0
3583,35,Male,Non-anginal Pain,125,125,93,349,211,51,84,160,9.1,23.1,124,91,188,No,LVH,3.0,Downsloping,3,Fixed Defect,Former,Occasional,Low,12353,Yes,No,No,No,High,8.1,Poor,0
3584,34,Male,Atypical Angina,138,138,75,206,90,44,235,132,7.1,31.7,84,91,193,No,ST-T Abnormality,0.9,Downsloping,4,Fixed Defect,Former,Occasional,Moderate,7000,No,No,No,No,Medium,5.3,Average,0
3585,45,Male,Typical Angina,151,151,60,390,193,78,223,92,8.1,37.0,122,64,185,No,ST-T Abnormality,0.6,Flat,1,Fixed Defect,Never,Never,High,4047,Yes,No,Yes,Yes,High,5.2,Poor,1
3586,53,Male,Typical Angina,140,140,67,374,220,39,232,166,5.1,39.3,127,63,157,No,LVH,2.5,Upsloping,4,Normal,Never,Frequent,Moderate,2469,Yes,No,No,Yes,Low,6.2,Poor,1
3587,34,Male,Non-anginal Pain,101,101,60,291,113,79,290,101,6.5,21.3,126,70,174,No,Normal,2.8,Flat,4,Normal,Never,Never,High,5607,No,No,Yes,No,Medium,6.8,Average,1
3588,71,Male,Typical Angina,131,131,88,176,96,36,274,178,8.8,34.7,88,97,151,Yes,LVH,0.4,Flat,3,Normal,Current,Never,Low,8336,No,Yes,Yes,No,High,8.9,Good,1
3589,59,Female,Typical Angina,146,146,109,356,218,79,202,89,7.9,37.6,126,91,163,No,LVH,2.2,Upsloping,4,Fixed Defect,Never,Never,Low,8120,No,No,No,Yes,High,8.4,Good,1
3590,35,Male,Atypical Angina,157,157,99,165,88,32,234,93,7.3,27.3,87,90,184,Yes,Normal,2.7,Downsloping,4,Reversible Defect,Never,Occasional,Moderate,11548,Yes,No,No,No,Low,6.5,Good,0
3591,50,Female,Asymptomatic,153,153,104,295,164,72,239,124,9.1,22.8,82,55,175,No,ST-T Abnormality,1.0,Downsloping,3,Fixed Defect,Never,Never,Low,5830,Yes,No,Yes,Yes,Medium,6.9,Poor,0
3592,61,Male,Typical Angina,128,128,98,287,141,32,123,109,5.7,30.8,90,71,165,No,ST-T Abnormality,2.2,Flat,2,Normal,Never,Frequent,High,4037,No,No,Yes,Yes,Low,4.5,Good,1
3593,46,Female,Typical Angina,171,171,110,163,90,32,295,128,5.7,18.9,121,84,179,No,LVH,1.9,Flat,4,Fixed Defect,Former,Occasional,Moderate,5669,Yes,No,No,Yes,High,8.7,Poor,0
3594,67,Male,Typical Angina,129,129,62,333,183,74,284,85,6.7,20.7,74,60,148,Yes,LVH,2.8,Downsloping,4,Fixed Defect,Never,Frequent,High,6955,No,No,No,Yes,High,8.0,Average,1
3595,63,Male,Typical Angina,114,114,99,291,158,67,220,155,6.5,37.6,99,73,163,No,LVH,0.0,Flat,0,Reversible Defect,Never,Frequent,Low,2092,Yes,Yes,No,Yes,Medium,6.5,Poor,0
3596,81,Male,Typical Angina,160,160,108,305,208,36,171,178,8.3,31.4,130,98,124,No,LVH,2.0,Downsloping,2,Reversible Defect,Never,Occasional,High,4363,No,No,No,No,High,6.1,Poor,1
3597,53,Female,Typical Angina,116,116,65,357,208,59,196,144,9.2,26.5,107,91,156,No,LVH,1.3,Upsloping,1,Reversible Defect,Never,Frequent,High,3631,Yes,No,No,No,High,4.5,Average,0
3598,52,Male,Typical Angina,103,103,97,249,100,46,267,149,8.7,35.5,79,64,155,No,Normal,0.8,Downsloping,2,Fixed Defect,Never,Frequent,High,8154,Yes,No,Yes,Yes,Medium,6.7,Poor,1
3599,77,Male,Typical Angina,167,167,87,216,89,35,290,156,8.8,33.2,120,79,133,No,LVH,0.3,Upsloping,4,Fixed Defect,Never,Frequent,Low,13995,Yes,No,No,No,Low,6.0,Good,1
3600,46,Male,Non-anginal Pain,104,104,60,264,143,52,97,128,6.2,39.7,116,72,169,Yes,ST-T Abnormality,0.4,Flat,0,Normal,Never,Never,Moderate,7355,No,No,Yes,Yes,Medium,6.4,Good,0
3601,32,Female,Asymptomatic,141,141,85,283,193,34,277,148,8.6,39.6,125,91,175,No,Normal,1.3,Upsloping,2,Reversible Defect,Former,Never,Low,6941,No,No,No,No,Low,5.0,Good,0
3602,37,Male,Non-anginal Pain,137,137,67,219,88,38,289,177,9.3,38.0,130,77,192,No,ST-T Abnormality,1.3,Downsloping,4,Reversible Defect,Never,Occasional,Low,9004,Yes,No,No,Yes,Low,5.0,Average,1
3603,90,Male,Typical Angina,141,141,100,325,174,36,119,135,5.4,24.4,79,65,130,No,ST-T Abnormality,2.2,Flat,4,Fixed Defect,Former,Frequent,High,4795,No,Yes,No,Yes,High,6.0,Average,1
3604,34,Male,Non-anginal Pain,152,152,100,265,132,63,70,142,5.8,37.4,89,68,183,No,ST-T Abnormality,0.8,Downsloping,0,Normal,Never,Never,Moderate,2407,No,Yes,No,No,Medium,6.3,Good,0
3605,67,Male,Non-anginal Pain,102,102,73,230,106,35,95,90,9.3,39.6,83,87,163,No,Normal,1.9,Upsloping,3,Fixed Defect,Former,Occasional,Moderate,6338,No,No,Yes,No,Low,5.0,Average,1
3606,48,Male,Asymptomatic,134,134,75,196,78,70,72,161,5.3,34.5,78,86,175,No,Normal,1.2,Flat,2,Normal,Current,Never,Moderate,12959,Yes,No,No,Yes,Low,7.2,Good,1
3607,46,Male,Non-anginal Pain,103,103,94,214,80,52,166,103,6.8,31.7,83,77,172,No,Normal,0.0,Upsloping,2,Normal,Current,Occasional,Low,10640,Yes,Yes,No,Yes,High,7.0,Average,1
3608,47,Male,Atypical Angina,116,116,106,316,143,78,180,135,6.4,28.4,79,76,176,No,LVH,1.2,Upsloping,2,Fixed Defect,Former,Never,High,2085,Yes,No,Yes,No,High,4.6,Poor,0
3609,29,Female,Typical Angina,126,126,104,258,113,75,136,106,5.2,34.6,81,91,190,Yes,LVH,0.0,Upsloping,0,Normal,Never,Frequent,Moderate,10218,Yes,No,No,Yes,Medium,8.8,Good,0
3610,41,Female,Non-anginal Pain,165,165,105,306,118,68,166,122,5.4,29.5,118,100,175,No,Normal,0.9,Upsloping,0,Reversible Defect,Former,Never,Moderate,14589,Yes,No,No,No,Medium,6.6,Good,0
3611,44,Male,Asymptomatic,140,140,85,302,161,38,263,139,6.9,25.3,129,60,172,Yes,ST-T Abnormality,1.8,Upsloping,4,Normal,Never,Occasional,Moderate,8586,Yes,No,No,No,High,8.0,Good,1
3612,34,Male,Typical Angina,164,164,69,270,195,30,261,155,6.6,25.8,81,75,193,No,ST-T Abnormality,3.0,Downsloping,1,Normal,Never,Frequent,Moderate,5726,No,No,No,No,High,8.0,Good,0
3613,60,Female,Atypical Angina,119,119,94,269,115,70,244,125,8.7,28.2,99,93,157,No,Normal,2.0,Downsloping,2,Normal,Never,Occasional,Low,2332,No,Yes,No,Yes,Medium,6.0,Good,1
3614,89,Female,Asymptomatic,150,150,105,229,111,73,228,94,4.9,39.4,78,68,134,No,LVH,1.2,Flat,3,Fixed Defect,Current,Occasional,High,12107,No,No,Yes,Yes,High,8.5,Poor,1
3615,76,Male,Atypical Angina,178,178,95,269,129,53,129,173,8.6,34.8,124,90,140,Yes,ST-T Abnormality,1.3,Flat,4,Fixed Defect,Former,Occasional,Moderate,8534,Yes,Yes,Yes,No,High,6.2,Good,1
3616,57,Female,Non-anginal Pain,165,165,110,277,127,53,247,177,6.1,23.4,93,99,157,No,LVH,0.6,Flat,0,Normal,Current,Frequent,High,7776,No,Yes,Yes,Yes,Low,5.9,Poor,1
3617,29,Female,Atypical Angina,147,147,89,300,150,57,161,148,6.4,33.8,124,64,188,No,ST-T Abnormality,2.0,Upsloping,3,Reversible Defect,Current,Occasional,High,8434,Yes,No,No,Yes,Low,7.0,Average,1
3618,89,Male,Non-anginal Pain,176,176,85,291,140,35,130,96,7.6,18.2,100,59,127,No,ST-T Abnormality,3.0,Flat,2,Reversible Defect,Current,Never,Moderate,6097,No,No,No,No,Medium,8.0,Average,1
3619,68,Female,Atypical Angina,155,155,77,210,87,46,235,124,7.6,34.5,115,98,144,No,LVH,0.9,Downsloping,4,Normal,Former,Never,Moderate,9129,Yes,No,Yes,No,High,5.5,Average,1
3620,53,Male,Non-anginal Pain,156,156,96,286,205,35,200,97,6.2,39.1,101,59,177,No,LVH,2.1,Flat,4,Fixed Defect,Former,Frequent,Moderate,14294,No,No,No,Yes,Low,6.1,Average,0
3621,46,Female,Asymptomatic,129,129,71,173,71,52,171,99,5.6,21.8,72,86,184,No,LVH,1.6,Downsloping,2,Fixed Defect,Former,Never,High,7486,Yes,No,No,No,Low,6.6,Poor,0
3622,49,Male,Typical Angina,174,174,84,276,125,53,187,86,7.0,31.1,92,78,163,Yes,LVH,0.4,Flat,2,Reversible Defect,Former,Occasional,Low,2616,Yes,No,No,No,High,4.5,Average,0
3623,43,Male,Asymptomatic,148,148,79,275,169,39,72,127,7.1,19.6,100,57,174,No,Normal,1.5,Flat,1,Fixed Defect,Never,Occasional,High,2816,Yes,No,No,Yes,Low,4.7,Average,0
3624,40,Male,Non-anginal Pain,158,158,69,274,121,62,211,135,6.4,19.8,104,92,183,No,LVH,2.2,Upsloping,1,Normal,Former,Frequent,High,6353,No,No,No,No,Low,8.5,Average,0
3625,56,Female,Non-anginal Pain,137,137,64,337,182,44,270,128,8.4,36.8,118,59,174,No,Normal,0.0,Downsloping,1,Normal,Former,Occasional,Moderate,3868,Yes,No,No,Yes,High,6.3,Poor,0
3626,89,Female,Atypical Angina,118,118,93,300,203,37,239,107,5.8,29.1,80,59,128,No,LVH,1.7,Flat,4,Reversible Defect,Never,Never,Moderate,11434,No,No,Yes,No,Low,7.7,Average,1
3627,67,Male,Asymptomatic,111,111,66,268,162,32,224,101,5.4,29.5,82,94,163,No,LVH,0.5,Flat,1,Fixed Defect,Current,Frequent,Moderate,9889,Yes,No,Yes,Yes,Medium,5.6,Poor,1
3628,86,Female,Atypical Angina,178,178,63,318,213,38,300,117,5.1,38.7,117,58,133,Yes,Normal,1.2,Downsloping,1,Fixed Defect,Current,Occasional,Moderate,5191,No,Yes,No,No,Medium,8.7,Poor,1
3629,80,Female,Atypical Angina,124,124,89,249,82,64,184,80,8.7,19.5,103,59,147,No,ST-T Abnormality,0.7,Downsloping,2,Normal,Former,Never,High,5000,No,Yes,Yes,Yes,High,8.7,Good,1
3630,86,Male,Asymptomatic,100,100,69,255,149,64,112,132,9.3,27.2,104,94,142,No,LVH,1.2,Flat,3,Normal,Current,Never,Moderate,8387,Yes,No,Yes,No,Low,5.3,Good,1
3631,82,Male,Typical Angina,165,165,66,268,80,70,255,150,6.9,30.0,75,62,128,No,Normal,1.0,Downsloping,0,Normal,Never,Never,Moderate,12369,No,No,No,No,Medium,4.8,Good,0
3632,39,Male,Non-anginal Pain,171,171,100,375,216,43,149,94,5.7,29.5,74,96,189,Yes,ST-T Abnormality,1.0,Downsloping,1,Fixed Defect,Never,Occasional,Low,2015,No,No,No,Yes,Low,8.7,Poor,0
3633,48,Female,Typical Angina,124,124,61,250,126,35,258,169,8.0,31.9,110,95,163,No,Normal,1.1,Flat,1,Fixed Defect,Current,Frequent,Moderate,7164,No,Yes,Yes,No,High,5.4,Average,1
3634,29,Female,Atypical Angina,172,172,69,268,133,80,179,163,5.8,29.1,82,92,195,Yes,ST-T Abnormality,0.0,Downsloping,4,Reversible Defect,Never,Occasional,Moderate,13197,Yes,No,No,Yes,Low,5.5,Poor,0
3635,79,Female,Atypical Angina,167,167,92,232,73,79,105,106,6.2,18.8,91,81,149,No,ST-T Abnormality,1.7,Flat,2,Fixed Defect,Former,Frequent,Moderate,2109,Yes,Yes,No,No,High,8.3,Good,0
3636,59,Male,Non-anginal Pain,110,110,70,366,185,78,79,153,8.4,36.5,120,67,166,Yes,Normal,0.3,Flat,3,Fixed Defect,Never,Frequent,High,10178,Yes,No,No,No,Low,8.9,Average,0
3637,85,Male,Typical Angina,125,125,108,237,83,73,182,142,7.9,32.1,121,86,132,No,Normal,1.4,Downsloping,4,Reversible Defect,Never,Never,Low,13584,Yes,No,No,No,Medium,7.1,Good,0
3638,86,Male,Atypical Angina,140,140,100,313,168,33,124,80,9.4,26.4,100,68,125,Yes,LVH,2.8,Flat,4,Fixed Defect,Former,Occasional,Low,5489,Yes,Yes,No,Yes,Medium,6.7,Poor,1
3639,64,Female,Non-anginal Pain,176,176,67,322,177,39,117,128,6.1,39.0,78,100,145,No,LVH,1.0,Downsloping,4,Reversible Defect,Never,Occasional,Moderate,12944,No,Yes,No,No,High,5.3,Average,1
3640,42,Female,Non-anginal Pain,130,130,96,322,198,61,230,88,8.5,19.6,87,77,163,Yes,LVH,0.0,Upsloping,2,Normal,Current,Never,High,14194,No,Yes,No,No,High,8.6,Poor,1
3641,57,Female,Atypical Angina,136,136,98,248,107,55,77,167,5.8,36.9,74,78,168,No,Normal,0.8,Upsloping,1,Normal,Former,Never,High,6023,Yes,No,Yes,No,Low,7.8,Poor,0
3642,74,Male,Non-anginal Pain,127,127,72,275,99,75,152,86,5.3,30.9,105,92,139,No,LVH,1.0,Flat,1,Normal,Former,Frequent,Low,9428,No,No,No,No,High,5.6,Poor,0
3643,67,Male,Typical Angina,129,129,70,260,178,30,271,85,6.1,35.9,99,81,140,No,LVH,1.2,Upsloping,2,Normal,Former,Never,Moderate,8725,No,No,No,Yes,Medium,8.7,Average,0
3644,38,Male,Non-anginal Pain,158,158,105,252,136,69,243,90,6.3,25.4,110,64,176,No,LVH,1.6,Upsloping,2,Reversible Defect,Never,Occasional,High,3534,No,No,No,Yes,Low,7.8,Good,0
3645,75,Male,Non-anginal Pain,172,172,63,321,197,70,234,135,4.9,22.2,129,64,133,No,ST-T Abnormality,1.4,Upsloping,1,Normal,Never,Never,Low,14866,Yes,Yes,No,No,Low,6.8,Average,1
3646,46,Female,Typical Angina,147,147,109,350,210,36,292,167,7.4,31.6,108,98,172,No,ST-T Abnormality,0.5,Flat,4,Normal,Former,Never,Moderate,8485,Yes,Yes,No,No,Medium,6.1,Good,1
3647,38,Male,Asymptomatic,163,163,94,322,187,41,213,151,6.0,18.0,120,100,174,Yes,Normal,1.2,Downsloping,0,Reversible Defect,Never,Never,Low,5173,Yes,No,No,Yes,Medium,7.6,Good,0
3648,30,Male,Typical Angina,132,132,85,311,179,46,288,130,4.9,37.2,123,75,175,Yes,ST-T Abnormality,1.8,Downsloping,4,Reversible Defect,Current,Never,Low,13279,Yes,No,No,Yes,Low,8.8,Good,1
3649,40,Male,Non-anginal Pain,123,123,79,317,192,75,227,126,4.9,33.2,75,94,165,Yes,LVH,0.9,Upsloping,2,Normal,Never,Frequent,Moderate,12984,No,No,No,No,Medium,8.1,Good,1
3650,84,Male,Typical Angina,169,169,61,257,109,35,131,111,8.4,30.7,112,56,127,Yes,Normal,0.0,Flat,1,Normal,Current,Never,Moderate,4994,No,No,No,Yes,Low,7.6,Poor,1
3651,46,Male,Atypical Angina,168,168,98,161,87,32,241,165,7.4,25.5,123,62,175,No,Normal,1.4,Flat,1,Fixed Defect,Current,Frequent,Low,13382,Yes,No,No,No,Medium,5.2,Good,0
3652,60,Female,Atypical Angina,172,172,103,240,112,70,209,128,6.4,22.0,109,77,149,No,Normal,0.0,Upsloping,3,Fixed Defect,Current,Frequent,Low,14437,No,Yes,Yes,No,Low,8.5,Good,1
3653,77,Female,Atypical Angina,165,165,85,216,98,60,247,88,5.7,29.4,80,72,142,No,LVH,0.0,Upsloping,2,Reversible Defect,Former,Never,High,13402,Yes,No,No,No,Low,4.8,Poor,0
3654,32,Female,Atypical Angina,110,110,91,310,132,67,119,157,6.9,39.6,89,61,190,No,Normal,1.1,Flat,2,Fixed Defect,Current,Frequent,Low,10788,Yes,No,No,Yes,Medium,9.0,Good,1
3655,32,Female,Atypical Angina,104,104,75,203,109,38,153,116,9.4,22.8,117,94,197,No,ST-T Abnormality,1.5,Downsloping,3,Normal,Never,Occasional,Moderate,11699,Yes,No,No,Yes,High,4.8,Average,0
3656,38,Female,Asymptomatic,178,178,87,276,187,46,234,138,6.6,25.8,97,62,179,No,ST-T Abnormality,0.1,Upsloping,1,Fixed Defect,Former,Occasional,Moderate,11162,Yes,No,Yes,Yes,Medium,7.9,Average,0
3657,36,Male,Asymptomatic,150,150,61,366,175,80,233,108,8.3,23.8,71,97,173,Yes,LVH,0.9,Downsloping,4,Reversible Defect,Never,Never,Low,6269,Yes,No,No,No,Medium,8.6,Average,1
3658,86,Male,Typical Angina,155,155,84,213,117,30,87,174,9.2,38.7,97,83,141,No,LVH,2.2,Flat,1,Fixed Defect,Current,Occasional,High,4936,No,Yes,No,No,High,6.7,Good,1
3659,50,Male,Non-anginal Pain,161,161,64,337,174,79,104,137,7.3,32.5,112,94,174,No,LVH,1.7,Flat,2,Reversible Defect,Never,Never,Moderate,3167,No,No,Yes,No,High,5.2,Average,1
3660,40,Male,Non-anginal Pain,180,180,60,231,107,41,174,125,5.3,19.6,120,83,174,No,LVH,0.0,Flat,4,Normal,Never,Occasional,High,8210,Yes,No,No,No,High,5.2,Average,0
3661,58,Male,Typical Angina,163,163,73,304,156,41,233,163,8.7,30.8,112,56,170,No,LVH,1.1,Upsloping,1,Normal,Current,Frequent,High,6042,Yes,No,Yes,No,Low,6.9,Good,1
3662,28,Male,Typical Angina,129,129,102,236,108,68,110,134,9.4,32.5,127,57,200,Yes,ST-T Abnormality,2.2,Flat,0,Normal,Former,Never,Moderate,6983,No,No,No,No,Medium,5.0,Good,1
3663,57,Female,Asymptomatic,136,136,63,264,135,41,146,103,9.1,21.3,100,57,157,No,ST-T Abnormality,0.0,Upsloping,0,Fixed Defect,Former,Occasional,Moderate,13788,Yes,No,No,No,Low,7.7,Good,0
3664,26,Male,Asymptomatic,153,153,85,267,84,66,129,165,6.2,38.7,100,65,199,No,LVH,1.4,Upsloping,0,Normal,Never,Frequent,Moderate,14015,Yes,Yes,No,No,Low,8.0,Poor,0
3665,88,Female,Non-anginal Pain,156,156,64,233,120,66,131,173,8.3,35.2,91,69,138,No,ST-T Abnormality,1.8,Upsloping,3,Reversible Defect,Never,Occasional,Moderate,3957,Yes,Yes,No,No,Low,6.9,Average,0
3666,58,Male,Typical Angina,144,144,95,364,211,45,176,125,5.0,26.3,75,78,169,Yes,ST-T Abnormality,0.0,Downsloping,4,Reversible Defect,Never,Occasional,Moderate,11113,Yes,No,Yes,No,Medium,7.6,Poor,1
3667,68,Female,Typical Angina,152,152,73,311,163,55,234,104,6.9,21.8,97,85,157,No,ST-T Abnormality,1.5,Downsloping,2,Normal,Former,Occasional,Moderate,10380,Yes,No,No,No,Low,5.6,Poor,0
3668,51,Female,Typical Angina,136,136,104,346,155,80,249,107,7.1,34.4,127,77,156,No,ST-T Abnormality,1.1,Upsloping,1,Normal,Never,Never,Low,12924,Yes,No,Yes,Yes,High,8.6,Poor,0
3669,90,Female,Non-anginal Pain,131,131,101,207,118,39,117,168,9.1,23.2,105,60,122,No,LVH,1.4,Flat,3,Normal,Current,Frequent,Moderate,10855,No,No,Yes,No,High,7.6,Good,1
3670,68,Female,Typical Angina,104,104,92,286,110,56,113,152,8.6,30.2,116,65,159,Yes,LVH,1.3,Upsloping,2,Reversible Defect,Never,Never,Moderate,3986,Yes,No,Yes,No,High,5.8,Average,1
3671,68,Female,Typical Angina,170,170,95,240,113,61,236,164,6.9,33.6,122,63,142,No,Normal,2.1,Downsloping,2,Fixed Defect,Former,Occasional,Low,2121,No,No,No,No,Medium,6.4,Average,1
3672,29,Female,Atypical Angina,135,135,73,258,110,69,233,168,7.1,32.8,118,77,193,Yes,LVH,0.3,Downsloping,3,Normal,Former,Frequent,Low,2347,No,No,No,Yes,Medium,8.5,Good,0
3673,32,Female,Asymptomatic,131,131,64,335,158,77,211,93,6.1,36.2,92,94,178,No,Normal,2.8,Downsloping,2,Normal,Never,Frequent,Low,5570,No,No,No,Yes,High,6.1,Poor,0
3674,73,Male,Typical Angina,173,173,73,333,157,64,89,170,7.7,33.3,117,98,154,No,Normal,0.0,Upsloping,1,Fixed Defect,Never,Occasional,High,10894,Yes,No,Yes,Yes,High,5.5,Good,1
3675,36,Female,Non-anginal Pain,143,143,65,289,171,70,129,112,7.0,25.5,94,90,173,Yes,ST-T Abnormality,1.2,Downsloping,0,Normal,Never,Never,Moderate,3523,No,No,No,Yes,High,8.3,Poor,0
3676,77,Male,Non-anginal Pain,145,145,91,326,202,51,260,110,7.4,35.1,102,74,129,No,Normal,1.6,Downsloping,4,Normal,Former,Occasional,Moderate,6988,No,No,No,No,Low,6.9,Good,1
3677,36,Female,Typical Angina,160,160,98,306,151,54,280,159,6.5,35.3,88,71,190,Yes,LVH,0.9,Flat,4,Fixed Defect,Current,Occasional,Moderate,14835,Yes,No,No,No,Medium,6.2,Good,1
3678,69,Male,Non-anginal Pain,124,124,102,204,105,44,194,136,7.9,31.5,122,56,160,No,ST-T Abnormality,3.5,Upsloping,0,Normal,Former,Never,Moderate,8210,No,No,Yes,No,Low,8.5,Average,0
3679,85,Male,Typical Angina,113,113,95,298,167,72,236,140,7.1,23.0,97,59,126,No,ST-T Abnormality,0.0,Downsloping,2,Normal,Current,Frequent,Moderate,14886,No,Yes,No,Yes,Medium,5.9,Good,1
3680,65,Female,Non-anginal Pain,102,102,85,256,74,63,239,98,5.4,37.8,115,72,150,No,Normal,0.0,Upsloping,1,Normal,Former,Frequent,High,7211,No,No,No,Yes,High,7.0,Poor,0
3681,49,Male,Asymptomatic,137,137,69,264,98,56,130,132,6.4,27.9,105,82,180,No,LVH,0.0,Downsloping,4,Fixed Defect,Current,Occasional,High,13356,Yes,No,Yes,Yes,Low,8.0,Average,1
3682,31,Male,Atypical Angina,137,137,63,250,146,59,239,145,5.6,37.8,104,88,198,No,Normal,0.9,Flat,4,Fixed Defect,Never,Occasional,High,8606,Yes,No,No,Yes,Low,7.3,Good,0
3683,64,Female,Non-anginal Pain,151,151,83,227,70,38,124,87,4.8,38.7,80,93,164,No,LVH,0.0,Downsloping,0,Normal,Current,Frequent,Low,2743,No,Yes,No,No,High,6.8,Good,1
3684,46,Male,Atypical Angina,166,166,71,252,76,70,224,153,7.2,29.2,98,72,181,No,LVH,2.0,Upsloping,0,Reversible Defect,Never,Occasional,Moderate,7935,No,Yes,Yes,No,Medium,8.2,Average,1
3685,56,Male,Non-anginal Pain,142,142,65,318,167,64,276,130,6.5,26.9,70,74,149,No,LVH,2.4,Flat,2,Reversible Defect,Current,Never,Low,3800,No,No,No,Yes,Low,8.4,Average,1
3686,45,Female,Asymptomatic,174,174,90,251,144,42,71,168,5.0,36.3,109,71,168,No,Normal,2.0,Downsloping,0,Reversible Defect,Never,Occasional,High,14621,Yes,Yes,Yes,No,Medium,8.1,Poor,1
3687,87,Male,Asymptomatic,124,124,88,325,204,48,144,172,4.9,30.5,119,79,131,No,LVH,0.7,Upsloping,4,Normal,Never,Never,Low,5860,No,No,Yes,Yes,Medium,8.1,Poor,1
3688,52,Male,Non-anginal Pain,143,143,69,242,126,39,78,147,7.4,21.5,97,95,166,No,LVH,1.3,Flat,1,Fixed Defect,Former,Occasional,Moderate,11932,No,No,Yes,No,Medium,7.2,Average,0
3689,51,Male,Atypical Angina,156,156,67,401,213,77,120,109,6.8,19.1,128,68,163,Yes,ST-T Abnormality,2.4,Downsloping,2,Normal,Current,Frequent,High,3805,No,No,No,Yes,Medium,9.0,Poor,1
3690,29,Male,Non-anginal Pain,166,166,110,307,216,42,256,134,5.5,26.7,125,67,188,No,LVH,1.0,Flat,0,Normal,Former,Frequent,High,9881,Yes,No,Yes,Yes,Low,6.5,Poor,0
3691,45,Female,Non-anginal Pain,114,114,101,260,167,53,162,126,5.8,33.1,81,88,168,No,LVH,1.8,Downsloping,2,Normal,Former,Frequent,Moderate,2470,Yes,No,Yes,No,Medium,8.8,Average,0
3692,37,Male,Atypical Angina,159,159,77,226,114,67,273,130,6.3,25.0,94,70,186,No,Normal,0.7,Upsloping,4,Normal,Former,Frequent,Moderate,5300,Yes,No,No,Yes,Low,6.0,Good,0
3693,31,Female,Non-anginal Pain,171,171,70,332,142,77,218,175,6.6,19.8,122,99,174,No,Normal,0.3,Downsloping,0,Fixed Defect,Never,Frequent,High,13972,Yes,No,No,Yes,Medium,6.4,Good,0
3694,39,Female,Atypical Angina,142,142,80,333,201,40,140,146,8.8,21.7,79,57,170,No,ST-T Abnormality,0.0,Upsloping,4,Reversible Defect,Former,Occasional,Moderate,8646,No,No,Yes,Yes,Medium,8.4,Poor,0
3695,82,Male,Non-anginal Pain,155,155,64,178,89,41,71,175,8.3,36.2,106,55,136,Yes,LVH,0.4,Flat,4,Normal,Former,Frequent,Low,4768,Yes,No,No,Yes,Low,5.6,Poor,1
3696,66,Female,Typical Angina,146,146,68,293,175,41,154,83,8.8,18.6,103,83,141,No,ST-T Abnormality,1.6,Upsloping,0,Reversible Defect,Former,Never,High,14971,Yes,No,Yes,Yes,High,8.2,Good,1
3697,49,Female,Atypical Angina,179,179,69,298,117,68,175,91,8.6,33.6,115,67,175,No,Normal,0.7,Upsloping,2,Normal,Former,Occasional,High,8712,No,No,Yes,Yes,Medium,6.9,Poor,1
3698,86,Male,Asymptomatic,145,145,81,236,159,37,155,98,8.6,33.2,92,61,130,No,Normal,2.1,Flat,2,Fixed Defect,Never,Occasional,Moderate,12296,No,Yes,Yes,Yes,High,5.2,Poor,1
3699,37,Male,Typical Angina,122,122,79,189,89,38,84,161,8.9,28.7,76,79,169,Yes,LVH,2.1,Flat,0,Reversible Defect,Current,Never,Low,9522,Yes,No,No,No,High,6.2,Good,1
3700,54,Female,Typical Angina,161,161,98,380,220,61,252,122,6.8,30.3,128,85,156,No,ST-T Abnormality,2.1,Flat,2,Reversible Defect,Current,Never,Moderate,12461,No,No,Yes,Yes,Medium,5.8,Poor,1
3701,49,Female,Non-anginal Pain,112,112,84,264,151,59,134,144,5.7,22.7,81,67,166,No,LVH,2.6,Flat,1,Reversible Defect,Never,Never,Moderate,5364,No,No,No,No,High,8.7,Good,0
3702,45,Male,Non-anginal Pain,157,157,86,258,146,54,120,175,4.9,19.5,95,57,180,No,LVH,1.7,Flat,0,Normal,Former,Frequent,Low,3074,No,No,No,No,High,4.8,Poor,0
3703,51,Male,Non-anginal Pain,153,153,90,258,92,57,172,101,8.5,23.7,79,98,160,No,LVH,2.6,Downsloping,1,Reversible Defect,Former,Never,Moderate,5929,No,No,No,Yes,High,8.5,Average,0
3704,25,Male,Typical Angina,173,173,67,282,150,65,223,157,7.4,31.3,71,88,200,No,LVH,2.1,Downsloping,1,Fixed Defect,Never,Never,Low,6096,No,No,No,No,Medium,4.6,Poor,0
3705,45,Female,Atypical Angina,126,126,102,299,190,49,261,152,6.6,33.5,129,55,173,No,LVH,1.1,Downsloping,3,Fixed Defect,Never,Frequent,Moderate,7600,Yes,No,No,No,Medium,5.3,Average,0
3706,46,Female,Non-anginal Pain,114,114,62,257,80,76,128,129,5.5,29.2,102,93,164,No,Normal,3.2,Flat,4,Normal,Never,Frequent,Moderate,13383,Yes,No,Yes,No,Low,6.8,Poor,1
3707,62,Female,Atypical Angina,157,157,86,318,208,56,104,117,8.5,31.8,115,100,154,Yes,ST-T Abnormality,2.6,Flat,0,Fixed Defect,Never,Occasional,Moderate,10311,Yes,No,No,No,High,7.1,Good,1
3708,65,Female,Atypical Angina,128,128,65,266,108,76,272,115,6.9,25.6,105,74,163,No,ST-T Abnormality,1.0,Flat,0,Reversible Defect,Former,Occasional,Moderate,10607,No,Yes,No,No,Low,7.3,Average,0
3709,34,Male,Asymptomatic,126,126,80,261,140,33,273,135,7.2,24.3,109,99,195,No,ST-T Abnormality,0.0,Upsloping,3,Reversible Defect,Never,Occasional,Moderate,7268,No,No,Yes,No,Low,8.7,Average,1
3710,54,Male,Atypical Angina,155,155,95,356,208,78,173,167,8.1,31.3,123,66,157,No,LVH,1.5,Downsloping,0,Reversible Defect,Former,Frequent,Low,5570,No,Yes,Yes,No,High,8.4,Poor,1
3711,77,Male,Typical Angina,151,151,91,272,74,79,226,115,5.2,27.8,114,59,145,No,Normal,0.5,Upsloping,3,Fixed Defect,Former,Never,High,6135,Yes,No,No,No,Medium,8.0,Average,0
3712,31,Female,Asymptomatic,130,130,73,330,172,74,164,166,5.2,21.4,97,70,180,Yes,Normal,1.4,Upsloping,1,Normal,Never,Frequent,High,5760,No,No,No,Yes,Low,8.1,Good,0
3713,69,Female,Typical Angina,136,136,92,262,126,70,277,83,6.4,25.0,100,64,148,No,Normal,2.0,Downsloping,2,Fixed Defect,Never,Occasional,High,5502,No,No,No,No,Low,6.6,Average,0
3714,68,Male,Non-anginal Pain,167,167,60,253,113,70,254,133,7.8,38.7,100,84,147,Yes,LVH,0.0,Flat,4,Fixed Defect,Former,Occasional,Moderate,2580,Yes,Yes,No,No,High,8.3,Good,1
3715,47,Female,Typical Angina,174,174,110,232,133,52,271,115,6.9,25.3,128,95,176,No,ST-T Abnormality,1.9,Flat,0,Reversible Defect,Never,Occasional,Moderate,10458,No,No,No,No,Medium,8.1,Good,0
3716,47,Female,Atypical Angina,139,139,91,286,122,64,160,119,7.0,28.3,76,76,162,No,Normal,0.0,Downsloping,3,Reversible Defect,Never,Never,Low,4152,Yes,No,No,No,High,6.1,Poor,0
3717,43,Female,Asymptomatic,137,137,66,347,185,56,247,100,6.8,28.6,91,76,185,No,ST-T Abnormality,1.4,Upsloping,4,Reversible Defect,Never,Occasional,Low,7051,Yes,No,No,Yes,Low,8.6,Good,0
3718,80,Female,Asymptomatic,137,137,93,319,179,57,157,149,5.2,21.7,119,84,134,No,ST-T Abnormality,1.1,Downsloping,2,Fixed Defect,Current,Occasional,Low,11200,No,Yes,No,Yes,Medium,4.6,Good,1
3719,72,Female,Non-anginal Pain,129,129,80,333,163,66,237,122,7.2,21.7,123,63,148,No,LVH,0.3,Upsloping,1,Fixed Defect,Never,Never,High,2709,No,No,Yes,No,High,5.5,Poor,0
3720,87,Female,Asymptomatic,170,170,103,314,160,36,293,102,7.6,35.8,122,81,121,Yes,ST-T Abnormality,0.7,Downsloping,3,Normal,Former,Occasional,Moderate,10110,No,No,No,No,Medium,5.6,Average,1
3721,61,Male,Typical Angina,107,107,60,204,73,77,120,124,9.4,36.5,121,85,144,Yes,ST-T Abnormality,1.7,Flat,0,Fixed Defect,Current,Occasional,Low,3025,Yes,No,Yes,Yes,Low,8.9,Poor,1
3722,32,Female,Non-anginal Pain,119,119,85,280,166,45,102,174,7.5,21.3,124,81,194,Yes,ST-T Abnormality,3.8,Flat,1,Normal,Never,Occasional,Moderate,5878,No,No,No,Yes,High,4.8,Good,1
3723,36,Female,Atypical Angina,147,147,110,250,102,64,265,84,8.5,30.6,87,98,171,Yes,Normal,0.9,Flat,1,Reversible Defect,Never,Never,Low,7019,No,No,No,No,Medium,5.4,Average,0
3724,83,Female,Typical Angina,143,143,87,218,102,53,194,163,5.2,23.1,99,55,131,No,ST-T Abnormality,1.1,Upsloping,3,Normal,Current,Occasional,High,14238,No,Yes,Yes,Yes,High,7.5,Poor,1
3725,72,Male,Atypical Angina,166,166,83,262,116,66,172,104,8.9,25.4,98,76,133,No,ST-T Abnormality,1.3,Upsloping,4,Normal,Former,Occasional,High,10394,No,No,No,No,Medium,7.9,Average,0
3726,28,Male,Non-anginal Pain,124,124,70,248,123,63,225,174,8.3,19.8,92,100,185,No,ST-T Abnormality,1.4,Flat,0,Normal,Former,Occasional,Low,7621,No,No,No,No,Low,4.8,Average,0
3727,38,Male,Asymptomatic,148,148,64,241,133,61,193,159,8.8,18.7,85,94,178,No,LVH,1.8,Upsloping,0,Fixed Defect,Current,Occasional,Moderate,9055,Yes,Yes,No,Yes,High,6.7,Good,1
3728,78,Male,Typical Angina,113,113,93,341,161,80,101,136,7.3,27.0,121,84,149,No,LVH,2.6,Upsloping,1,Fixed Defect,Former,Occasional,Low,10978,No,No,Yes,No,Medium,5.9,Average,1
3729,35,Male,Atypical Angina,141,141,67,317,147,63,89,107,7.1,21.5,95,89,179,No,LVH,1.6,Upsloping,3,Normal,Never,Never,Moderate,10041,No,No,No,Yes,Medium,8.9,Average,0
3730,78,Male,Atypical Angina,124,124,73,230,138,46,168,93,8.1,26.4,130,70,139,No,ST-T Abnormality,2.1,Flat,0,Normal,Current,Never,Moderate,5670,No,Yes,Yes,Yes,Low,7.3,Poor,1
3731,35,Male,Typical Angina,165,165,96,282,133,79,209,86,5.3,28.9,114,74,178,Yes,ST-T Abnormality,0.2,Upsloping,0,Normal,Never,Occasional,High,2205,Yes,No,No,No,High,7.7,Good,0
3732,71,Male,Atypical Angina,114,114,73,294,146,66,187,161,5.8,29.4,83,72,136,No,ST-T Abnormality,1.4,Flat,2,Fixed Defect,Never,Frequent,High,13472,Yes,No,No,Yes,High,6.3,Good,0
3733,76,Male,Asymptomatic,143,143,60,206,86,31,226,134,7.0,20.7,100,96,132,No,ST-T Abnormality,1.9,Flat,1,Fixed Defect,Never,Occasional,Low,13038,No,No,No,Yes,Low,8.0,Good,0
3734,51,Female,Asymptomatic,124,124,87,274,165,40,164,80,9.0,27.6,84,92,157,No,ST-T Abnormality,2.6,Flat,0,Reversible Defect,Never,Never,High,10064,No,No,Yes,Yes,Medium,8.6,Good,0
3735,37,Female,Asymptomatic,145,145,98,309,177,78,107,108,8.3,37.0,73,92,177,No,LVH,1.2,Upsloping,1,Reversible Defect,Current,Frequent,Low,12147,Yes,No,No,Yes,Low,4.6,Average,1
3736,57,Male,Typical Angina,118,118,71,265,106,75,289,165,8.4,39.0,113,65,149,No,ST-T Abnormality,0.0,Upsloping,0,Normal,Never,Never,Moderate,7902,Yes,Yes,No,Yes,Medium,5.7,Poor,0
3737,61,Female,Typical Angina,150,150,73,258,135,38,287,125,5.6,24.0,91,83,147,No,Normal,0.0,Downsloping,1,Reversible Defect,Former,Occasional,Moderate,7700,No,No,No,No,Medium,5.0,Good,0
3738,27,Male,Typical Angina,168,168,88,262,112,44,170,146,5.4,35.1,83,83,190,No,Normal,0.3,Flat,1,Fixed Defect,Never,Never,Low,9456,Yes,No,No,Yes,Medium,7.1,Poor,0
3739,33,Female,Non-anginal Pain,176,176,63,292,161,31,106,92,9.4,37.6,96,96,197,No,LVH,0.5,Upsloping,0,Reversible Defect,Former,Never,Low,13006,Yes,No,No,Yes,Low,4.6,Average,1
3740,36,Female,Atypical Angina,133,133,87,375,211,53,90,160,6.9,29.4,108,84,178,No,LVH,0.8,Upsloping,3,Fixed Defect,Never,Never,Moderate,9568,No,No,No,Yes,Low,4.5,Good,0
3741,35,Female,Atypical Angina,145,145,89,265,120,76,251,86,8.2,36.0,126,73,175,No,LVH,1.8,Upsloping,2,Reversible Defect,Never,Never,Low,8119,Yes,No,No,No,High,6.0,Poor,0
3742,61,Female,Atypical Angina,156,156,83,336,151,67,89,179,5.6,18.6,102,75,151,No,ST-T Abnormality,3.5,Downsloping,0,Reversible Defect,Current,Frequent,Low,4515,Yes,Yes,No,Yes,Medium,5.8,Poor,1
3743,27,Male,Atypical Angina,132,132,102,297,171,35,103,144,5.5,19.9,126,99,200,Yes,LVH,0.8,Flat,0,Normal,Never,Occasional,High,9937,Yes,Yes,No,Yes,High,5.8,Average,1
3744,57,Male,Atypical Angina,144,144,84,348,210,48,257,127,9.0,25.3,128,98,165,No,ST-T Abnormality,0.5,Flat,1,Normal,Current,Frequent,Low,11945,Yes,No,No,Yes,Medium,8.0,Average,1
3745,64,Male,Asymptomatic,172,172,72,334,148,76,190,88,5.4,22.1,97,77,148,No,ST-T Abnormality,0.7,Upsloping,0,Fixed Defect,Current,Occasional,Low,13932,No,Yes,Yes,Yes,Medium,5.3,Good,1
3746,38,Female,Typical Angina,128,128,84,362,199,47,99,141,6.2,36.7,70,73,179,No,LVH,1.2,Flat,3,Fixed Defect,Former,Occasional,Moderate,5004,Yes,No,No,Yes,Medium,8.8,Poor,0
3747,82,Male,Atypical Angina,180,180,95,371,197,77,230,134,5.4,25.3,104,90,126,No,ST-T Abnormality,0.0,Upsloping,0,Normal,Never,Occasional,Moderate,13760,No,No,Yes,No,Medium,5.7,Average,0
3748,48,Male,Typical Angina,112,112,78,186,83,46,187,119,9.0,32.5,122,100,181,No,Normal,2.0,Downsloping,0,Normal,Former,Occasional,Moderate,3463,Yes,Yes,No,Yes,Low,5.1,Good,0
3749,61,Male,Non-anginal Pain,144,144,72,339,192,49,136,87,8.5,28.9,75,71,148,Yes,ST-T Abnormality,0.0,Upsloping,0,Normal,Current,Occasional,Moderate,6035,No,No,Yes,Yes,Low,6.8,Good,1
3750,60,Male,Asymptomatic,158,158,78,307,195,65,240,122,8.4,34.5,98,78,168,No,Normal,1.2,Upsloping,4,Fixed Defect,Current,Frequent,Low,11243,No,No,No,Yes,Medium,6.5,Poor,1
3751,37,Male,Asymptomatic,152,152,63,308,180,36,82,115,7.3,21.9,74,60,173,No,Normal,1.7,Upsloping,1,Normal,Current,Occasional,High,10700,Yes,No,No,Yes,High,6.6,Good,1
3752,87,Female,Typical Angina,102,102,96,253,119,76,154,153,9.3,36.1,94,93,141,No,ST-T Abnormality,2.6,Flat,1,Normal,Current,Frequent,Low,11598,Yes,No,No,Yes,High,5.9,Poor,1
3753,48,Male,Non-anginal Pain,172,172,107,225,95,65,148,162,9.1,22.0,124,71,170,No,ST-T Abnormality,0.4,Downsloping,4,Normal,Former,Occasional,Low,14398,No,No,Yes,Yes,High,4.7,Poor,1
3754,41,Female,Typical Angina,103,103,94,219,72,78,224,149,8.6,39.2,117,70,189,No,ST-T Abnormality,2.5,Flat,2,Normal,Never,Occasional,Low,10609,No,No,Yes,No,Medium,7.6,Average,1
3755,50,Male,Typical Angina,131,131,105,345,198,62,188,96,7.0,31.7,110,74,172,No,ST-T Abnormality,0.8,Downsloping,4,Fixed Defect,Current,Frequent,Moderate,3209,No,No,No,No,Low,7.4,Good,0
3756,64,Male,Non-anginal Pain,142,142,71,283,191,49,220,89,8.3,19.6,85,64,155,No,Normal,2.8,Upsloping,1,Normal,Former,Frequent,Low,5450,No,No,Yes,No,Low,8.1,Good,1
3757,62,Female,Atypical Angina,108,108,71,252,110,44,180,158,6.5,25.3,114,84,145,No,ST-T Abnormality,2.6,Upsloping,4,Fixed Defect,Never,Never,Moderate,7184,No,Yes,Yes,No,High,6.2,Average,1
3758,34,Female,Atypical Angina,178,178,75,296,135,65,192,165,8.5,19.7,94,56,181,No,LVH,0.4,Upsloping,4,Normal,Never,Never,High,5064,No,No,Yes,No,Low,6.5,Average,0
3759,76,Female,Asymptomatic,127,127,81,310,211,41,183,109,6.2,29.8,90,62,141,No,LVH,3.1,Downsloping,2,Normal,Former,Occasional,High,4043,No,No,Yes,Yes,Low,8.5,Average,1
3760,35,Male,Non-anginal Pain,133,133,98,353,220,37,293,180,8.9,35.4,98,83,170,No,LVH,1.8,Flat,3,Normal,Former,Never,Moderate,6124,Yes,No,No,Yes,High,4.5,Good,1
3761,42,Male,Asymptomatic,151,151,96,228,91,37,165,85,5.0,19.2,89,71,178,No,Normal,0.0,Upsloping,0,Normal,Former,Occasional,High,6856,No,No,Yes,Yes,Medium,7.3,Good,0
3762,82,Male,Atypical Angina,180,180,65,250,109,75,75,110,7.2,20.8,100,72,126,Yes,ST-T Abnormality,1.2,Upsloping,0,Normal,Never,Never,Low,8316,No,Yes,Yes,Yes,Low,6.5,Good,1
3763,67,Female,Atypical Angina,173,173,89,246,155,36,73,129,8.8,18.9,111,65,150,Yes,ST-T Abnormality,0.6,Upsloping,3,Reversible Defect,Current,Frequent,Moderate,6855,No,No,Yes,Yes,High,6.3,Average,1
3764,43,Male,Non-anginal Pain,169,169,72,220,107,50,251,105,8.5,21.5,101,62,164,No,LVH,1.4,Flat,0,Normal,Current,Never,Moderate,14737,No,Yes,No,No,Medium,5.5,Good,1
3765,63,Female,Typical Angina,108,108,87,234,123,43,151,99,7.1,36.1,123,93,154,No,Normal,1.4,Upsloping,1,Reversible Defect,Former,Never,High,10875,No,No,No,No,Medium,7.6,Poor,0
3766,77,Female,Typical Angina,172,172,66,322,215,52,99,85,8.0,34.0,106,98,151,Yes,Normal,0.0,Upsloping,4,Fixed Defect,Current,Frequent,Low,14956,Yes,No,No,Yes,Low,6.3,Good,1
3767,90,Female,Atypical Angina,167,167,110,325,188,52,100,110,7.4,34.3,71,99,131,No,ST-T Abnormality,1.4,Downsloping,1,Normal,Current,Occasional,Low,4047,No,No,Yes,No,Low,7.7,Average,1
3768,81,Male,Atypical Angina,180,180,86,210,81,69,279,83,6.3,32.9,83,77,147,Yes,Normal,0.0,Flat,4,Reversible Defect,Former,Occasional,Low,12502,Yes,No,Yes,Yes,Low,8.5,Good,1
3769,27,Male,Asymptomatic,145,145,78,383,211,69,251,102,6.9,23.9,129,80,194,Yes,ST-T Abnormality,1.4,Upsloping,1,Reversible Defect,Current,Occasional,High,7623,No,No,No,Yes,Low,7.6,Poor,0
3770,78,Female,Typical Angina,159,159,73,379,207,71,114,84,7.9,27.9,120,84,143,No,Normal,1.1,Upsloping,2,Normal,Current,Frequent,High,3952,No,Yes,No,Yes,Medium,7.7,Good,1
3771,88,Female,Non-anginal Pain,133,133,76,219,80,30,167,133,7.0,31.8,123,61,130,No,LVH,1.8,Upsloping,3,Fixed Defect,Former,Occasional,Low,6588,No,No,No,Yes,High,6.9,Poor,0
3772,62,Female,Asymptomatic,142,142,61,363,213,47,117,94,6.8,28.6,110,87,152,Yes,ST-T Abnormality,0.7,Upsloping,2,Normal,Current,Frequent,Moderate,10796,Yes,No,Yes,Yes,Low,7.0,Good,1
3773,54,Male,Non-anginal Pain,170,170,70,218,98,44,266,141,9.4,28.4,100,86,164,No,Normal,0.8,Downsloping,3,Fixed Defect,Current,Never,Moderate,11719,No,Yes,No,No,Medium,4.5,Good,0
3774,42,Male,Asymptomatic,153,153,77,254,164,32,281,103,8.6,26.6,104,98,186,No,LVH,0.0,Flat,4,Reversible Defect,Never,Frequent,Moderate,9005,No,No,No,Yes,Medium,8.8,Poor,0
3775,28,Female,Non-anginal Pain,114,114,101,355,212,33,281,166,7.3,38.8,70,62,190,No,LVH,1.0,Upsloping,3,Reversible Defect,Current,Frequent,High,5565,Yes,No,No,Yes,Low,5.9,Average,1
3776,46,Female,Atypical Angina,101,101,78,333,194,32,78,111,8.8,37.4,118,66,165,No,LVH,1.1,Upsloping,0,Fixed Defect,Current,Never,Low,6035,Yes,No,No,Yes,Medium,7.9,Good,1
3777,43,Male,Typical Angina,100,100,92,312,130,73,128,176,5.7,32.0,94,96,175,No,ST-T Abnormality,0.4,Upsloping,4,Reversible Defect,Never,Never,Low,4654,Yes,No,No,Yes,Medium,6.7,Good,0
3778,36,Male,Asymptomatic,163,163,110,220,92,38,105,119,7.3,19.0,98,99,184,No,LVH,0.5,Flat,1,Reversible Defect,Never,Occasional,High,8490,Yes,No,No,Yes,High,6.5,Average,0
3779,36,Female,Asymptomatic,112,112,67,220,136,41,92,154,5.4,37.0,120,85,173,Yes,LVH,0.8,Upsloping,2,Reversible Defect,Never,Never,High,5555,No,No,No,Yes,High,8.4,Poor,0
3780,40,Female,Atypical Angina,120,120,63,209,110,45,159,117,6.1,22.7,94,60,181,No,Normal,0.9,Flat,3,Reversible Defect,Never,Occasional,Moderate,12895,No,No,Yes,Yes,Low,7.6,Poor,0
3781,87,Male,Typical Angina,102,102,95,215,87,53,173,113,9.4,24.5,104,70,133,No,LVH,1.7,Flat,2,Fixed Defect,Former,Occasional,Moderate,6359,No,Yes,Yes,No,Medium,8.6,Good,1
3782,31,Female,Atypical Angina,179,179,64,245,125,77,86,89,8.3,36.9,101,87,190,No,Normal,1.3,Upsloping,4,Reversible Defect,Current,Frequent,Low,5855,No,No,No,Yes,High,7.1,Average,1
3783,50,Male,Non-anginal Pain,117,117,78,293,150,31,234,166,5.2,33.3,95,68,177,No,Normal,1.2,Flat,3,Normal,Never,Never,High,6293,Yes,Yes,No,Yes,Low,6.6,Average,1
3784,64,Male,Atypical Angina,115,115,67,200,85,62,73,155,9.1,24.7,117,92,162,No,LVH,0.8,Flat,2,Fixed Defect,Never,Occasional,High,13644,No,Yes,No,No,Medium,7.8,Poor,1
3785,64,Female,Non-anginal Pain,150,150,89,272,116,60,120,136,6.7,37.0,82,66,151,Yes,ST-T Abnormality,2.2,Upsloping,4,Fixed Defect,Former,Frequent,Moderate,10276,No,No,No,No,Low,5.3,Average,1
3786,77,Male,Non-anginal Pain,175,175,96,227,107,77,198,137,7.3,33.8,95,97,138,Yes,ST-T Abnormality,1.4,Downsloping,3,Fixed Defect,Never,Frequent,Low,11714,Yes,No,No,Yes,Medium,4.6,Good,1
3787,45,Male,Non-anginal Pain,107,107,81,301,181,76,182,118,7.9,24.7,70,100,171,No,LVH,0.0,Downsloping,4,Fixed Defect,Never,Never,Low,10867,No,Yes,No,Yes,Low,5.9,Average,1
3788,71,Male,Asymptomatic,154,154,78,276,81,79,199,87,5.8,30.3,125,80,144,No,ST-T Abnormality,1.0,Downsloping,1,Reversible Defect,Never,Occasional,Moderate,3663,No,No,No,No,Medium,6.1,Good,0
3789,51,Female,Non-anginal Pain,157,157,69,261,140,34,290,147,9.0,26.0,94,88,176,Yes,Normal,0.3,Upsloping,3,Reversible Defect,Never,Frequent,High,6269,Yes,No,Yes,No,Medium,8.7,Good,1
3790,55,Male,Non-anginal Pain,146,146,79,242,127,48,158,159,5.5,28.1,115,66,167,No,LVH,1.8,Downsloping,4,Fixed Defect,Current,Occasional,Low,11713,No,No,Yes,No,High,5.6,Good,1
3791,88,Male,Typical Angina,152,152,82,341,211,35,82,179,7.2,22.4,90,94,125,Yes,ST-T Abnormality,0.6,Flat,3,Normal,Never,Frequent,Moderate,12992,No,Yes,Yes,No,Low,8.4,Average,1
3792,79,Female,Asymptomatic,119,119,88,259,134,34,285,174,7.5,31.5,74,99,139,Yes,Normal,3.3,Downsloping,3,Fixed Defect,Never,Occasional,High,3421,Yes,No,No,Yes,Low,6.5,Average,1
3793,38,Male,Typical Angina,152,152,71,309,174,31,101,171,8.1,32.4,105,64,179,No,Normal,0.0,Flat,0,Reversible Defect,Never,Never,Moderate,14771,No,No,No,Yes,Low,6.1,Average,0
3794,50,Male,Atypical Angina,121,121,102,319,162,63,112,92,9.0,25.9,113,76,177,Yes,LVH,0.7,Flat,0,Fixed Defect,Former,Occasional,Low,12280,Yes,Yes,Yes,Yes,Medium,7.2,Poor,1
3795,85,Male,Non-anginal Pain,122,122,73,341,205,79,85,170,8.8,34.8,70,68,130,Yes,LVH,2.4,Flat,4,Normal,Current,Frequent,High,2189,Yes,Yes,No,No,High,6.0,Good,1
3796,37,Female,Asymptomatic,117,117,99,275,139,30,73,129,8.4,30.5,88,77,172,No,Normal,0.5,Downsloping,2,Reversible Defect,Former,Frequent,Low,5942,Yes,Yes,No,No,High,6.0,Poor,1
3797,33,Female,Typical Angina,161,161,64,290,118,54,126,84,6.8,26.2,83,91,181,No,ST-T Abnormality,0.9,Downsloping,2,Reversible Defect,Never,Never,Moderate,12454,Yes,No,No,No,High,5.5,Poor,0
3798,57,Female,Non-anginal Pain,163,163,62,222,84,40,110,148,8.5,33.3,99,65,163,Yes,ST-T Abnormality,1.8,Upsloping,0,Reversible Defect,Former,Occasional,Low,9799,No,Yes,Yes,No,Low,7.8,Poor,1
3799,81,Female,Asymptomatic,124,124,84,281,84,80,162,84,5.4,18.2,121,62,144,Yes,Normal,2.3,Downsloping,3,Reversible Defect,Current,Never,Moderate,12431,No,Yes,No,No,Low,4.9,Poor,1
3800,43,Male,Typical Angina,172,172,61,329,183,75,115,97,8.1,28.3,95,98,179,No,Normal,0.0,Flat,1,Fixed Defect,Never,Frequent,Low,8608,No,No,No,No,Low,8.2,Average,0
3801,26,Male,Atypical Angina,121,121,93,255,144,55,225,175,5.5,33.3,121,89,194,No,ST-T Abnormality,2.7,Flat,0,Fixed Defect,Never,Occasional,Moderate,3649,Yes,No,No,No,High,8.5,Good,0
3802,31,Male,Asymptomatic,124,124,109,281,171,47,183,150,7.0,39.5,126,77,180,Yes,ST-T Abnormality,2.7,Upsloping,2,Fixed Defect,Never,Never,Moderate,9621,No,No,No,Yes,Low,6.7,Average,1
3803,85,Female,Typical Angina,103,103,80,225,121,54,130,119,5.1,20.8,91,60,139,No,ST-T Abnormality,3.6,Flat,2,Normal,Never,Never,Moderate,5272,No,No,Yes,Yes,Low,8.1,Good,1
3804,78,Female,Asymptomatic,100,100,88,293,179,31,127,146,7.9,21.6,111,71,150,No,LVH,1.6,Flat,0,Fixed Defect,Never,Never,High,10923,No,No,Yes,No,High,6.8,Good,0
3805,56,Male,Typical Angina,101,101,75,189,78,61,129,156,5.2,36.4,108,62,166,Yes,ST-T Abnormality,2.1,Downsloping,1,Fixed Defect,Current,Never,Low,12469,Yes,No,No,No,Medium,6.1,Good,1
3806,29,Female,Asymptomatic,143,143,61,245,89,57,297,90,6.6,24.9,126,58,192,No,ST-T Abnormality,0.7,Flat,2,Reversible Defect,Former,Occasional,Moderate,5462,No,No,No,Yes,Low,7.5,Average,0
3807,48,Male,Non-anginal Pain,101,101,60,233,161,30,289,163,8.6,39.1,102,74,169,Yes,LVH,1.0,Downsloping,2,Fixed Defect,Current,Never,Low,4621,Yes,No,No,No,Medium,6.7,Average,1
3808,27,Female,Non-anginal Pain,141,141,72,266,111,75,80,140,8.4,35.1,100,94,187,Yes,LVH,0.8,Downsloping,0,Reversible Defect,Former,Occasional,High,5503,Yes,No,Yes,Yes,Low,5.6,Average,1
3809,46,Female,Atypical Angina,151,151,68,312,139,56,144,80,6.3,39.6,113,77,182,No,Normal,2.5,Flat,0,Normal,Current,Frequent,Moderate,6668,Yes,No,Yes,Yes,Medium,7.9,Good,1
3810,72,Male,Typical Angina,106,106,69,286,139,55,107,109,5.4,20.8,106,87,136,No,LVH,1.8,Flat,4,Normal,Current,Frequent,High,9557,No,Yes,Yes,No,High,6.2,Average,1
3811,85,Male,Typical Angina,113,113,104,347,206,72,291,149,7.9,20.8,74,66,138,No,LVH,0.0,Flat,1,Reversible Defect,Never,Occasional,Low,7551,Yes,Yes,Yes,No,Medium,7.0,Poor,1
3812,89,Female,Atypical Angina,135,135,100,333,213,63,221,162,9.0,31.3,114,73,121,Yes,Normal,0.5,Upsloping,3,Reversible Defect,Never,Frequent,High,12141,No,No,No,Yes,Medium,5.5,Average,1
3813,48,Male,Asymptomatic,145,145,80,313,199,72,218,177,7.1,25.1,129,65,181,No,ST-T Abnormality,1.9,Flat,0,Normal,Never,Never,Moderate,3217,Yes,No,No,No,Low,8.6,Poor,0
3814,61,Female,Typical Angina,180,180,75,276,167,34,116,127,6.6,32.0,111,100,154,No,ST-T Abnormality,0.9,Upsloping,4,Fixed Defect,Current,Frequent,Moderate,8979,Yes,No,Yes,Yes,Medium,6.4,Average,1
3815,88,Female,Typical Angina,117,117,86,319,199,35,229,116,6.0,38.1,98,58,130,No,LVH,1.0,Flat,4,Reversible Defect,Never,Frequent,Moderate,9145,Yes,No,No,No,Medium,8.7,Average,1
3816,36,Female,Atypical Angina,110,110,90,185,72,52,254,99,5.5,36.6,99,91,170,No,LVH,1.0,Flat,4,Fixed Defect,Never,Frequent,Low,6696,Yes,No,No,Yes,High,5.1,Average,0
3817,29,Male,Asymptomatic,166,166,88,333,211,56,188,153,5.4,26.5,123,88,191,No,ST-T Abnormality,0.2,Downsloping,0,Normal,Former,Frequent,Moderate,8874,No,No,Yes,No,High,5.2,Poor,0
3818,55,Male,Typical Angina,176,176,91,328,190,52,261,89,6.9,36.0,83,92,175,No,LVH,0.5,Upsloping,1,Normal,Never,Frequent,High,10439,Yes,Yes,No,Yes,Low,5.9,Good,0
3819,43,Male,Atypical Angina,167,167,75,354,199,41,148,142,6.2,27.6,104,98,183,Yes,ST-T Abnormality,1.0,Downsloping,4,Reversible Defect,Never,Frequent,Low,8924,Yes,No,No,Yes,High,8.0,Average,0
3820,87,Male,Atypical Angina,137,137,77,334,149,79,276,175,5.8,33.6,107,66,118,Yes,Normal,3.8,Flat,1,Fixed Defect,Current,Never,Moderate,2062,Yes,No,No,No,High,4.6,Good,1
3821,46,Female,Atypical Angina,158,158,102,318,198,47,197,179,8.0,19.2,97,70,182,No,ST-T Abnormality,1.2,Flat,4,Normal,Never,Never,High,2509,Yes,Yes,No,Yes,Medium,5.8,Average,0
3822,43,Male,Atypical Angina,144,144,92,197,82,65,223,101,9.5,33.1,117,95,168,No,LVH,2.2,Flat,4,Normal,Never,Occasional,Moderate,4765,No,No,Yes,No,Low,5.1,Poor,0
3823,56,Female,Typical Angina,127,127,72,196,79,33,116,104,7.3,36.2,122,58,151,Yes,LVH,0.4,Flat,1,Reversible Defect,Former,Never,High,11615,Yes,No,Yes,Yes,Low,4.5,Average,1
3824,80,Female,Atypical Angina,156,156,73,250,92,62,192,143,8.4,29.8,85,71,145,No,Normal,2.4,Downsloping,0,Fixed Defect,Never,Never,Low,9796,Yes,Yes,Yes,No,High,6.3,Good,1
3825,83,Female,Typical Angina,180,180,87,235,113,36,114,172,8.8,30.6,127,67,143,No,ST-T Abnormality,1.2,Upsloping,4,Fixed Defect,Former,Frequent,Low,11744,Yes,No,Yes,No,Low,6.2,Poor,1
3826,39,Male,Atypical Angina,135,135,107,282,134,72,230,134,9.0,32.0,128,72,170,No,ST-T Abnormality,2.3,Downsloping,1,Normal,Current,Never,Moderate,11174,No,No,No,Yes,Low,6.1,Poor,1
3827,75,Female,Typical Angina,119,119,110,283,137,32,198,173,7.5,35.7,110,68,155,No,Normal,1.5,Upsloping,3,Reversible Defect,Never,Never,Moderate,9317,Yes,No,Yes,No,Low,5.8,Good,1
3828,83,Female,Atypical Angina,122,122,76,349,177,53,220,177,8.8,20.2,83,95,139,No,Normal,0.0,Flat,0,Reversible Defect,Never,Never,Moderate,3428,Yes,No,Yes,Yes,Medium,6.6,Good,1
3829,61,Female,Asymptomatic,132,132,106,365,200,65,98,162,9.4,24.1,81,83,161,No,LVH,1.1,Upsloping,3,Reversible Defect,Never,Frequent,Low,13844,No,No,Yes,Yes,Medium,6.6,Good,1
3830,90,Male,Typical Angina,122,122,92,377,205,64,281,132,9.0,24.8,127,90,115,No,ST-T Abnormality,2.5,Flat,2,Reversible Defect,Current,Occasional,Moderate,9990,No,No,Yes,No,High,4.6,Poor,1
3831,26,Male,Atypical Angina,138,138,63,315,199,43,84,156,4.9,32.9,93,94,198,Yes,ST-T Abnormality,0.7,Upsloping,0,Fixed Defect,Current,Never,High,3858,Yes,No,No,No,Low,8.8,Average,1
3832,39,Male,Asymptomatic,177,177,63,281,201,36,181,110,6.0,32.3,87,79,186,Yes,Normal,1.8,Flat,1,Normal,Former,Frequent,Moderate,11569,Yes,No,No,Yes,High,7.1,Good,1
3833,39,Male,Non-anginal Pain,143,143,66,272,189,38,273,91,7.5,32.5,129,76,174,No,ST-T Abnormality,1.3,Flat,2,Reversible Defect,Current,Frequent,Low,3372,Yes,No,No,Yes,Low,4.5,Good,1
3834,53,Male,Typical Angina,158,158,61,252,130,56,180,99,5.5,39.7,91,68,153,No,LVH,1.6,Upsloping,3,Fixed Defect,Former,Occasional,Low,4553,Yes,No,No,No,Medium,8.4,Good,0
3835,27,Male,Atypical Angina,140,140,87,245,115,53,188,171,7.2,35.7,71,88,194,No,Normal,3.2,Downsloping,3,Fixed Defect,Never,Never,High,6135,Yes,No,No,No,Medium,6.2,Poor,0
3836,68,Female,Typical Angina,167,167,102,329,192,61,150,141,6.9,28.4,71,83,159,No,LVH,1.0,Downsloping,0,Reversible Defect,Never,Occasional,High,10983,Yes,Yes,Yes,No,Low,4.7,Average,1
3837,89,Male,Asymptomatic,147,147,67,327,160,66,300,151,8.7,29.4,79,55,126,No,Normal,2.1,Downsloping,1,Normal,Never,Never,Moderate,12596,Yes,Yes,Yes,Yes,Medium,4.8,Average,1
3838,83,Male,Atypical Angina,118,118,107,240,137,43,141,127,6.9,28.5,122,56,139,No,LVH,2.2,Upsloping,3,Fixed Defect,Never,Never,Moderate,10318,No,Yes,No,No,High,6.3,Good,0
3839,46,Female,Typical Angina,160,160,82,208,70,35,249,137,5.1,20.8,97,96,160,No,ST-T Abnormality,1.7,Flat,1,Reversible Defect,Never,Never,Moderate,10847,Yes,No,No,No,Low,6.0,Poor,0
3840,40,Female,Asymptomatic,144,144,91,267,95,60,224,164,8.9,26.9,99,78,174,Yes,ST-T Abnormality,0.2,Flat,0,Reversible Defect,Former,Frequent,High,12021,Yes,Yes,No,No,Low,8.0,Good,1
3841,50,Male,Typical Angina,159,159,74,359,215,35,179,165,5.0,34.3,99,64,155,No,ST-T Abnormality,0.9,Flat,3,Reversible Defect,Former,Frequent,Moderate,2407,Yes,No,Yes,No,High,8.2,Good,1
3842,64,Female,Asymptomatic,115,115,75,267,140,65,160,152,8.1,31.2,122,75,145,No,Normal,3.3,Flat,4,Normal,Never,Frequent,Moderate,7040,No,No,No,Yes,Low,8.0,Good,0
3843,68,Female,Non-anginal Pain,168,168,90,247,120,71,232,157,8.9,25.5,111,89,140,No,Normal,1.5,Downsloping,1,Reversible Defect,Never,Never,Moderate,5577,No,No,Yes,Yes,High,8.4,Poor,0
3844,45,Male,Atypical Angina,107,107,89,293,168,72,227,180,7.7,35.2,78,73,173,No,Normal,1.5,Flat,2,Normal,Never,Never,Moderate,2914,No,Yes,Yes,No,Medium,6.7,Poor,1
3845,65,Female,Atypical Angina,122,122,83,276,201,34,120,117,6.1,29.7,107,76,145,No,ST-T Abnormality,0.0,Upsloping,1,Fixed Defect,Never,Occasional,Moderate,12554,No,No,No,No,Medium,6.5,Good,0
3846,32,Female,Asymptomatic,155,155,61,358,206,77,194,126,7.4,35.7,121,93,189,No,LVH,0.8,Downsloping,2,Reversible Defect,Never,Occasional,Moderate,10945,Yes,No,No,Yes,Low,5.4,Good,0
3847,68,Male,Typical Angina,119,119,78,217,88,65,144,158,7.3,28.2,123,62,162,No,LVH,1.7,Downsloping,2,Reversible Defect,Current,Never,Moderate,12630,No,No,No,Yes,High,4.7,Poor,1
3848,71,Male,Asymptomatic,110,110,86,222,90,42,190,103,8.9,20.2,118,84,155,No,LVH,1.8,Flat,4,Reversible Defect,Never,Frequent,High,11185,Yes,Yes,Yes,Yes,Medium,8.6,Poor,1
3849,70,Female,Atypical Angina,159,159,104,275,126,44,118,101,6.9,35.8,100,60,142,Yes,LVH,1.9,Flat,3,Normal,Former,Occasional,Low,9625,Yes,Yes,Yes,Yes,Medium,4.6,Poor,1
3850,75,Male,Atypical Angina,130,130,68,305,148,58,267,81,7.6,28.6,73,86,133,No,LVH,0.9,Flat,4,Fixed Defect,Never,Frequent,High,11986,Yes,No,No,No,High,4.7,Good,0
3851,85,Male,Non-anginal Pain,145,145,107,291,93,78,140,132,7.0,32.0,101,88,128,Yes,ST-T Abnormality,2.1,Upsloping,2,Normal,Current,Never,High,10698,Yes,No,No,Yes,High,5.0,Average,1
3852,52,Male,Asymptomatic,113,113,86,288,94,79,212,153,6.9,21.9,121,58,160,Yes,ST-T Abnormality,1.0,Upsloping,1,Reversible Defect,Never,Frequent,High,13056,No,No,No,Yes,Low,8.3,Poor,0
3853,86,Male,Asymptomatic,152,152,90,268,123,75,233,146,9.4,34.0,77,82,126,No,LVH,1.8,Upsloping,0,Reversible Defect,Never,Occasional,Low,11875,No,No,Yes,No,High,4.9,Good,0
3854,57,Female,Asymptomatic,100,100,90,182,81,59,219,96,7.8,26.2,116,100,157,Yes,Normal,1.8,Flat,0,Fixed Defect,Current,Occasional,Moderate,14191,No,No,No,Yes,High,5.6,Poor,1
3855,64,Female,Non-anginal Pain,167,167,94,248,78,79,269,104,8.7,32.6,76,59,145,No,LVH,0.0,Upsloping,4,Fixed Defect,Former,Occasional,Low,9880,Yes,Yes,No,No,High,6.8,Good,1
3856,38,Male,Typical Angina,156,156,79,207,79,32,185,166,9.0,27.0,76,88,181,Yes,ST-T Abnormality,1.7,Flat,0,Fixed Defect,Former,Frequent,Moderate,10986,Yes,No,No,No,Low,8.4,Average,0
3857,25,Male,Typical Angina,100,100,74,203,92,50,172,98,5.2,26.0,70,87,189,Yes,ST-T Abnormality,2.1,Flat,3,Normal,Current,Occasional,High,10436,No,Yes,Yes,No,Medium,7.2,Poor,1
3858,25,Female,Atypical Angina,141,141,89,209,104,61,138,151,5.8,31.0,121,88,182,No,ST-T Abnormality,0.8,Flat,2,Reversible Defect,Former,Frequent,Moderate,13111,Yes,Yes,No,No,Medium,6.7,Average,1
3859,57,Male,Non-anginal Pain,149,149,97,320,211,45,95,134,5.5,26.2,70,64,171,No,Normal,0.8,Flat,3,Fixed Defect,Never,Frequent,Low,12488,No,Yes,No,Yes,High,8.7,Good,1
3860,68,Female,Non-anginal Pain,103,103,83,231,78,46,137,124,6.0,28.9,77,84,155,No,Normal,0.3,Flat,4,Fixed Defect,Never,Never,High,12999,No,No,No,No,Low,7.1,Poor,0
3861,85,Male,Atypical Angina,124,124,83,327,210,64,266,152,5.1,30.5,123,78,121,No,LVH,0.0,Downsloping,0,Reversible Defect,Never,Never,Low,13716,Yes,No,Yes,Yes,High,6.1,Average,1
3862,46,Female,Non-anginal Pain,155,155,101,296,145,60,194,158,9.0,34.8,85,60,175,Yes,ST-T Abnormality,0.7,Flat,4,Normal,Never,Frequent,High,9289,No,Yes,No,Yes,Low,5.6,Good,1
3863,81,Female,Non-anginal Pain,121,121,110,245,92,69,187,92,6.5,21.9,101,63,132,No,ST-T Abnormality,2.8,Upsloping,1,Reversible Defect,Never,Occasional,Low,8217,No,Yes,Yes,Yes,High,7.0,Poor,1
3864,61,Female,Atypical Angina,153,153,96,248,116,33,117,101,7.3,18.9,113,78,163,No,LVH,1.2,Flat,3,Reversible Defect,Current,Never,High,14853,Yes,Yes,No,No,High,6.7,Poor,1
3865,76,Female,Typical Angina,179,179,61,367,210,73,84,155,6.5,25.9,107,85,141,No,LVH,1.3,Downsloping,2,Fixed Defect,Current,Frequent,Low,11859,No,No,Yes,Yes,Medium,8.9,Average,1
3866,32,Male,Asymptomatic,136,136,81,208,87,67,77,162,7.3,33.8,120,89,173,No,Normal,0.0,Downsloping,4,Reversible Defect,Current,Never,High,8664,Yes,Yes,Yes,No,Low,6.3,Average,1
3867,45,Male,Atypical Angina,145,145,85,250,161,40,105,132,7.5,23.1,73,98,185,No,LVH,0.4,Upsloping,3,Normal,Former,Occasional,Moderate,10266,No,No,Yes,No,Medium,6.8,Poor,1
3868,38,Female,Typical Angina,175,175,74,288,130,62,257,176,5.0,35.9,76,68,187,Yes,Normal,2.3,Flat,3,Normal,Current,Frequent,Moderate,8709,No,No,No,No,Medium,8.7,Good,1
3869,46,Male,Asymptomatic,117,117,88,345,188,69,237,145,6.9,40.0,90,58,176,No,LVH,2.1,Downsloping,1,Fixed Defect,Current,Occasional,Low,13443,Yes,Yes,Yes,Yes,High,6.2,Poor,1
3870,29,Female,Asymptomatic,169,169,66,363,210,42,95,173,5.2,20.9,93,64,182,No,ST-T Abnormality,0.5,Downsloping,2,Fixed Defect,Current,Never,Moderate,4089,Yes,No,No,No,Medium,7.0,Good,1
3871,33,Female,Atypical Angina,112,112,65,310,144,64,187,142,6.2,30.5,92,66,187,No,ST-T Abnormality,0.0,Flat,3,Fixed Defect,Never,Frequent,High,5627,No,No,No,Yes,Low,8.4,Poor,0
3872,68,Male,Non-anginal Pain,166,166,65,265,117,55,160,139,6.7,34.3,119,88,158,Yes,LVH,1.7,Upsloping,1,Reversible Defect,Never,Frequent,Low,12305,Yes,No,Yes,Yes,Low,8.4,Average,1
3873,81,Male,Typical Angina,128,128,96,258,146,32,291,81,9.3,36.9,76,90,128,No,Normal,0.4,Flat,2,Normal,Current,Frequent,Moderate,11378,No,No,Yes,No,High,8.1,Average,1
3874,39,Male,Atypical Angina,112,112,71,277,104,79,111,141,8.5,32.3,83,96,174,No,Normal,1.6,Downsloping,4,Reversible Defect,Former,Occasional,Low,13568,Yes,No,No,No,Low,8.6,Poor,0
3875,29,Female,Non-anginal Pain,120,120,79,343,185,38,79,166,8.1,27.6,82,77,192,No,Normal,0.7,Upsloping,4,Fixed Defect,Never,Never,Moderate,12955,Yes,Yes,No,Yes,Medium,8.1,Good,1
3876,56,Female,Non-anginal Pain,133,133,76,173,70,45,262,169,6.3,35.5,100,61,167,Yes,LVH,1.6,Upsloping,1,Normal,Current,Occasional,High,11696,Yes,No,Yes,No,Low,6.9,Poor,1
3877,90,Male,Typical Angina,150,150,89,326,142,71,152,112,5.5,30.9,107,66,138,Yes,ST-T Abnormality,1.4,Upsloping,4,Normal,Current,Never,High,12215,No,No,No,No,Medium,6.9,Average,1
3878,54,Female,Typical Angina,159,159,101,214,101,49,101,170,6.2,34.5,93,77,168,No,LVH,1.8,Downsloping,2,Normal,Current,Occasional,Moderate,6310,Yes,No,Yes,Yes,Medium,5.5,Poor,1
3879,47,Female,Non-anginal Pain,161,161,108,260,82,80,255,111,5.5,22.5,99,79,176,Yes,ST-T Abnormality,1.0,Downsloping,0,Normal,Current,Frequent,Moderate,9250,Yes,No,No,No,Low,5.8,Poor,1
3880,84,Female,Typical Angina,126,126,105,287,132,64,151,160,7.7,18.1,129,77,136,No,Normal,0.6,Upsloping,1,Fixed Defect,Former,Never,Moderate,14779,No,Yes,Yes,Yes,Low,8.2,Good,0
3881,73,Female,Typical Angina,157,157,64,275,141,65,138,162,7.0,22.0,106,59,136,Yes,Normal,3.1,Flat,1,Normal,Current,Frequent,Low,6291,Yes,Yes,No,No,High,9.0,Average,1
3882,69,Male,Non-anginal Pain,120,120,99,269,143,48,274,132,5.6,22.8,119,69,153,No,ST-T Abnormality,1.6,Downsloping,2,Fixed Defect,Never,Occasional,Moderate,14954,No,No,No,No,Medium,4.6,Average,0
3883,46,Male,Atypical Angina,117,117,67,304,160,68,119,97,5.1,31.4,84,74,181,Yes,Normal,0.0,Downsloping,2,Normal,Never,Never,Low,13915,No,Yes,Yes,No,Low,8.2,Poor,1
3884,33,Male,Atypical Angina,135,135,96,273,148,76,231,105,5.9,23.0,108,61,183,Yes,LVH,1.5,Upsloping,4,Reversible Defect,Current,Frequent,Low,4153,No,No,Yes,Yes,Medium,8.7,Good,1
3885,38,Female,Asymptomatic,135,135,67,341,177,53,265,98,6.7,38.8,122,58,178,No,Normal,0.8,Flat,0,Normal,Current,Frequent,High,5607,Yes,No,No,Yes,High,5.4,Good,0
3886,35,Female,Non-anginal Pain,138,138,103,311,189,36,99,130,8.4,29.1,83,94,191,No,ST-T Abnormality,1.1,Upsloping,3,Normal,Never,Frequent,Low,14357,No,No,Yes,No,Medium,5.8,Poor,1
3887,72,Female,Typical Angina,134,134,61,280,125,72,82,142,5.1,25.2,128,91,144,No,LVH,1.3,Downsloping,3,Normal,Former,Never,High,2362,No,Yes,Yes,Yes,Medium,8.3,Poor,1
3888,44,Male,Non-anginal Pain,106,106,61,231,84,34,196,180,8.5,38.2,85,81,162,No,LVH,2.0,Flat,2,Normal,Current,Occasional,Low,3438,No,No,Yes,No,High,8.7,Good,1
3889,90,Female,Non-anginal Pain,110,110,72,320,211,52,191,122,7.7,24.0,117,66,121,Yes,ST-T Abnormality,2.6,Flat,4,Reversible Defect,Former,Occasional,Low,7687,No,Yes,No,Yes,Low,6.1,Average,1
3890,43,Male,Non-anginal Pain,121,121,86,255,96,57,208,100,7.1,39.5,77,69,180,No,Normal,0.0,Flat,1,Reversible Defect,Never,Occasional,High,10857,Yes,No,Yes,Yes,High,5.1,Good,0
3891,29,Male,Non-anginal Pain,165,165,80,297,152,78,253,142,7.9,37.9,116,68,198,No,LVH,0.6,Flat,3,Reversible Defect,Never,Never,Moderate,6506,Yes,No,No,No,Low,5.0,Poor,0
3892,67,Female,Typical Angina,157,157,70,372,211,57,218,138,8.1,33.4,83,80,155,Yes,ST-T Abnormality,0.6,Downsloping,2,Normal,Current,Occasional,Low,14852,Yes,Yes,No,Yes,Low,5.6,Average,1
3893,38,Female,Typical Angina,174,174,78,360,218,62,251,122,7.9,26.2,129,59,180,No,LVH,3.4,Upsloping,1,Normal,Never,Frequent,Low,11133,No,No,No,Yes,High,4.9,Average,0
3894,79,Female,Asymptomatic,109,109,78,250,91,66,199,91,6.4,38.1,110,57,129,Yes,ST-T Abnormality,0.0,Upsloping,2,Reversible Defect,Never,Occasional,Low,9440,Yes,No,No,No,Low,6.8,Poor,1
3895,44,Female,Non-anginal Pain,104,104,98,265,176,49,180,171,9.4,24.3,79,59,178,No,Normal,2.3,Upsloping,1,Reversible Defect,Never,Never,Moderate,3116,Yes,No,No,No,Medium,8.5,Average,0
3896,87,Female,Non-anginal Pain,156,156,87,329,170,42,101,96,8.1,26.0,77,87,134,No,LVH,0.8,Flat,2,Normal,Never,Never,Low,9911,Yes,Yes,No,No,High,7.6,Average,1
3897,53,Female,Typical Angina,149,149,107,173,80,30,152,165,6.3,39.9,113,78,176,Yes,LVH,3.1,Flat,4,Reversible Defect,Never,Frequent,Moderate,8841,Yes,No,No,No,Medium,8.1,Good,1
3898,82,Male,Asymptomatic,152,152,73,343,199,38,280,165,8.5,20.1,86,92,148,Yes,ST-T Abnormality,1.7,Flat,1,Fixed Defect,Current,Frequent,Low,4771,Yes,No,No,Yes,Low,6.7,Good,1
3899,84,Female,Atypical Angina,129,129,77,273,84,73,110,84,7.3,36.5,72,78,123,No,Normal,2.3,Downsloping,1,Fixed Defect,Never,Occasional,Moderate,3958,Yes,No,Yes,Yes,Low,5.6,Average,0
3900,72,Female,Atypical Angina,143,143,101,321,208,60,147,89,7.2,27.6,104,62,134,Yes,ST-T Abnormality,1.2,Downsloping,1,Fixed Defect,Current,Occasional,Moderate,5025,No,Yes,No,No,High,8.1,Average,1
3901,75,Female,Atypical Angina,133,133,92,290,146,44,200,162,4.8,19.4,94,67,150,Yes,LVH,1.7,Flat,2,Fixed Defect,Never,Occasional,Moderate,8649,No,No,Yes,Yes,Medium,4.6,Average,1
3902,83,Male,Non-anginal Pain,144,144,92,272,108,70,104,167,5.0,34.6,82,93,137,Yes,ST-T Abnormality,0.5,Flat,1,Normal,Former,Frequent,High,3644,Yes,No,Yes,Yes,High,8.2,Average,1
3903,77,Male,Asymptomatic,116,116,65,258,113,43,136,139,8.8,35.5,79,85,132,No,Normal,2.1,Flat,1,Normal,Current,Never,Low,14248,Yes,Yes,No,Yes,High,7.5,Poor,1
3904,61,Female,Atypical Angina,164,164,98,327,219,36,259,166,5.8,33.6,117,58,165,No,LVH,1.8,Flat,2,Normal,Never,Frequent,Low,11578,No,No,Yes,No,High,7.0,Average,1
3905,72,Male,Typical Angina,150,150,104,266,156,61,206,170,6.1,22.5,112,85,152,Yes,Normal,1.3,Downsloping,1,Reversible Defect,Never,Never,Moderate,8485,Yes,Yes,No,No,High,6.9,Good,1
3906,38,Male,Typical Angina,176,176,97,309,174,51,115,83,6.0,20.1,96,83,179,No,ST-T Abnormality,2.3,Flat,4,Normal,Former,Never,High,14993,No,Yes,No,No,Medium,8.5,Good,1
3907,70,Female,Typical Angina,178,178,83,392,209,69,267,114,9.4,35.0,127,87,139,No,LVH,2.4,Flat,3,Reversible Defect,Former,Frequent,Moderate,6257,No,No,No,No,Low,8.1,Average,1
3908,57,Female,Non-anginal Pain,107,107,97,299,176,76,119,138,7.8,36.1,104,86,151,No,LVH,1.7,Upsloping,3,Fixed Defect,Current,Frequent,Moderate,14957,Yes,No,No,No,Medium,7.0,Good,0
3909,58,Male,Atypical Angina,108,108,61,380,211,54,260,119,5.1,18.6,118,57,162,No,ST-T Abnormality,0.0,Upsloping,4,Normal,Former,Occasional,High,9166,No,Yes,No,No,High,7.7,Good,0
3910,36,Female,Typical Angina,176,176,90,284,174,40,152,82,5.4,39.8,103,90,187,No,Normal,0.0,Downsloping,0,Fixed Defect,Never,Occasional,Moderate,13469,No,No,No,No,Medium,5.6,Average,0
3911,29,Female,Atypical Angina,180,180,85,254,81,61,239,149,8.0,24.1,94,92,199,No,Normal,0.0,Flat,2,Reversible Defect,Never,Frequent,Moderate,11097,Yes,No,No,No,Low,8.9,Poor,0
3912,85,Male,Asymptomatic,143,143,79,280,155,47,144,172,9.5,20.5,114,91,127,No,LVH,2.2,Upsloping,2,Fixed Defect,Never,Occasional,Moderate,11814,Yes,Yes,Yes,Yes,High,8.9,Good,1
3913,52,Female,Asymptomatic,125,125,105,277,183,50,268,154,6.4,23.8,123,66,167,No,ST-T Abnormality,1.8,Downsloping,2,Fixed Defect,Former,Occasional,High,3745,Yes,No,Yes,Yes,Low,8.2,Poor,1
3914,37,Female,Non-anginal Pain,137,137,86,231,80,42,101,154,8.6,33.9,86,85,182,No,ST-T Abnormality,1.7,Flat,3,Reversible Defect,Never,Occasional,Low,3030,No,Yes,No,Yes,High,4.8,Poor,0
3915,43,Male,Atypical Angina,177,177,109,218,111,58,119,137,6.9,21.1,129,86,163,No,Normal,0.0,Downsloping,4,Fixed Defect,Former,Occasional,Low,9204,No,No,No,Yes,High,7.8,Average,0
3916,34,Male,Asymptomatic,120,120,98,268,130,38,139,154,5.3,29.1,112,85,196,Yes,Normal,2.2,Upsloping,4,Reversible Defect,Never,Occasional,High,3173,No,Yes,No,No,Low,7.7,Good,1
3917,81,Female,Asymptomatic,106,106,71,244,117,52,98,116,9.0,28.7,93,82,140,No,Normal,0.0,Flat,4,Normal,Former,Never,High,9163,No,No,Yes,Yes,Low,4.7,Average,1
3918,25,Male,Non-anginal Pain,165,165,92,322,166,47,98,92,4.9,25.7,117,84,200,No,Normal,1.6,Flat,0,Fixed Defect,Former,Never,Moderate,9098,Yes,No,No,No,High,7.4,Average,0
3919,30,Female,Asymptomatic,137,137,98,286,176,36,163,112,6.1,22.1,76,73,178,No,Normal,1.6,Downsloping,3,Reversible Defect,Former,Never,Low,7584,No,No,Yes,Yes,Low,6.5,Poor,1
3920,76,Female,Asymptomatic,108,108,100,233,90,38,278,91,6.6,36.9,84,98,138,No,Normal,1.7,Upsloping,2,Normal,Current,Never,Moderate,3547,Yes,Yes,No,Yes,Low,7.4,Good,1
3921,87,Male,Non-anginal Pain,133,133,107,291,156,44,218,157,8.9,22.8,129,64,141,No,Normal,0.6,Flat,0,Normal,Current,Frequent,Moderate,14707,No,No,Yes,Yes,Medium,6.3,Good,1
3922,84,Male,Atypical Angina,100,100,73,298,149,45,85,85,9.1,38.3,109,81,126,No,Normal,0.0,Flat,1,Fixed Defect,Never,Occasional,Moderate,12757,Yes,No,No,No,High,4.5,Average,0
3923,61,Male,Typical Angina,162,162,110,367,189,74,238,165,7.3,27.9,116,87,160,No,ST-T Abnormality,0.0,Flat,4,Fixed Defect,Never,Occasional,Moderate,7847,Yes,No,Yes,Yes,Medium,5.9,Poor,0
3924,28,Male,Non-anginal Pain,175,175,104,359,209,51,101,109,7.4,33.5,125,68,185,No,Normal,0.5,Downsloping,1,Normal,Never,Occasional,Moderate,2431,No,No,No,No,Medium,6.4,Poor,0
3925,45,Female,Asymptomatic,127,127,92,317,199,31,90,95,9.1,31.6,91,98,162,No,ST-T Abnormality,2.0,Downsloping,1,Fixed Defect,Former,Occasional,Moderate,11692,No,Yes,Yes,Yes,Low,9.0,Average,1
3926,36,Female,Typical Angina,171,171,71,312,125,72,217,101,8.7,38.2,80,61,174,No,ST-T Abnormality,0.4,Downsloping,2,Fixed Defect,Former,Never,Low,13665,No,No,No,No,Medium,5.3,Good,0
3927,64,Male,Asymptomatic,104,104,68,365,194,51,83,139,8.7,27.2,81,64,166,No,ST-T Abnormality,0.7,Upsloping,2,Normal,Former,Occasional,Low,6114,Yes,No,Yes,No,Medium,5.0,Good,1
3928,66,Male,Asymptomatic,147,147,95,296,213,38,222,109,7.3,30.9,113,61,164,No,Normal,0.0,Flat,3,Normal,Never,Frequent,Low,4084,Yes,Yes,Yes,No,Low,6.4,Good,1
3929,66,Female,Typical Angina,110,110,98,336,154,72,77,106,5.1,26.5,105,57,148,No,Normal,0.8,Flat,2,Reversible Defect,Current,Occasional,Moderate,6015,Yes,No,No,No,Medium,8.5,Good,0
3930,88,Female,Non-anginal Pain,102,102,98,192,74,42,257,148,7.6,26.1,118,72,126,No,ST-T Abnormality,1.9,Downsloping,2,Fixed Defect,Current,Never,Low,3318,No,No,Yes,No,High,8.2,Poor,1
3931,50,Female,Non-anginal Pain,150,150,74,346,192,53,257,161,8.2,27.5,83,96,162,No,Normal,0.4,Upsloping,0,Fixed Defect,Never,Occasional,Moderate,14019,No,No,Yes,No,Medium,7.2,Good,0
3932,66,Female,Typical Angina,153,153,64,372,201,76,276,159,8.2,27.2,118,94,160,No,ST-T Abnormality,0.0,Flat,0,Normal,Never,Never,Low,12038,Yes,No,Yes,No,Medium,5.4,Poor,0
3933,78,Male,Non-anginal Pain,105,105,78,356,201,52,146,120,5.1,32.3,103,70,152,No,Normal,2.5,Downsloping,4,Normal,Current,Occasional,High,9442,Yes,No,Yes,Yes,Low,6.4,Poor,1
3934,29,Male,Atypical Angina,108,108,65,236,75,65,262,148,5.8,33.7,113,72,199,No,ST-T Abnormality,0.2,Flat,2,Fixed Defect,Never,Frequent,Moderate,11462,No,Yes,No,No,Low,5.6,Average,0
3935,71,Male,Asymptomatic,137,137,75,205,74,72,137,137,7.7,21.6,76,93,158,No,LVH,1.4,Downsloping,1,Normal,Never,Never,Moderate,4114,No,Yes,Yes,No,High,8.7,Average,0
3936,28,Female,Typical Angina,134,134,78,216,77,64,84,169,8.3,35.9,119,72,200,No,ST-T Abnormality,2.1,Downsloping,3,Reversible Defect,Never,Occasional,Moderate,12290,No,No,No,Yes,High,8.0,Good,0
3937,44,Male,Atypical Angina,108,108,84,276,163,63,206,95,4.9,28.4,89,81,162,No,Normal,0.0,Downsloping,3,Fixed Defect,Current,Frequent,High,7476,Yes,No,No,Yes,High,5.5,Average,1
3938,46,Male,Asymptomatic,158,158,64,295,152,60,74,177,7.8,28.7,72,77,164,No,ST-T Abnormality,3.4,Downsloping,3,Normal,Never,Occasional,Moderate,3634,No,Yes,Yes,No,High,4.9,Average,1
3939,56,Male,Asymptomatic,168,168,104,254,156,37,182,126,5.1,29.2,117,68,150,No,ST-T Abnormality,1.6,Flat,2,Fixed Defect,Never,Never,Moderate,10249,Yes,No,No,No,High,5.7,Average,0
3940,29,Female,Typical Angina,105,105,102,260,158,30,193,154,9.1,21.2,84,61,180,No,LVH,2.4,Downsloping,1,Fixed Defect,Current,Never,Moderate,14744,Yes,No,No,No,Low,7.4,Average,0
3941,65,Male,Non-anginal Pain,117,117,72,264,119,42,267,80,7.5,26.4,117,60,155,No,Normal,1.8,Flat,4,Normal,Never,Never,Moderate,6083,Yes,No,Yes,No,Low,7.1,Poor,1
3942,25,Male,Atypical Angina,157,157,84,266,136,46,110,129,8.1,27.6,71,97,200,Yes,LVH,1.2,Upsloping,1,Fixed Defect,Never,Never,Low,3867,Yes,Yes,No,Yes,High,5.8,Average,0
3943,32,Male,Typical Angina,155,155,100,338,190,71,72,95,8.2,26.2,112,60,187,No,LVH,0.7,Upsloping,2,Reversible Defect,Current,Never,Moderate,7203,Yes,No,No,Yes,Medium,7.3,Average,1
3944,69,Female,Atypical Angina,123,123,78,206,71,44,272,138,9.5,33.5,126,57,144,No,Normal,0.6,Downsloping,1,Fixed Defect,Current,Never,Moderate,3755,Yes,No,No,Yes,High,5.1,Poor,1
3945,60,Female,Typical Angina,127,127,93,381,218,63,156,134,5.2,18.6,116,72,161,No,LVH,1.0,Downsloping,1,Fixed Defect,Current,Never,Low,13159,Yes,No,No,No,Medium,5.8,Poor,1
3946,42,Female,Non-anginal Pain,177,177,103,333,209,65,76,103,5.3,24.2,125,81,185,No,ST-T Abnormality,2.9,Upsloping,0,Reversible Defect,Never,Never,Low,2869,No,No,No,No,Medium,8.0,Good,0
3947,61,Male,Typical Angina,133,133,69,277,146,48,230,107,8.4,26.8,89,66,168,No,LVH,1.2,Downsloping,2,Fixed Defect,Never,Occasional,Low,4588,Yes,No,Yes,No,Medium,8.4,Average,1
3948,87,Male,Atypical Angina,174,174,79,304,142,58,290,157,5.4,32.5,91,95,137,No,LVH,1.4,Upsloping,4,Reversible Defect,Current,Occasional,High,2118,Yes,No,Yes,No,Medium,4.6,Good,1
3949,83,Female,Atypical Angina,113,113,67,237,94,30,233,81,5.0,32.1,113,83,135,Yes,Normal,0.6,Downsloping,3,Normal,Never,Frequent,Moderate,7052,Yes,No,No,Yes,High,7.8,Good,1
3950,66,Male,Non-anginal Pain,133,133,86,368,216,73,227,171,8.2,23.3,122,97,156,No,LVH,1.7,Flat,4,Reversible Defect,Never,Never,Moderate,6680,Yes,No,Yes,Yes,High,8.6,Average,1
3951,79,Female,Typical Angina,147,147,83,307,174,56,82,143,7.1,24.5,77,96,143,No,ST-T Abnormality,0.0,Flat,3,Normal,Current,Never,Moderate,10362,Yes,Yes,Yes,Yes,Low,5.7,Average,1
3952,78,Female,Asymptomatic,123,123,89,256,91,67,269,115,8.9,25.3,112,80,127,No,Normal,1.9,Upsloping,3,Normal,Former,Occasional,Moderate,8146,Yes,No,Yes,Yes,High,9.0,Good,0
3953,53,Male,Typical Angina,152,152,77,200,80,47,294,126,9.3,24.2,94,61,152,No,ST-T Abnormality,2.1,Upsloping,0,Reversible Defect,Current,Frequent,Low,4760,Yes,No,Yes,Yes,High,5.3,Poor,1
3954,53,Male,Asymptomatic,164,164,105,317,183,46,233,124,6.7,31.6,122,58,171,No,Normal,0.1,Upsloping,0,Normal,Never,Frequent,Moderate,12800,Yes,No,No,No,High,8.6,Average,0
3955,43,Female,Asymptomatic,152,152,92,288,162,50,275,100,6.5,38.9,94,60,162,No,ST-T Abnormality,2.1,Downsloping,3,Fixed Defect,Never,Never,Low,14034,Yes,No,No,No,High,7.1,Good,0
3956,74,Male,Asymptomatic,106,106,84,196,77,52,299,91,8.3,29.7,102,74,138,Yes,Normal,0.0,Upsloping,2,Reversible Defect,Never,Never,Low,2500,Yes,No,No,No,High,7.6,Good,1
3957,83,Female,Typical Angina,128,128,87,320,211,43,258,141,6.9,24.5,91,62,134,No,LVH,1.0,Upsloping,3,Normal,Never,Frequent,Moderate,3713,Yes,No,Yes,No,Low,7.5,Good,0
3958,29,Male,Typical Angina,111,111,91,215,93,68,78,108,5.3,29.7,110,80,182,No,Normal,1.1,Upsloping,0,Normal,Never,Occasional,Low,9773,Yes,No,No,No,High,6.6,Poor,0
3959,82,Female,Non-anginal Pain,150,150,102,236,88,42,80,172,8.7,39.5,78,91,147,No,LVH,1.2,Downsloping,3,Normal,Former,Occasional,High,7284,Yes,Yes,No,Yes,Medium,7.1,Poor,1
3960,69,Female,Typical Angina,165,165,76,242,88,50,221,155,8.4,32.6,74,90,161,No,Normal,1.0,Downsloping,2,Fixed Defect,Former,Never,Moderate,5701,No,No,Yes,No,Medium,6.0,Average,1
3961,30,Male,Asymptomatic,132,132,91,217,82,70,192,98,5.4,20.4,126,91,191,No,ST-T Abnormality,0.0,Flat,1,Normal,Former,Frequent,Low,9663,No,No,No,No,Low,8.8,Average,0
3962,55,Male,Non-anginal Pain,160,160,103,231,132,45,289,96,7.8,39.3,102,68,158,No,ST-T Abnormality,3.2,Flat,3,Normal,Never,Occasional,Low,5669,Yes,No,Yes,No,Low,5.4,Good,1
3963,85,Female,Atypical Angina,168,168,65,256,121,76,213,107,9.0,23.3,97,95,138,No,ST-T Abnormality,1.9,Upsloping,0,Fixed Defect,Current,Frequent,Low,3069,Yes,Yes,Yes,No,High,8.3,Good,1
3964,26,Female,Typical Angina,138,138,79,365,196,70,235,155,5.0,39.1,75,79,199,No,Normal,0.7,Upsloping,3,Reversible Defect,Former,Frequent,High,7806,No,No,No,Yes,High,4.9,Poor,0
3965,66,Male,Asymptomatic,157,157,107,287,148,65,114,165,8.2,21.3,129,88,140,No,ST-T Abnormality,2.9,Flat,2,Normal,Former,Never,Low,12352,No,Yes,Yes,No,Medium,5.3,Poor,1
3966,81,Male,Atypical Angina,104,104,91,351,166,75,231,126,6.3,19.1,122,93,135,No,LVH,1.7,Downsloping,2,Fixed Defect,Never,Never,Low,3374,No,No,Yes,No,Medium,8.6,Good,1
3967,30,Female,Asymptomatic,138,138,107,373,203,67,278,112,5.4,18.2,94,61,181,No,ST-T Abnormality,1.1,Upsloping,2,Normal,Current,Frequent,Moderate,11945,No,No,No,Yes,High,5.6,Average,1
3968,55,Male,Atypical Angina,162,162,64,353,217,77,144,119,5.5,32.5,83,59,166,No,ST-T Abnormality,1.9,Downsloping,4,Fixed Defect,Current,Occasional,Moderate,13635,No,No,Yes,Yes,Low,8.3,Poor,1
3969,74,Male,Asymptomatic,175,175,77,188,92,46,76,163,7.1,32.3,80,73,143,No,Normal,0.4,Upsloping,1,Reversible Defect,Former,Occasional,Moderate,2646,Yes,No,No,Yes,Low,8.1,Average,0
3970,74,Female,Asymptomatic,177,177,93,253,90,46,224,178,7.6,18.6,105,96,154,Yes,LVH,1.6,Upsloping,0,Reversible Defect,Current,Frequent,High,10373,Yes,Yes,Yes,Yes,Medium,7.6,Good,1
3971,80,Female,Non-anginal Pain,149,149,109,322,213,58,299,91,8.3,21.9,87,59,149,Yes,LVH,2.7,Downsloping,0,Normal,Never,Never,Low,13302,Yes,Yes,Yes,Yes,Medium,4.9,Average,1
3972,89,Female,Non-anginal Pain,172,172,102,308,193,30,89,136,6.4,38.6,71,56,125,No,ST-T Abnormality,1.8,Flat,3,Fixed Defect,Never,Frequent,Moderate,6481,No,Yes,Yes,No,Low,5.9,Poor,1
3973,41,Male,Atypical Angina,153,153,66,224,84,60,223,85,8.8,21.1,116,81,184,No,ST-T Abnormality,0.9,Downsloping,1,Normal,Former,Never,Moderate,5035,No,No,No,No,High,6.8,Poor,0
3974,46,Male,Asymptomatic,117,117,104,186,71,45,270,134,6.6,29.2,123,85,182,No,Normal,0.1,Flat,3,Normal,Never,Occasional,Low,4273,Yes,No,No,Yes,High,7.2,Good,0
3975,40,Male,Typical Angina,169,169,103,310,201,64,173,104,7.5,38.6,82,85,183,No,Normal,3.4,Flat,3,Normal,Never,Occasional,Moderate,13694,Yes,No,No,No,Medium,6.5,Average,1
3976,52,Female,Typical Angina,171,171,99,189,87,47,218,178,7.8,28.4,115,64,171,No,Normal,2.2,Downsloping,0,Reversible Defect,Never,Frequent,Moderate,11555,Yes,No,Yes,No,Low,6.0,Good,0
3977,86,Female,Non-anginal Pain,128,128,92,201,99,32,229,139,9.5,23.1,71,91,139,No,LVH,2.6,Upsloping,4,Reversible Defect,Never,Occasional,Moderate,14670,No,No,No,Yes,High,8.8,Poor,0
3978,86,Male,Asymptomatic,121,121,89,302,137,72,241,158,5.0,38.6,106,91,127,No,Normal,1.3,Downsloping,3,Reversible Defect,Former,Frequent,Moderate,4767,No,Yes,Yes,Yes,Medium,6.5,Good,1
3979,67,Male,Non-anginal Pain,123,123,79,328,179,53,78,172,5.3,23.2,97,81,140,No,Normal,0.9,Downsloping,4,Fixed Defect,Current,Never,Low,13098,No,No,No,Yes,Medium,5.1,Poor,1
3980,56,Male,Non-anginal Pain,110,110,81,238,140,41,271,114,9.4,21.8,91,55,164,No,Normal,2.9,Downsloping,3,Normal,Former,Frequent,High,10942,No,No,No,Yes,High,8.7,Good,0
3981,29,Male,Non-anginal Pain,100,100,110,384,193,72,218,145,7.5,24.9,119,75,191,No,Normal,0.0,Flat,2,Normal,Never,Occasional,Moderate,11125,No,No,No,No,Low,5.5,Poor,0
3982,71,Female,Asymptomatic,142,142,83,286,141,61,279,82,8.7,25.0,122,71,156,Yes,LVH,2.3,Flat,1,Normal,Current,Occasional,Moderate,4520,Yes,No,No,Yes,Low,7.4,Average,1
3983,33,Male,Non-anginal Pain,118,118,105,283,202,41,293,149,8.4,37.8,84,80,189,Yes,LVH,3.1,Downsloping,2,Fixed Defect,Current,Frequent,Moderate,10308,No,No,Yes,Yes,High,4.5,Poor,1
3984,26,Male,Typical Angina,127,127,83,233,107,42,298,117,8.3,37.3,115,77,184,No,Normal,0.4,Upsloping,2,Normal,Never,Frequent,Low,5847,Yes,No,No,No,High,4.6,Average,0
3985,73,Male,Non-anginal Pain,136,136,80,332,150,77,290,139,7.9,30.9,120,99,142,No,ST-T Abnormality,2.4,Upsloping,0,Normal,Never,Frequent,Moderate,3366,No,No,Yes,Yes,Low,7.0,Poor,1
3986,47,Female,Atypical Angina,117,117,104,257,141,64,240,168,4.9,19.5,110,73,174,Yes,LVH,0.6,Downsloping,1,Fixed Defect,Never,Occasional,High,12970,No,No,Yes,No,Medium,7.5,Poor,0
3987,73,Male,Non-anginal Pain,114,114,76,310,205,47,115,81,5.0,36.0,94,77,155,No,Normal,1.4,Upsloping,1,Normal,Current,Frequent,High,12807,No,No,Yes,Yes,Low,8.2,Poor,1
3988,87,Male,Asymptomatic,117,117,61,219,85,47,231,166,6.1,19.8,124,77,121,No,Normal,0.0,Downsloping,0,Fixed Defect,Former,Never,Moderate,12166,No,No,No,No,Medium,5.9,Good,0
3989,58,Female,Atypical Angina,161,161,102,252,77,69,113,102,8.3,23.5,121,96,170,Yes,ST-T Abnormality,2.2,Flat,1,Reversible Defect,Former,Frequent,High,9557,Yes,No,No,Yes,High,5.5,Average,0
3990,89,Male,Typical Angina,179,179,89,267,111,61,271,94,7.9,29.4,107,66,136,No,Normal,2.3,Upsloping,3,Reversible Defect,Former,Occasional,Moderate,6305,No,No,Yes,Yes,High,5.9,Poor,0
3991,44,Female,Non-anginal Pain,121,121,94,315,175,64,145,110,5.8,23.1,99,68,163,No,Normal,1.0,Flat,0,Normal,Current,Occasional,Low,5630,No,No,Yes,No,High,5.3,Good,1
3992,46,Female,Atypical Angina,130,130,101,300,201,51,266,105,8.0,30.3,103,70,164,No,LVH,1.1,Flat,1,Fixed Defect,Never,Never,High,9901,No,No,Yes,Yes,Medium,8.0,Good,1
3993,50,Female,Typical Angina,131,131,93,265,149,76,82,100,6.8,35.8,121,83,157,No,LVH,2.2,Downsloping,1,Fixed Defect,Former,Occasional,Low,2121,No,No,No,No,Medium,8.5,Average,0
3994,28,Female,Atypical Angina,160,160,76,260,122,49,109,124,8.6,37.8,124,90,186,No,ST-T Abnormality,1.6,Downsloping,1,Normal,Never,Occasional,Low,8406,Yes,No,No,No,Medium,6.3,Good,0
3995,90,Female,Non-anginal Pain,126,126,97,342,195,60,170,114,7.1,36.1,129,67,122,Yes,LVH,1.1,Upsloping,2,Reversible Defect,Current,Never,Low,12333,No,Yes,No,Yes,Medium,7.5,Average,1
3996,84,Female,Typical Angina,137,137,93,340,204,48,201,153,6.7,18.8,72,83,146,No,LVH,0.5,Flat,3,Normal,Never,Never,Moderate,5704,Yes,No,Yes,No,High,5.3,Poor,1
3997,58,Male,Non-anginal Pain,149,149,82,298,202,53,207,131,7.5,33.0,130,57,153,No,ST-T Abnormality,2.1,Flat,0,Normal,Never,Never,Low,14669,No,Yes,Yes,No,High,7.5,Average,1
3998,61,Female,Asymptomatic,172,172,96,343,197,65,173,97,6.7,38.4,70,62,166,Yes,LVH,1.6,Upsloping,3,Reversible Defect,Never,Never,Moderate,5525,Yes,No,Yes,No,Low,6.3,Poor,1
3999,52,Female,Non-anginal Pain,117,117,108,387,205,79,232,180,8.5,27.8,103,65,158,No,LVH,0.2,Upsloping,2,Normal,Current,Occasional,Moderate,7557,No,No,No,No,High,7.4,Average,1
4000,55,Male,Atypical Angina,123,123,103,240,135,53,127,85,5.8,37.0,100,92,153,No,ST-T Abnormality,0.7,Downsloping,3,Fixed Defect,Former,Occasional,High,7665,Yes,No,Yes,No,Low,5.2,Poor,1
4001,47,Male,Non-anginal Pain,109,109,81,293,139,55,170,156,9.0,23.7,111,82,173,No,Normal,2.6,Downsloping,1,Reversible Defect,Never,Frequent,Moderate,14941,Yes,No,Yes,Yes,Low,6.2,Poor,0
4002,54,Female,Atypical Angina,111,111,90,256,165,48,283,139,8.2,36.3,130,66,164,Yes,Normal,1.0,Downsloping,0,Normal,Former,Frequent,Moderate,13350,Yes,Yes,No,Yes,Medium,5.9,Average,1
4003,76,Female,Typical Angina,172,172,83,309,141,49,243,135,8.7,33.0,75,92,142,No,ST-T Abnormality,0.0,Upsloping,3,Normal,Current,Never,Moderate,12800,No,No,Yes,Yes,High,5.0,Good,1
4004,87,Male,Atypical Angina,112,112,82,238,73,54,250,93,7.0,23.6,120,58,119,No,LVH,1.4,Upsloping,4,Fixed Defect,Former,Never,Low,12527,Yes,No,No,No,Low,5.6,Good,0
4005,60,Female,Atypical Angina,103,103,68,184,71,63,76,175,8.5,28.7,106,82,151,Yes,LVH,0.5,Downsloping,4,Normal,Never,Never,Low,14590,Yes,No,No,Yes,High,5.9,Poor,0
4006,34,Male,Asymptomatic,176,176,74,231,115,47,217,98,6.9,34.4,118,80,189,No,ST-T Abnormality,1.9,Upsloping,3,Fixed Defect,Former,Frequent,Low,4208,No,Yes,No,No,Low,5.2,Average,0
4007,88,Male,Atypical Angina,138,138,62,275,146,46,291,168,7.3,28.1,74,65,136,No,LVH,0.3,Downsloping,3,Normal,Current,Never,Low,11910,No,No,Yes,Yes,High,7.3,Average,1
4008,47,Female,Atypical Angina,100,100,77,327,202,65,198,86,5.4,38.9,95,96,164,No,LVH,0.0,Flat,3,Reversible Defect,Current,Occasional,Low,8140,No,No,No,Yes,Low,6.3,Poor,1
4009,46,Female,Asymptomatic,107,107,94,240,92,36,73,153,7.0,26.4,84,83,168,Yes,LVH,2.3,Upsloping,0,Fixed Defect,Current,Never,Moderate,3212,No,No,Yes,No,Low,8.3,Good,1
4010,51,Female,Atypical Angina,112,112,76,338,198,78,277,138,5.4,32.5,104,61,175,No,Normal,1.1,Upsloping,4,Fixed Defect,Never,Frequent,High,2635,No,No,Yes,No,Medium,7.9,Good,1
4011,77,Female,Asymptomatic,161,161,91,286,91,77,222,124,5.3,39.8,100,55,146,Yes,LVH,0.1,Flat,0,Normal,Never,Never,Moderate,7803,Yes,No,No,Yes,Low,4.7,Good,0
4012,38,Female,Asymptomatic,171,171,66,311,162,79,184,100,5.3,38.8,76,61,181,No,Normal,1.3,Downsloping,3,Fixed Defect,Never,Never,Low,2281,No,No,No,No,Low,8.8,Good,0
4013,85,Male,Asymptomatic,142,142,76,262,171,46,266,155,5.2,35.9,101,67,142,No,Normal,2.4,Upsloping,2,Reversible Defect,Former,Occasional,Moderate,6003,Yes,No,No,No,Low,8.7,Average,1
4014,63,Male,Atypical Angina,126,126,87,313,141,52,259,177,6.3,21.3,83,71,157,No,ST-T Abnormality,1.2,Downsloping,0,Fixed Defect,Never,Occasional,Moderate,12693,No,No,No,Yes,Low,5.8,Good,0
4015,70,Male,Asymptomatic,149,149,60,302,135,68,272,97,9.3,18.7,71,60,157,Yes,Normal,1.3,Upsloping,2,Fixed Defect,Never,Frequent,High,7258,No,Yes,No,Yes,Medium,8.0,Good,1
4016,83,Male,Non-anginal Pain,141,141,69,265,101,74,284,175,7.6,21.9,120,58,147,No,Normal,0.2,Flat,0,Reversible Defect,Current,Occasional,High,13967,No,No,No,No,Low,5.6,Average,0
4017,60,Female,Atypical Angina,112,112,106,166,74,32,176,116,8.1,36.9,93,98,146,No,ST-T Abnormality,0.0,Upsloping,1,Fixed Defect,Never,Occasional,Low,4236,Yes,No,No,No,Medium,9.0,Good,0
4018,28,Female,Non-anginal Pain,174,174,79,254,114,63,174,162,8.2,22.9,76,76,196,No,Normal,0.6,Upsloping,1,Fixed Defect,Never,Frequent,High,3627,No,No,Yes,Yes,High,8.0,Good,0
4019,81,Female,Asymptomatic,175,175,92,198,80,56,258,81,8.6,18.8,107,75,129,No,LVH,2.1,Upsloping,4,Normal,Current,Occasional,Moderate,11885,No,No,No,No,Low,6.3,Average,1
4020,74,Female,Typical Angina,104,104,94,239,121,39,152,91,6.5,28.8,119,64,154,No,LVH,2.3,Flat,1,Fixed Defect,Current,Occasional,Moderate,13931,Yes,No,Yes,Yes,Low,8.8,Poor,1
4021,77,Male,Non-anginal Pain,161,161,86,232,92,40,186,123,8.3,30.7,87,58,149,Yes,ST-T Abnormality,1.8,Downsloping,0,Normal,Current,Never,Low,5738,No,No,No,Yes,Medium,8.4,Good,1
4022,73,Male,Asymptomatic,127,127,68,276,121,60,237,175,8.7,28.7,116,76,144,No,LVH,0.8,Upsloping,1,Reversible Defect,Never,Occasional,Low,9002,No,No,Yes,No,Low,5.4,Poor,0
4023,66,Male,Atypical Angina,102,102,89,187,109,33,72,159,6.4,18.3,75,67,160,No,Normal,1.3,Flat,0,Fixed Defect,Current,Occasional,Moderate,3429,Yes,Yes,Yes,No,Medium,7.7,Poor,1
4024,76,Female,Asymptomatic,143,143,60,353,219,62,228,150,7.4,31.8,121,90,148,No,ST-T Abnormality,2.0,Flat,3,Normal,Never,Frequent,High,4958,No,Yes,No,No,Medium,8.4,Poor,1
4025,27,Male,Non-anginal Pain,133,133,76,269,131,56,130,159,6.9,24.1,96,68,193,No,ST-T Abnormality,0.0,Upsloping,3,Normal,Never,Frequent,Moderate,5633,No,No,Yes,Yes,High,8.1,Average,0
4026,49,Female,Non-anginal Pain,176,176,75,254,146,42,294,107,7.5,20.6,113,96,179,No,LVH,0.3,Upsloping,1,Reversible Defect,Never,Frequent,Moderate,10980,No,No,No,Yes,Medium,5.2,Poor,0
4027,29,Male,Typical Angina,152,152,98,234,72,50,190,128,7.2,25.9,104,56,194,No,ST-T Abnormality,1.0,Upsloping,4,Normal,Never,Frequent,High,5198,No,No,No,Yes,High,4.9,Poor,0
4028,79,Female,Asymptomatic,144,144,68,204,81,36,181,141,6.2,30.6,128,76,138,No,LVH,0.9,Downsloping,4,Fixed Defect,Current,Occasional,Moderate,6142,Yes,No,No,Yes,Low,4.8,Average,1
4029,31,Female,Non-anginal Pain,149,149,107,319,161,61,278,94,5.1,37.6,117,64,192,No,Normal,1.0,Upsloping,0,Normal,Never,Frequent,High,4797,No,No,No,Yes,Low,6.1,Poor,0
4030,55,Female,Non-anginal Pain,111,111,63,291,177,44,120,174,7.2,36.4,105,95,161,No,Normal,1.4,Downsloping,0,Normal,Former,Never,Moderate,7874,No,No,Yes,No,High,7.0,Poor,1
4031,74,Male,Typical Angina,129,129,62,248,112,74,82,175,8.3,33.7,103,82,145,Yes,LVH,1.7,Flat,2,Reversible Defect,Former,Occasional,Moderate,12447,Yes,No,No,No,Medium,9.0,Average,1
4032,33,Female,Non-anginal Pain,129,129,103,281,133,36,282,146,5.3,39.4,122,71,175,Yes,LVH,0.0,Downsloping,1,Reversible Defect,Current,Never,High,14141,Yes,No,No,No,Medium,5.7,Poor,1
4033,84,Female,Atypical Angina,165,165,101,337,144,77,244,109,5.7,23.7,98,86,140,No,ST-T Abnormality,0.3,Upsloping,1,Fixed Defect,Current,Never,High,4752,No,No,No,Yes,High,5.3,Poor,0
4034,41,Male,Typical Angina,105,105,99,366,204,79,210,131,9.1,27.0,78,56,164,Yes,Normal,3.3,Upsloping,0,Reversible Defect,Current,Frequent,High,6834,Yes,Yes,No,No,Medium,5.1,Good,1
4035,40,Male,Atypical Angina,120,120,85,341,170,73,173,154,6.3,30.3,84,72,172,No,Normal,3.0,Flat,4,Reversible Defect,Current,Never,Low,6535,No,No,No,Yes,Low,7.6,Good,1
4036,66,Female,Asymptomatic,137,137,101,277,125,45,125,112,8.5,26.1,104,71,157,No,Normal,1.7,Flat,4,Normal,Never,Occasional,Moderate,14373,No,Yes,No,No,Medium,6.1,Poor,1
4037,81,Female,Atypical Angina,122,122,68,311,195,37,277,106,9.5,23.9,102,85,128,Yes,Normal,1.1,Upsloping,0,Fixed Defect,Former,Occasional,High,12224,No,No,No,No,High,6.6,Average,1
4038,86,Male,Asymptomatic,162,162,63,343,215,71,294,89,6.8,31.4,116,76,141,No,LVH,2.5,Upsloping,0,Normal,Never,Never,Low,7103,Yes,No,No,No,High,4.7,Poor,0
4039,27,Male,Asymptomatic,170,170,101,363,219,48,284,96,7.3,23.9,115,75,200,No,Normal,1.2,Upsloping,2,Reversible Defect,Former,Never,High,5537,Yes,No,No,Yes,Medium,5.8,Good,0
4040,59,Female,Typical Angina,149,149,80,197,106,46,150,110,5.8,28.6,104,96,162,Yes,Normal,0.7,Upsloping,1,Reversible Defect,Former,Frequent,Moderate,4803,No,No,Yes,No,High,8.9,Poor,1
4041,68,Female,Non-anginal Pain,127,127,67,366,193,63,278,179,7.2,39.9,96,79,149,No,LVH,0.1,Upsloping,2,Fixed Defect,Current,Frequent,Moderate,10592,No,No,Yes,No,Medium,6.9,Average,1
4042,27,Female,Atypical Angina,176,176,93,263,115,67,109,141,8.1,23.1,107,94,192,No,LVH,0.0,Upsloping,3,Reversible Defect,Current,Frequent,Moderate,8872,No,No,No,Yes,High,4.7,Good,0
4043,59,Male,Non-anginal Pain,114,114,70,322,214,56,107,154,5.5,37.8,90,89,158,No,ST-T Abnormality,1.6,Flat,3,Reversible Defect,Current,Frequent,Moderate,10841,Yes,No,Yes,No,Medium,7.3,Average,1
4044,30,Female,Atypical Angina,149,149,74,285,196,46,148,120,8.9,39.2,129,89,190,No,ST-T Abnormality,1.7,Upsloping,2,Fixed Defect,Never,Never,Moderate,14523,Yes,No,Yes,No,Medium,7.6,Good,0
4045,29,Female,Asymptomatic,101,101,65,268,152,54,103,128,8.1,31.0,96,89,188,Yes,ST-T Abnormality,2.4,Downsloping,0,Fixed Defect,Never,Never,High,8962,Yes,No,No,No,Low,5.3,Poor,0
4046,43,Male,Non-anginal Pain,151,151,62,252,87,47,161,107,7.2,19.4,118,92,162,Yes,ST-T Abnormality,2.0,Downsloping,2,Fixed Defect,Never,Frequent,Low,6569,Yes,No,No,Yes,Low,5.5,Good,1
4047,53,Female,Non-anginal Pain,167,167,71,232,89,64,268,112,6.5,30.2,128,56,174,No,ST-T Abnormality,0.0,Upsloping,3,Fixed Defect,Current,Never,High,12681,No,Yes,No,No,High,7.7,Good,1
4048,49,Female,Typical Angina,169,169,73,287,145,54,93,164,5.8,38.6,95,59,158,No,LVH,0.5,Downsloping,1,Normal,Former,Never,High,6476,Yes,Yes,No,No,Medium,8.6,Poor,0
4049,62,Male,Typical Angina,174,174,89,276,122,41,141,167,9.3,18.1,127,63,155,No,ST-T Abnormality,0.5,Downsloping,3,Normal,Never,Never,Low,2725,Yes,No,No,Yes,Low,7.3,Good,0
4050,54,Female,Non-anginal Pain,123,123,100,252,126,63,149,175,9.2,18.5,88,72,168,No,LVH,1.3,Downsloping,1,Normal,Never,Frequent,Low,10509,No,No,No,No,Low,8.9,Average,0
4051,56,Female,Non-anginal Pain,119,119,100,235,98,45,287,161,5.8,32.0,87,59,172,No,ST-T Abnormality,0.0,Downsloping,3,Fixed Defect,Never,Never,Low,11081,No,No,No,No,High,5.2,Good,0
4052,43,Female,Non-anginal Pain,101,101,107,252,104,80,212,96,5.5,22.9,124,62,181,No,Normal,1.3,Flat,3,Normal,Current,Occasional,Moderate,4305,Yes,No,No,No,Medium,8.2,Average,0
4053,28,Male,Typical Angina,144,144,66,216,114,35,114,138,8.6,19.8,84,63,193,No,LVH,4.1,Flat,4,Fixed Defect,Never,Occasional,High,10150,Yes,No,No,No,High,8.7,Average,0
4054,47,Male,Atypical Angina,129,129,60,205,93,31,228,104,7.9,26.5,118,68,160,Yes,Normal,1.0,Upsloping,2,Normal,Former,Occasional,Moderate,13241,Yes,No,Yes,Yes,High,6.8,Good,1
4055,70,Male,Asymptomatic,149,149,88,250,143,61,154,166,8.0,22.1,70,55,149,Yes,LVH,0.0,Downsloping,1,Normal,Never,Occasional,Moderate,6229,Yes,Yes,No,Yes,High,9.0,Average,1
4056,86,Female,Atypical Angina,159,159,97,236,79,69,258,98,6.1,35.6,111,72,125,No,Normal,2.4,Flat,2,Normal,Never,Never,Moderate,10699,Yes,No,No,Yes,Low,7.7,Good,1
4057,49,Male,Typical Angina,112,112,91,313,168,75,122,85,5.7,37.9,127,97,156,No,ST-T Abnormality,1.3,Upsloping,3,Reversible Defect,Never,Occasional,High,11654,Yes,No,Yes,Yes,High,7.3,Average,1
4058,36,Female,Atypical Angina,106,106,87,295,208,42,164,129,7.9,30.0,79,80,183,No,Normal,2.7,Flat,1,Normal,Never,Frequent,Low,5384,Yes,No,No,No,Low,8.6,Poor,0
4059,40,Male,Non-anginal Pain,174,174,85,272,123,30,232,143,7.1,34.4,108,77,182,Yes,LVH,1.1,Flat,0,Normal,Current,Frequent,Moderate,12699,Yes,No,No,Yes,Medium,5.4,Good,1
4060,28,Male,Typical Angina,119,119,89,330,167,49,175,111,6.6,28.4,75,76,178,No,ST-T Abnormality,0.3,Upsloping,1,Reversible Defect,Never,Occasional,Moderate,10407,No,Yes,Yes,No,Medium,5.3,Good,0
4061,27,Female,Atypical Angina,110,110,88,227,104,33,81,138,5.5,37.1,77,75,191,No,Normal,0.0,Downsloping,3,Normal,Current,Occasional,Moderate,12856,No,No,No,No,Low,8.2,Average,1
4062,32,Female,Asymptomatic,146,146,101,258,115,43,264,176,8.5,28.4,90,65,184,No,LVH,1.0,Downsloping,4,Fixed Defect,Never,Never,High,9099,No,No,No,No,High,4.8,Good,0
4063,54,Male,Atypical Angina,147,147,93,351,195,75,255,89,7.7,19.2,79,83,164,No,Normal,1.0,Downsloping,3,Reversible Defect,Current,Never,Moderate,12067,No,No,No,Yes,Low,8.9,Average,0
4064,88,Female,Typical Angina,157,157,82,264,123,73,204,102,7.7,29.1,113,83,119,No,Normal,1.2,Downsloping,0,Fixed Defect,Current,Frequent,Moderate,10132,Yes,No,No,No,Low,8.2,Good,0
4065,46,Female,Atypical Angina,175,175,80,255,90,70,148,125,7.0,36.2,87,57,183,No,ST-T Abnormality,1.3,Downsloping,2,Fixed Defect,Never,Frequent,Moderate,10278,Yes,No,Yes,No,Low,6.3,Average,0
4066,44,Female,Asymptomatic,179,179,108,273,139,68,192,97,6.0,36.5,83,100,164,No,ST-T Abnormality,1.1,Flat,2,Fixed Defect,Current,Frequent,Moderate,6734,No,Yes,No,Yes,Low,8.6,Poor,1
4067,42,Female,Typical Angina,170,170,69,301,132,57,276,84,5.8,30.5,128,94,179,Yes,Normal,0.0,Flat,3,Reversible Defect,Former,Occasional,High,13020,Yes,No,No,No,Low,6.7,Average,1
4068,84,Male,Asymptomatic,169,169,75,270,107,51,273,149,6.6,29.3,116,71,133,No,Normal,1.1,Downsloping,4,Normal,Never,Never,High,13109,Yes,No,Yes,No,High,5.3,Average,1
4069,26,Male,Non-anginal Pain,177,177,94,299,119,68,204,95,5.4,28.1,85,93,180,Yes,ST-T Abnormality,2.5,Downsloping,0,Reversible Defect,Never,Occasional,Moderate,6374,Yes,No,No,Yes,Low,8.9,Average,0
4070,53,Male,Non-anginal Pain,174,174,61,200,85,74,215,139,4.9,29.2,116,89,157,No,ST-T Abnormality,2.0,Upsloping,3,Fixed Defect,Current,Frequent,Low,5477,No,No,No,Yes,Medium,6.6,Poor,0
4071,38,Male,Typical Angina,141,141,63,297,138,64,187,101,6.3,37.8,129,97,178,Yes,ST-T Abnormality,1.3,Downsloping,2,Normal,Current,Frequent,Moderate,10706,Yes,No,No,No,Low,6.4,Good,1
4072,66,Male,Asymptomatic,114,114,75,284,145,60,236,141,6.1,34.6,75,90,144,No,LVH,1.7,Flat,0,Normal,Former,Frequent,Moderate,10562,No,Yes,Yes,No,Low,6.9,Average,1
4073,81,Female,Non-anginal Pain,178,178,89,184,72,58,78,141,6.9,36.8,89,89,147,No,LVH,1.1,Upsloping,4,Normal,Former,Frequent,High,7244,Yes,Yes,Yes,No,Low,6.7,Good,1
4074,50,Female,Atypical Angina,145,145,83,295,148,74,105,146,7.7,19.1,75,68,166,Yes,Normal,1.7,Downsloping,1,Reversible Defect,Never,Frequent,Moderate,14057,No,No,Yes,No,Medium,7.8,Poor,0
4075,67,Female,Non-anginal Pain,162,162,90,300,211,38,199,88,7.9,29.0,111,81,159,No,Normal,2.3,Upsloping,0,Fixed Defect,Former,Occasional,Low,3049,Yes,No,Yes,No,Low,7.1,Average,1
4076,83,Male,Typical Angina,172,172,109,252,90,65,207,167,6.3,24.3,74,80,125,Yes,Normal,1.2,Upsloping,1,Reversible Defect,Never,Frequent,Moderate,8700,No,No,No,Yes,High,5.0,Average,0
4077,69,Male,Typical Angina,164,164,80,335,195,61,183,162,7.8,35.7,127,74,151,No,LVH,3.1,Upsloping,3,Fixed Defect,Never,Frequent,Moderate,12024,No,No,No,No,High,6.8,Average,0
4078,81,Female,Asymptomatic,176,176,74,256,126,32,243,153,8.3,39.3,108,79,138,Yes,ST-T Abnormality,0.5,Downsloping,1,Fixed Defect,Former,Frequent,High,7004,No,Yes,No,No,High,5.2,Good,1
4079,71,Female,Atypical Angina,102,102,83,224,109,48,131,137,8.6,27.5,82,66,134,Yes,LVH,0.5,Downsloping,3,Fixed Defect,Never,Never,Moderate,3380,Yes,No,Yes,Yes,Medium,6.2,Good,1
4080,36,Female,Atypical Angina,124,124,60,276,131,42,212,88,5.9,22.5,71,75,190,Yes,LVH,0.5,Flat,2,Fixed Defect,Never,Frequent,Low,14048,Yes,No,No,No,High,8.9,Poor,1
4081,41,Male,Non-anginal Pain,112,112,84,243,74,59,212,107,7.0,39.6,115,98,186,Yes,Normal,1.5,Downsloping,4,Fixed Defect,Never,Never,Moderate,3854,Yes,Yes,No,Yes,High,4.9,Average,1
4082,48,Male,Atypical Angina,128,128,64,240,140,58,232,107,8.9,24.1,108,69,178,No,Normal,0.0,Flat,4,Normal,Never,Frequent,Moderate,14725,No,No,Yes,Yes,Medium,5.6,Average,0
4083,58,Male,Asymptomatic,114,114,105,281,167,42,139,127,5.6,23.4,73,87,160,No,LVH,0.0,Downsloping,3,Fixed Defect,Never,Occasional,Moderate,6242,Yes,No,Yes,Yes,Medium,6.5,Good,1
4084,88,Male,Asymptomatic,179,179,100,305,194,54,108,138,8.8,32.2,78,71,130,Yes,LVH,0.4,Upsloping,3,Fixed Defect,Never,Frequent,Moderate,6322,No,Yes,No,Yes,Low,8.9,Good,1
4085,89,Female,Non-anginal Pain,114,114,72,239,88,35,294,80,5.7,33.8,111,100,135,No,Normal,1.7,Upsloping,1,Reversible Defect,Former,Occasional,Moderate,10450,No,No,Yes,Yes,Medium,5.7,Good,1
4086,72,Female,Atypical Angina,155,155,98,341,206,61,77,179,8.8,31.6,75,94,155,No,ST-T Abnormality,2.4,Downsloping,4,Fixed Defect,Never,Never,Moderate,7574,No,No,Yes,Yes,Medium,5.2,Good,1
4087,53,Male,Non-anginal Pain,141,141,97,208,79,78,296,162,7.9,20.5,89,88,176,No,ST-T Abnormality,0.6,Downsloping,4,Reversible Defect,Current,Occasional,Low,3171,Yes,Yes,No,No,Medium,8.4,Good,1
4088,85,Male,Asymptomatic,171,171,101,375,189,74,158,157,7.6,23.1,130,62,140,No,LVH,0.3,Upsloping,3,Reversible Defect,Former,Never,Moderate,12178,No,No,No,Yes,Medium,8.7,Good,0
4089,31,Female,Atypical Angina,152,152,69,301,149,62,167,157,5.5,27.9,83,93,180,No,LVH,1.5,Downsloping,2,Normal,Current,Occasional,Moderate,11654,No,No,No,Yes,Low,7.2,Poor,0
4090,51,Female,Atypical Angina,149,149,92,312,128,72,126,125,5.9,28.8,106,69,154,Yes,LVH,0.0,Flat,4,Normal,Never,Never,Moderate,11308,Yes,No,No,No,High,8.4,Good,0
4091,52,Male,Atypical Angina,100,100,101,365,219,77,200,172,7.8,34.6,114,88,173,No,ST-T Abnormality,2.2,Downsloping,0,Fixed Defect,Former,Frequent,Moderate,7715,Yes,Yes,No,Yes,High,8.4,Good,1
4092,67,Male,Typical Angina,141,141,65,260,166,36,208,132,5.4,38.0,103,57,156,Yes,LVH,0.0,Upsloping,3,Fixed Defect,Never,Frequent,Low,11210,No,Yes,No,No,Low,7.1,Good,1
4093,65,Female,Asymptomatic,140,140,99,258,162,52,200,168,6.2,32.4,108,75,155,No,ST-T Abnormality,2.1,Downsloping,2,Reversible Defect,Current,Frequent,Moderate,9357,Yes,Yes,No,No,High,6.7,Good,1
4094,83,Female,Asymptomatic,172,172,76,341,197,35,137,180,8.7,23.9,100,55,137,No,ST-T Abnormality,1.8,Upsloping,3,Reversible Defect,Current,Occasional,High,3501,No,Yes,Yes,Yes,Low,8.8,Poor,1
4095,71,Female,Asymptomatic,161,161,80,292,106,79,140,140,5.7,36.2,122,66,138,No,ST-T Abnormality,2.9,Flat,4,Normal,Never,Occasional,Moderate,5797,No,No,Yes,No,Low,8.1,Poor,1
4096,86,Male,Atypical Angina,112,112,76,302,159,74,235,117,7.5,39.5,118,100,121,No,Normal,0.0,Upsloping,2,Fixed Defect,Never,Frequent,Moderate,3011,Yes,No,No,Yes,Low,5.4,Poor,0
4097,71,Male,Asymptomatic,156,156,99,295,206,34,289,160,8.0,35.5,107,59,145,No,ST-T Abnormality,1.6,Upsloping,1,Normal,Never,Occasional,Moderate,7918,Yes,Yes,Yes,Yes,High,6.8,Good,1
4098,70,Male,Non-anginal Pain,161,161,63,257,129,42,256,139,8.4,19.0,80,75,157,No,Normal,1.7,Upsloping,0,Reversible Defect,Never,Frequent,Moderate,5904,No,No,No,Yes,High,4.6,Poor,0
4099,72,Male,Atypical Angina,101,101,106,351,164,74,80,103,5.7,18.8,103,98,133,Yes,ST-T Abnormality,1.4,Upsloping,1,Normal,Never,Never,Moderate,6776,Yes,Yes,No,Yes,High,4.9,Average,1
4100,86,Male,Non-anginal Pain,177,177,92,243,154,47,87,81,9.5,23.9,73,55,129,Yes,ST-T Abnormality,0.0,Flat,1,Reversible Defect,Never,Occasional,Moderate,6802,Yes,No,No,Yes,Medium,7.6,Poor,0
4101,41,Male,Asymptomatic,180,180,84,265,108,58,297,86,5.7,27.0,118,63,189,Yes,ST-T Abnormality,1.6,Downsloping,3,Fixed Defect,Current,Occasional,Moderate,6749,Yes,No,No,No,Medium,5.2,Average,1
4102,80,Male,Atypical Angina,130,130,90,268,134,46,229,95,5.2,33.6,77,81,138,No,ST-T Abnormality,1.3,Downsloping,3,Reversible Defect,Never,Occasional,High,9483,No,No,No,No,Low,7.5,Average,0
4103,84,Female,Non-anginal Pain,163,163,101,323,141,76,192,132,8.7,34.0,83,82,122,No,ST-T Abnormality,3.1,Upsloping,3,Fixed Defect,Never,Occasional,Moderate,3359,No,No,Yes,Yes,Low,5.7,Average,1
4104,73,Female,Non-anginal Pain,147,147,105,207,73,75,122,142,7.4,38.8,106,72,132,No,ST-T Abnormality,0.9,Upsloping,0,Normal,Former,Occasional,High,8532,Yes,No,No,No,High,6.6,Good,0
4105,50,Female,Typical Angina,115,115,92,245,120,54,154,98,6.8,21.2,74,64,159,No,Normal,3.1,Flat,4,Normal,Never,Frequent,Moderate,14393,Yes,No,Yes,No,Low,8.9,Average,0
4106,72,Male,Typical Angina,118,118,89,262,104,50,272,158,6.5,32.5,74,69,133,No,ST-T Abnormality,0.4,Upsloping,0,Reversible Defect,Never,Never,High,5576,Yes,Yes,Yes,Yes,Low,6.9,Poor,1
4107,28,Female,Typical Angina,155,155,103,299,159,59,89,148,6.4,36.8,120,75,187,No,Normal,0.5,Downsloping,2,Reversible Defect,Never,Occasional,Moderate,5334,No,No,No,No,Low,6.6,Average,0
4108,66,Female,Non-anginal Pain,178,178,61,308,194,71,145,105,8.6,22.5,120,89,158,No,ST-T Abnormality,0.9,Upsloping,3,Reversible Defect,Never,Occasional,Moderate,4584,No,No,No,No,High,7.7,Average,0
4109,56,Male,Asymptomatic,175,175,109,354,217,47,186,171,7.9,33.1,124,85,157,Yes,Normal,1.3,Flat,1,Normal,Never,Occasional,Low,3675,Yes,No,No,Yes,High,8.7,Good,0
4110,41,Female,Atypical Angina,163,163,64,220,97,59,206,164,5.9,35.3,76,99,165,No,LVH,0.4,Upsloping,1,Reversible Defect,Current,Never,Moderate,6467,No,No,No,Yes,High,7.3,Good,0
4111,31,Female,Atypical Angina,123,123,88,315,181,55,289,99,7.5,33.7,91,100,184,No,ST-T Abnormality,1.0,Upsloping,2,Normal,Never,Occasional,High,2831,Yes,No,No,Yes,Low,4.9,Good,0
4112,40,Male,Atypical Angina,106,106,103,317,174,76,285,124,7.7,25.1,84,61,166,No,LVH,0.8,Flat,2,Normal,Former,Occasional,Moderate,9786,No,No,No,No,Low,7.7,Average,0
4113,62,Male,Non-anginal Pain,138,138,87,275,175,50,247,111,5.7,27.6,87,87,164,No,ST-T Abnormality,0.3,Downsloping,4,Reversible Defect,Never,Never,Moderate,4974,No,Yes,Yes,No,Medium,7.3,Poor,1
4114,52,Female,Non-anginal Pain,160,160,63,317,155,66,238,180,8.7,33.7,105,82,168,No,LVH,0.9,Flat,4,Reversible Defect,Never,Frequent,Low,7079,Yes,No,Yes,Yes,Medium,7.7,Poor,0
4115,88,Male,Asymptomatic,145,145,76,271,126,70,114,129,5.9,34.1,107,63,139,Yes,LVH,1.0,Upsloping,0,Reversible Defect,Never,Never,Moderate,8595,No,No,No,No,High,6.0,Average,0
4116,50,Male,Atypical Angina,118,118,99,305,142,62,192,120,8.6,21.4,102,64,166,No,LVH,2.2,Flat,0,Fixed Defect,Current,Never,Moderate,4718,Yes,No,Yes,Yes,Low,7.9,Good,1
4117,49,Female,Non-anginal Pain,127,127,89,246,121,36,265,93,5.0,27.8,89,92,178,No,ST-T Abnormality,1.7,Flat,3,Reversible Defect,Former,Frequent,Moderate,12104,No,No,No,No,Medium,7.9,Poor,0
4118,52,Female,Asymptomatic,119,119,78,250,82,70,173,113,8.5,19.4,100,57,158,No,Normal,1.6,Downsloping,4,Normal,Never,Never,Low,9415,Yes,Yes,Yes,Yes,Medium,4.9,Good,1
4119,39,Male,Asymptomatic,113,113,94,391,208,68,292,101,9.5,31.1,120,79,187,No,ST-T Abnormality,1.1,Flat,4,Fixed Defect,Never,Never,Moderate,7306,Yes,No,No,Yes,High,5.2,Poor,0
4120,33,Male,Typical Angina,167,167,110,241,135,41,279,112,5.5,39.3,128,94,184,No,ST-T Abnormality,1.6,Flat,3,Fixed Defect,Former,Never,Moderate,12668,No,No,No,No,Medium,4.8,Good,0
4121,74,Male,Asymptomatic,178,178,85,304,131,59,246,151,7.7,39.6,125,72,138,No,LVH,1.7,Upsloping,4,Reversible Defect,Current,Occasional,Low,4677,No,No,Yes,No,Medium,8.7,Poor,1
4122,56,Male,Typical Angina,135,135,69,242,103,76,214,160,6.1,25.6,75,94,151,No,Normal,1.9,Downsloping,0,Reversible Defect,Never,Frequent,Low,6742,No,No,Yes,Yes,Low,6.4,Poor,0
4123,61,Male,Non-anginal Pain,166,166,100,306,167,45,156,108,8.1,38.5,103,92,164,No,Normal,1.0,Upsloping,3,Fixed Defect,Never,Never,High,4665,No,Yes,No,Yes,Low,4.8,Average,1
4124,33,Female,Atypical Angina,127,127,102,321,217,30,211,151,6.6,29.7,104,92,188,No,LVH,1.7,Flat,4,Fixed Defect,Never,Occasional,Low,10192,No,No,Yes,No,Low,7.9,Good,1
4125,27,Male,Typical Angina,172,172,62,255,122,74,241,104,5.4,33.1,108,57,183,No,LVH,2.1,Downsloping,3,Reversible Defect,Never,Never,Moderate,8545,No,No,No,Yes,Medium,5.6,Average,0
4126,35,Male,Non-anginal Pain,155,155,103,281,137,37,91,164,7.7,34.2,81,75,190,Yes,Normal,1.9,Upsloping,1,Fixed Defect,Never,Frequent,Moderate,11103,Yes,No,No,No,High,5.7,Average,1
4127,73,Male,Non-anginal Pain,125,125,110,256,107,79,120,95,6.1,26.7,102,75,141,No,Normal,0.0,Downsloping,2,Fixed Defect,Never,Frequent,Moderate,10967,No,No,No,No,Medium,6.2,Good,0
4128,78,Female,Non-anginal Pain,128,128,101,302,110,80,80,162,9.4,20.5,113,69,137,No,ST-T Abnormality,2.1,Flat,1,Reversible Defect,Never,Frequent,Moderate,7728,No,No,No,No,Low,6.5,Good,0
4129,35,Male,Typical Angina,166,166,75,250,78,67,224,100,5.6,38.5,82,84,177,No,Normal,1.2,Downsloping,2,Fixed Defect,Never,Never,Moderate,8872,Yes,No,No,No,Low,8.2,Good,0
4130,62,Female,Non-anginal Pain,129,129,107,236,78,80,127,169,6.8,39.7,111,77,153,Yes,Normal,0.4,Downsloping,1,Normal,Current,Never,Moderate,10467,No,No,No,Yes,High,6.9,Good,1
4131,67,Male,Typical Angina,175,175,87,227,119,50,266,166,8.7,23.8,94,81,155,No,LVH,1.0,Flat,0,Normal,Current,Occasional,Low,12843,Yes,No,No,No,High,5.6,Good,1
4132,40,Female,Typical Angina,156,156,87,263,125,50,249,170,7.8,23.3,125,89,182,Yes,LVH,2.3,Flat,3,Reversible Defect,Never,Frequent,High,2340,No,No,No,Yes,Medium,6.8,Poor,1
4133,53,Male,Typical Angina,108,108,61,274,146,33,193,166,6.8,33.0,90,99,172,No,ST-T Abnormality,0.8,Flat,1,Reversible Defect,Current,Occasional,High,13359,No,No,No,Yes,High,6.5,Average,1
4134,54,Female,Non-anginal Pain,127,127,87,257,136,37,228,82,7.0,26.5,112,77,156,No,Normal,0.0,Flat,0,Fixed Defect,Former,Never,High,7348,Yes,No,Yes,No,Low,8.5,Good,0
4135,81,Female,Non-anginal Pain,163,163,65,236,131,35,232,99,6.1,33.3,99,58,125,No,ST-T Abnormality,1.5,Upsloping,3,Normal,Former,Occasional,Moderate,11724,No,No,No,Yes,Low,4.5,Average,1
4136,41,Female,Typical Angina,111,111,85,191,90,39,229,122,7.1,31.2,91,77,183,Yes,ST-T Abnormality,1.4,Upsloping,1,Normal,Current,Frequent,Moderate,10566,No,No,No,Yes,Low,4.7,Average,1
4137,53,Male,Typical Angina,101,101,78,230,102,77,83,122,6.7,39.8,81,92,168,Yes,LVH,2.6,Flat,2,Reversible Defect,Current,Occasional,Low,3420,Yes,No,No,Yes,High,6.6,Poor,1
4138,47,Male,Atypical Angina,153,153,66,298,157,58,293,173,9.0,35.6,114,80,168,No,ST-T Abnormality,1.1,Flat,1,Reversible Defect,Current,Occasional,High,3879,Yes,No,Yes,Yes,High,7.4,Poor,0
4139,54,Male,Typical Angina,114,114,99,390,212,73,294,157,8.9,21.2,101,61,173,No,Normal,2.3,Flat,2,Fixed Defect,Current,Occasional,Moderate,11283,No,No,No,Yes,Medium,5.6,Good,0
4140,47,Female,Typical Angina,126,126,107,245,151,50,222,157,6.3,21.0,98,99,174,No,Normal,2.0,Flat,1,Normal,Current,Frequent,Low,9038,Yes,No,No,No,Low,7.4,Poor,0
4141,34,Female,Atypical Angina,126,126,86,235,135,35,89,90,5.9,37.2,112,85,177,No,Normal,0.0,Downsloping,2,Normal,Never,Frequent,Low,8971,Yes,No,No,No,Medium,4.5,Average,1
4142,55,Female,Typical Angina,136,136,77,299,183,70,139,159,5.8,23.0,70,86,171,No,Normal,1.6,Downsloping,0,Reversible Defect,Never,Never,Low,13573,No,Yes,No,No,Low,8.6,Average,0
4143,88,Male,Typical Angina,179,179,101,213,95,33,219,123,5.4,29.6,102,95,142,Yes,LVH,3.8,Upsloping,0,Reversible Defect,Never,Occasional,High,8770,No,No,Yes,No,Medium,4.8,Poor,1
4144,88,Female,Atypical Angina,102,102,85,285,196,40,265,116,7.0,35.8,87,97,131,No,ST-T Abnormality,1.6,Upsloping,3,Fixed Defect,Current,Never,Moderate,2970,Yes,No,Yes,Yes,High,9.0,Average,1
4145,42,Male,Non-anginal Pain,129,129,102,346,180,65,162,105,9.1,39.9,91,78,166,No,ST-T Abnormality,1.3,Downsloping,0,Fixed Defect,Former,Frequent,Moderate,9298,No,No,No,Yes,Low,5.8,Good,0
4146,83,Female,Asymptomatic,116,116,96,283,165,53,224,170,8.7,38.2,119,58,130,No,Normal,2.9,Upsloping,3,Fixed Defect,Current,Frequent,High,3166,No,No,Yes,Yes,Medium,8.4,Good,1
4147,59,Female,Non-anginal Pain,174,174,89,359,207,54,240,102,5.0,28.2,99,87,157,No,LVH,2.5,Upsloping,1,Fixed Defect,Current,Frequent,High,13671,Yes,No,No,No,High,5.4,Good,1
4148,51,Female,Atypical Angina,130,130,85,249,93,63,159,117,7.4,35.0,85,83,154,Yes,Normal,1.1,Flat,3,Normal,Never,Frequent,Moderate,2149,Yes,Yes,No,No,High,5.0,Average,1
4149,39,Male,Typical Angina,115,115,85,323,189,63,156,99,8.5,32.0,91,92,177,No,LVH,1.4,Upsloping,1,Reversible Defect,Former,Never,Moderate,12739,Yes,Yes,No,No,High,5.8,Good,0
4150,45,Male,Atypical Angina,136,136,62,261,96,47,72,83,8.0,24.8,99,82,167,No,LVH,0.7,Flat,4,Reversible Defect,Never,Occasional,Low,14461,Yes,Yes,No,Yes,Low,5.3,Poor,1
4151,60,Male,Typical Angina,154,154,91,256,102,34,118,101,6.3,32.8,101,66,158,No,Normal,1.7,Flat,2,Normal,Never,Frequent,Moderate,2564,No,No,No,No,High,8.1,Good,0
4152,87,Male,Asymptomatic,117,117,85,256,112,51,217,166,6.6,31.6,90,63,136,No,ST-T Abnormality,1.0,Downsloping,3,Normal,Current,Occasional,High,6733,Yes,No,No,No,High,5.7,Average,0
4153,71,Female,Atypical Angina,133,133,98,232,116,55,211,143,8.8,23.4,84,93,157,No,ST-T Abnormality,1.2,Flat,2,Fixed Defect,Former,Occasional,Moderate,7047,Yes,No,No,Yes,Medium,6.7,Good,0
4154,60,Female,Typical Angina,175,175,62,261,134,77,72,90,8.0,30.4,95,93,164,No,Normal,1.5,Upsloping,1,Normal,Former,Frequent,Low,11997,No,No,Yes,Yes,Medium,7.1,Average,1
4155,37,Female,Atypical Angina,126,126,65,201,102,38,209,94,5.4,29.2,82,78,170,No,Normal,1.7,Downsloping,1,Fixed Defect,Current,Occasional,Low,7160,No,No,Yes,No,Low,8.0,Good,1
4156,48,Male,Typical Angina,110,110,79,240,70,73,279,126,5.5,32.6,114,66,179,No,LVH,0.5,Flat,0,Normal,Former,Frequent,Moderate,11080,Yes,No,No,No,Medium,7.0,Poor,0
4157,38,Male,Atypical Angina,155,155,81,267,157,44,98,156,4.9,22.6,128,89,175,No,Normal,0.7,Upsloping,3,Fixed Defect,Former,Never,Moderate,9945,No,No,Yes,No,High,7.3,Average,0
4158,54,Female,Asymptomatic,166,166,99,225,103,64,141,106,5.0,26.7,106,94,175,No,Normal,0.4,Flat,2,Reversible Defect,Never,Occasional,Low,14898,Yes,Yes,No,No,Low,6.0,Average,0
4159,70,Male,Non-anginal Pain,118,118,89,276,157,41,142,122,5.9,23.8,86,88,151,No,LVH,0.1,Downsloping,2,Reversible Defect,Never,Frequent,Low,9328,Yes,No,Yes,Yes,Medium,6.5,Good,0
4160,71,Female,Asymptomatic,131,131,70,327,189,78,109,119,8.3,21.0,80,75,148,No,ST-T Abnormality,0.7,Downsloping,4,Reversible Defect,Never,Frequent,Moderate,6811,Yes,Yes,No,Yes,High,7.2,Average,1
4161,45,Female,Asymptomatic,126,126,101,207,111,46,166,133,6.9,28.3,97,95,161,Yes,LVH,2.4,Upsloping,4,Reversible Defect,Current,Occasional,Moderate,8519,Yes,No,No,No,Low,5.1,Good,1
4162,89,Female,Typical Angina,139,139,68,252,135,38,291,138,5.4,21.4,125,65,119,No,ST-T Abnormality,0.7,Upsloping,4,Normal,Never,Occasional,Low,13886,No,No,Yes,Yes,High,5.1,Poor,1
4163,47,Female,Typical Angina,168,168,66,340,210,78,132,114,6.6,37.1,111,78,182,No,Normal,0.5,Downsloping,3,Fixed Defect,Current,Occasional,Moderate,4343,No,Yes,Yes,No,Low,5.5,Good,1
4164,65,Female,Typical Angina,130,130,67,204,77,35,79,132,6.5,31.9,113,78,147,No,LVH,3.5,Upsloping,0,Fixed Defect,Current,Occasional,High,12841,No,No,Yes,Yes,High,8.9,Average,1
4165,86,Female,Non-anginal Pain,149,149,109,254,144,58,102,171,6.2,29.2,123,72,130,No,LVH,2.0,Downsloping,0,Reversible Defect,Never,Frequent,Moderate,5559,No,No,Yes,No,Low,7.1,Average,0
4166,87,Female,Non-anginal Pain,112,112,77,365,216,31,121,122,7.0,36.9,80,69,136,Yes,Normal,1.3,Flat,3,Fixed Defect,Never,Frequent,Low,5019,No,No,Yes,No,Low,5.9,Poor,1
4167,79,Female,Asymptomatic,153,153,63,361,180,71,292,95,6.4,23.5,122,61,136,No,ST-T Abnormality,0.0,Flat,3,Normal,Never,Frequent,Moderate,11010,No,No,Yes,Yes,Medium,8.8,Good,1
4168,46,Male,Non-anginal Pain,101,101,104,240,113,54,108,94,8.3,18.6,95,80,181,No,ST-T Abnormality,3.2,Flat,1,Normal,Never,Frequent,Low,10987,Yes,Yes,Yes,Yes,High,5.3,Poor,1
4169,79,Male,Typical Angina,143,143,76,258,161,38,213,113,5.7,25.8,79,61,137,No,Normal,2.9,Downsloping,2,Fixed Defect,Never,Occasional,Low,5058,Yes,No,Yes,Yes,High,6.0,Poor,1
4170,38,Male,Asymptomatic,109,109,103,334,179,51,185,156,7.3,35.0,93,83,189,No,LVH,0.7,Upsloping,4,Normal,Never,Occasional,High,5797,Yes,No,No,Yes,Medium,5.0,Poor,0
4171,66,Female,Asymptomatic,148,148,63,307,139,66,103,84,5.2,31.4,124,68,143,No,Normal,0.1,Flat,3,Fixed Defect,Never,Frequent,Moderate,2521,Yes,No,Yes,No,Low,5.7,Poor,0
4172,30,Male,Non-anginal Pain,122,122,81,299,135,56,176,169,8.0,36.3,129,88,199,No,ST-T Abnormality,4.1,Flat,4,Fixed Defect,Never,Never,Low,2691,No,No,No,Yes,High,4.6,Poor,1
4173,86,Female,Non-anginal Pain,132,132,87,329,191,54,197,83,5.1,20.1,113,68,119,Yes,LVH,0.5,Flat,1,Fixed Defect,Current,Frequent,Low,11611,Yes,No,No,Yes,Medium,6.0,Good,1
4174,32,Male,Non-anginal Pain,171,171,109,290,146,57,85,120,5.6,22.2,120,79,190,No,LVH,3.4,Upsloping,0,Fixed Defect,Current,Occasional,High,13544,Yes,No,No,No,High,5.1,Poor,0
4175,75,Female,Asymptomatic,150,150,62,264,84,76,93,147,7.7,39.1,120,59,148,No,ST-T Abnormality,1.0,Upsloping,4,Reversible Defect,Never,Never,High,9229,Yes,Yes,No,No,High,7.6,Average,1
4176,30,Female,Asymptomatic,120,120,99,327,185,75,289,90,6.9,37.9,77,98,184,No,Normal,1.8,Flat,0,Fixed Defect,Current,Never,Moderate,11395,Yes,No,No,Yes,High,4.7,Average,0
4177,32,Female,Atypical Angina,121,121,76,352,210,63,151,175,7.9,18.7,89,79,174,No,Normal,1.8,Upsloping,1,Normal,Never,Frequent,Low,13693,No,No,Yes,No,Low,8.1,Poor,1
4178,41,Female,Typical Angina,145,145,68,227,83,30,218,97,8.9,38.5,100,94,177,No,ST-T Abnormality,1.4,Upsloping,1,Fixed Defect,Current,Frequent,Low,3877,Yes,No,No,No,High,4.6,Good,0
4179,66,Female,Non-anginal Pain,150,150,106,323,189,34,248,155,6.7,34.2,74,56,161,No,ST-T Abnormality,1.1,Downsloping,2,Reversible Defect,Former,Frequent,Moderate,14116,Yes,No,No,No,High,4.5,Good,1
4180,48,Female,Atypical Angina,117,117,82,291,160,47,263,89,7.5,32.1,128,69,180,Yes,LVH,1.8,Flat,4,Fixed Defect,Never,Never,Moderate,4725,No,No,Yes,Yes,Low,6.8,Average,1
4181,32,Female,Non-anginal Pain,170,170,77,320,203,62,224,148,6.0,25.9,70,79,176,No,ST-T Abnormality,1.0,Flat,4,Reversible Defect,Former,Occasional,High,2755,No,No,No,Yes,Medium,7.8,Good,0
4182,80,Female,Atypical Angina,148,148,83,281,172,68,198,107,6.6,32.4,85,97,145,No,ST-T Abnormality,0.4,Flat,2,Reversible Defect,Never,Frequent,Moderate,10952,Yes,No,Yes,No,High,6.3,Good,1
4183,79,Male,Non-anginal Pain,101,101,84,207,87,38,252,179,7.1,26.3,88,79,129,No,LVH,0.0,Downsloping,3,Normal,Never,Frequent,Low,12404,Yes,Yes,No,No,Medium,8.6,Good,1
4184,78,Female,Non-anginal Pain,117,117,66,243,102,51,148,98,8.4,34.5,94,92,151,No,LVH,1.3,Upsloping,1,Fixed Defect,Never,Occasional,Moderate,13032,No,Yes,Yes,Yes,High,6.8,Average,1
4185,76,Male,Non-anginal Pain,101,101,100,176,71,64,122,111,5.2,39.1,81,80,153,Yes,Normal,2.6,Flat,3,Fixed Defect,Never,Occasional,Moderate,2302,No,Yes,No,No,Low,8.5,Good,1
4186,62,Male,Atypical Angina,139,139,78,275,114,71,82,104,5.8,31.7,75,96,152,No,LVH,1.5,Downsloping,4,Reversible Defect,Never,Never,Moderate,7734,Yes,No,No,Yes,Medium,5.9,Average,0
4187,58,Male,Atypical Angina,119,119,78,265,115,43,227,96,6.1,39.1,125,69,172,No,ST-T Abnormality,1.0,Downsloping,3,Normal,Former,Frequent,High,6003,Yes,Yes,Yes,No,High,8.1,Poor,1
4188,67,Female,Typical Angina,165,165,101,292,130,65,278,95,6.9,33.6,87,55,145,No,ST-T Abnormality,0.0,Downsloping,3,Reversible Defect,Never,Never,High,7050,No,No,Yes,No,Low,4.6,Poor,1
4189,63,Female,Asymptomatic,151,151,86,383,211,58,231,86,7.9,20.2,86,97,146,No,Normal,1.2,Upsloping,1,Reversible Defect,Current,Occasional,Moderate,8889,No,No,Yes,No,Medium,4.6,Poor,1
4190,90,Female,Atypical Angina,154,154,70,322,149,74,168,125,4.9,37.5,103,95,135,Yes,ST-T Abnormality,1.7,Downsloping,0,Reversible Defect,Never,Never,Low,14657,Yes,No,No,No,High,7.9,Average,1
4191,63,Male,Atypical Angina,155,155,90,248,157,48,236,121,9.4,31.4,81,89,163,No,ST-T Abnormality,0.8,Upsloping,3,Reversible Defect,Never,Occasional,Low,5289,Yes,Yes,Yes,No,Medium,7.3,Poor,1
4192,72,Female,Non-anginal Pain,101,101,82,240,102,30,122,114,7.1,26.6,77,80,142,Yes,ST-T Abnormality,0.7,Flat,1,Fixed Defect,Current,Occasional,High,6660,Yes,No,No,Yes,High,8.3,Average,1
4193,29,Female,Non-anginal Pain,159,159,100,256,142,59,151,171,6.1,35.4,119,88,189,Yes,ST-T Abnormality,0.7,Upsloping,2,Fixed Defect,Never,Never,Moderate,13927,No,No,No,Yes,High,8.0,Poor,1
4194,82,Male,Non-anginal Pain,156,156,82,338,217,30,233,172,8.9,28.4,121,91,127,No,ST-T Abnormality,1.7,Flat,1,Fixed Defect,Never,Never,High,6724,Yes,Yes,Yes,Yes,Low,5.7,Average,1
4195,88,Female,Asymptomatic,168,168,67,347,193,56,266,136,8.0,33.2,100,85,129,No,ST-T Abnormality,0.0,Downsloping,3,Normal,Current,Frequent,Moderate,7038,Yes,No,Yes,No,High,6.5,Average,1
4196,56,Male,Asymptomatic,169,169,101,213,88,48,200,177,6.2,23.0,70,93,162,No,Normal,0.3,Upsloping,4,Fixed Defect,Former,Occasional,Low,7040,Yes,No,Yes,No,Low,4.7,Average,1
4197,72,Female,Non-anginal Pain,146,146,66,264,112,63,86,177,7.9,38.6,115,76,141,No,Normal,2.6,Flat,2,Normal,Former,Never,Moderate,3316,Yes,No,Yes,No,Low,4.7,Poor,1
4198,82,Male,Atypical Angina,120,120,61,335,173,68,109,125,4.9,23.5,91,62,123,No,LVH,2.5,Downsloping,0,Normal,Never,Occasional,Moderate,7532,No,Yes,No,No,Low,8.3,Average,1
4199,43,Male,Typical Angina,122,122,92,294,187,56,161,125,6.7,26.8,88,81,180,No,LVH,0.8,Downsloping,2,Reversible Defect,Never,Never,Low,11272,No,No,No,Yes,High,8.6,Poor,0
4200,65,Female,Typical Angina,131,131,70,307,186,61,201,179,5.7,26.0,129,99,153,No,ST-T Abnormality,1.4,Downsloping,4,Fixed Defect,Never,Frequent,Moderate,2627,Yes,No,No,Yes,Medium,5.4,Average,0
4201,80,Female,Non-anginal Pain,124,124,94,357,207,69,85,144,9.3,32.4,77,83,125,No,ST-T Abnormality,1.6,Flat,4,Reversible Defect,Never,Occasional,Moderate,12520,No,No,No,Yes,Medium,7.9,Average,1
4202,44,Female,Typical Angina,175,175,106,185,70,48,125,91,5.2,29.1,76,82,162,No,Normal,1.7,Upsloping,3,Reversible Defect,Former,Frequent,High,3726,No,No,No,No,Low,5.7,Poor,0
4203,25,Male,Typical Angina,132,132,83,301,192,54,140,98,6.1,21.7,114,69,195,No,ST-T Abnormality,3.1,Upsloping,2,Fixed Defect,Former,Frequent,High,13193,Yes,No,No,No,High,7.6,Average,0
4204,29,Male,Atypical Angina,161,161,76,292,188,39,105,140,5.5,26.6,101,84,178,No,Normal,0.5,Upsloping,2,Fixed Defect,Never,Frequent,Moderate,13735,Yes,No,No,Yes,Low,7.8,Poor,0
4205,77,Female,Non-anginal Pain,131,131,62,315,157,66,240,162,9.2,24.5,91,88,135,No,ST-T Abnormality,1.0,Upsloping,1,Normal,Former,Occasional,Moderate,2520,Yes,No,Yes,Yes,Low,7.5,Good,0
4206,69,Female,Asymptomatic,118,118,101,239,83,74,292,118,9.4,38.1,82,67,157,No,ST-T Abnormality,0.1,Flat,2,Normal,Current,Never,High,3701,No,No,No,Yes,Medium,4.8,Average,1
4207,36,Male,Typical Angina,156,156,104,330,186,53,238,130,6.8,24.0,81,100,169,No,LVH,2.4,Downsloping,3,Reversible Defect,Former,Occasional,Moderate,11372,No,No,Yes,No,Low,5.5,Average,0
4208,57,Female,Non-anginal Pain,176,176,87,327,153,75,214,117,8.1,30.7,115,76,153,No,ST-T Abnormality,0.0,Downsloping,0,Normal,Former,Never,Moderate,2175,No,No,No,No,Medium,5.9,Average,0
4209,88,Male,Typical Angina,130,130,78,266,86,72,122,138,8.4,31.3,91,88,125,No,LVH,0.3,Downsloping,1,Fixed Defect,Never,Occasional,Low,5834,No,Yes,No,No,Medium,5.4,Poor,1
4210,71,Female,Typical Angina,180,180,91,282,188,46,214,170,9.2,39.3,71,80,137,Yes,LVH,0.9,Flat,4,Fixed Defect,Current,Frequent,Low,14502,No,No,Yes,No,Low,5.3,Poor,1
4211,61,Male,Atypical Angina,120,120,68,315,192,56,269,162,9.0,25.8,101,89,157,No,ST-T Abnormality,2.5,Downsloping,0,Fixed Defect,Never,Never,Moderate,6092,Yes,Yes,No,No,High,7.7,Poor,0
4212,65,Male,Atypical Angina,118,118,106,269,147,75,202,167,9.3,31.0,121,92,146,No,Normal,2.5,Upsloping,1,Normal,Never,Occasional,High,3850,No,No,No,No,High,4.9,Poor,0
4213,82,Female,Asymptomatic,148,148,99,231,123,56,129,90,5.9,29.9,71,79,135,Yes,LVH,0.0,Downsloping,3,Reversible Defect,Never,Frequent,Moderate,9247,No,No,No,Yes,High,6.5,Good,1
4214,41,Male,Typical Angina,130,130,99,258,115,43,256,101,5.1,35.7,127,72,182,No,Normal,0.0,Downsloping,1,Fixed Defect,Current,Occasional,High,4874,Yes,No,No,Yes,High,5.3,Average,0
4215,35,Male,Atypical Angina,115,115,77,329,142,72,98,122,5.8,30.9,84,62,189,No,ST-T Abnormality,0.5,Upsloping,2,Normal,Current,Never,Moderate,5532,No,No,No,No,Medium,8.6,Good,1
4216,87,Female,Typical Angina,113,113,80,288,201,30,150,177,7.6,26.8,108,90,118,No,Normal,0.9,Downsloping,1,Fixed Defect,Never,Frequent,High,12073,Yes,No,Yes,Yes,Low,7.9,Poor,1
4217,46,Female,Atypical Angina,152,152,105,174,92,34,249,103,6.6,34.8,124,86,166,No,ST-T Abnormality,0.7,Downsloping,2,Reversible Defect,Never,Frequent,Moderate,5450,No,No,No,No,Medium,5.9,Poor,0
4218,52,Female,Asymptomatic,153,153,64,258,117,80,177,158,7.6,21.8,107,61,174,Yes,Normal,1.6,Upsloping,2,Normal,Current,Frequent,Low,9970,No,No,No,No,High,5.6,Average,1
4219,51,Female,Non-anginal Pain,159,159,91,330,171,41,70,133,5.8,21.8,70,67,156,No,ST-T Abnormality,1.5,Downsloping,1,Normal,Never,Frequent,High,4723,Yes,No,Yes,No,Low,5.3,Average,0
4220,70,Female,Atypical Angina,133,133,109,386,215,76,147,156,5.6,28.7,76,89,146,No,LVH,0.0,Upsloping,1,Reversible Defect,Never,Frequent,High,6868,Yes,No,No,No,Low,7.0,Average,0
4221,28,Male,Non-anginal Pain,161,161,78,201,80,69,162,85,9.0,33.2,103,99,200,No,ST-T Abnormality,0.6,Upsloping,0,Fixed Defect,Current,Occasional,Moderate,7755,No,No,No,Yes,High,4.6,Poor,0
4222,44,Female,Typical Angina,146,146,87,292,153,62,255,142,5.5,35.3,115,74,173,Yes,ST-T Abnormality,1.8,Downsloping,3,Reversible Defect,Never,Occasional,Moderate,2531,No,No,Yes,No,Low,8.0,Poor,1
4223,54,Male,Atypical Angina,144,144,110,358,196,56,268,83,7.4,19.1,75,85,167,No,Normal,1.6,Downsloping,0,Normal,Current,Never,Low,6016,No,No,Yes,No,High,6.9,Poor,1
4224,72,Male,Typical Angina,137,137,61,336,164,61,71,95,8.0,22.5,75,91,158,Yes,Normal,1.4,Flat,1,Normal,Former,Frequent,Low,2659,No,Yes,No,Yes,High,7.4,Poor,1
4225,32,Male,Non-anginal Pain,172,172,107,281,137,33,189,160,6.1,24.5,89,62,179,No,LVH,1.1,Upsloping,0,Normal,Never,Occasional,Moderate,9890,No,No,No,No,Low,5.1,Good,0
4226,27,Female,Typical Angina,109,109,100,264,72,73,166,180,8.9,37.4,97,72,199,Yes,ST-T Abnormality,2.6,Upsloping,3,Fixed Defect,Current,Never,High,8080,Yes,No,No,No,High,7.8,Good,1
4227,47,Male,Non-anginal Pain,158,158,78,332,199,71,191,145,6.2,19.7,93,87,181,No,Normal,1.1,Downsloping,0,Reversible Defect,Never,Occasional,Moderate,6579,Yes,No,No,No,High,5.7,Poor,0
4228,85,Female,Non-anginal Pain,180,180,97,253,89,50,285,180,8.6,29.2,125,69,129,No,ST-T Abnormality,1.9,Upsloping,3,Fixed Defect,Never,Frequent,Moderate,8256,Yes,No,No,Yes,High,6.1,Good,0
4229,63,Male,Typical Angina,116,116,75,216,124,51,159,106,5.8,39.2,76,83,165,No,ST-T Abnormality,0.0,Flat,1,Normal,Former,Never,Moderate,14000,Yes,Yes,No,No,High,4.7,Poor,1
4230,62,Male,Atypical Angina,102,102,98,282,149,41,161,136,6.9,21.8,73,57,156,Yes,LVH,0.0,Downsloping,0,Normal,Never,Occasional,Moderate,6724,Yes,Yes,No,No,High,5.6,Good,1
4231,47,Female,Asymptomatic,158,158,108,223,84,30,92,179,8.4,30.0,97,70,181,No,LVH,1.4,Upsloping,1,Fixed Defect,Never,Never,Moderate,4467,No,No,No,Yes,Medium,6.7,Average,0
4232,57,Female,Non-anginal Pain,160,160,60,274,164,55,70,178,6.7,32.3,102,78,152,No,LVH,1.4,Upsloping,3,Reversible Defect,Current,Frequent,Low,8159,No,No,No,Yes,Low,8.2,Poor,1
4233,78,Male,Atypical Angina,157,157,95,321,181,49,159,108,6.0,37.8,95,98,136,No,ST-T Abnormality,1.7,Downsloping,2,Reversible Defect,Never,Frequent,Moderate,9339,Yes,No,Yes,Yes,High,6.7,Poor,1
4234,39,Female,Atypical Angina,133,133,110,222,118,42,249,100,5.2,28.4,109,75,185,No,LVH,1.9,Upsloping,2,Reversible Defect,Current,Frequent,Low,14416,Yes,No,No,Yes,High,6.0,Average,0
4235,72,Male,Typical Angina,110,110,88,322,175,46,254,122,5.2,35.7,88,67,151,Yes,LVH,1.3,Downsloping,2,Normal,Never,Never,High,3959,Yes,No,No,No,High,7.5,Poor,1
4236,43,Male,Atypical Angina,106,106,80,365,204,51,274,176,8.7,19.3,78,91,186,No,ST-T Abnormality,3.9,Upsloping,1,Normal,Former,Occasional,High,2778,Yes,No,No,No,Low,6.6,Poor,0
4237,67,Female,Non-anginal Pain,131,131,69,257,88,78,95,92,7.8,33.6,85,75,155,No,LVH,1.8,Flat,3,Normal,Never,Never,Moderate,7831,Yes,Yes,Yes,Yes,Medium,5.5,Poor,1
4238,77,Female,Typical Angina,169,169,103,267,150,46,191,117,8.3,27.9,72,100,151,No,LVH,1.4,Downsloping,2,Normal,Former,Occasional,Low,3504,No,No,No,No,Low,5.4,Average,0
4239,73,Male,Atypical Angina,132,132,61,284,150,64,288,118,5.9,18.4,125,85,147,No,ST-T Abnormality,0.0,Upsloping,0,Normal,Former,Never,Moderate,6562,Yes,Yes,Yes,Yes,High,6.3,Average,1
4240,46,Male,Typical Angina,175,175,85,371,209,67,116,147,8.5,32.2,98,60,161,No,Normal,2.5,Upsloping,2,Normal,Never,Occasional,Moderate,5576,No,No,Yes,Yes,Medium,5.9,Good,1
4241,70,Female,Non-anginal Pain,177,177,105,187,95,46,114,109,6.2,38.1,104,95,139,No,ST-T Abnormality,1.0,Flat,4,Reversible Defect,Never,Frequent,Low,5962,Yes,No,No,No,Medium,8.0,Poor,1
4242,65,Male,Non-anginal Pain,131,131,84,252,153,30,140,103,7.8,33.1,97,82,153,No,LVH,1.9,Downsloping,4,Reversible Defect,Current,Never,Moderate,12984,Yes,No,No,No,Medium,5.6,Good,1
4243,67,Male,Atypical Angina,122,122,72,305,184,75,190,169,9.0,19.2,85,95,157,No,Normal,1.1,Flat,2,Fixed Defect,Current,Never,Low,9637,Yes,Yes,No,Yes,High,8.9,Poor,1
4244,76,Male,Atypical Angina,142,142,60,278,172,43,184,128,4.9,28.9,85,98,147,No,LVH,0.8,Downsloping,3,Normal,Current,Never,Moderate,6699,No,No,Yes,Yes,Low,6.2,Poor,1
4245,80,Female,Typical Angina,120,120,76,225,126,40,209,125,8.4,39.6,125,69,149,No,LVH,1.9,Flat,0,Reversible Defect,Never,Never,High,7523,Yes,No,Yes,No,Medium,8.7,Good,0
4246,38,Female,Non-anginal Pain,126,126,89,337,167,65,236,87,8.4,28.0,96,82,187,No,ST-T Abnormality,0.5,Downsloping,3,Normal,Former,Frequent,High,10068,Yes,No,No,Yes,High,8.8,Poor,0
4247,86,Male,Asymptomatic,133,133,66,299,165,49,204,171,5.8,39.9,86,71,125,Yes,Normal,0.1,Flat,3,Reversible Defect,Former,Frequent,High,7773,No,No,No,Yes,Low,7.0,Poor,1
4248,42,Female,Typical Angina,130,130,62,375,209,48,256,129,6.4,35.6,82,100,169,No,Normal,2.0,Flat,1,Reversible Defect,Former,Never,Moderate,11758,Yes,No,No,Yes,Low,8.3,Good,0
4249,35,Male,Atypical Angina,159,159,77,292,98,75,191,120,8.5,33.0,72,82,175,Yes,Normal,1.8,Downsloping,1,Reversible Defect,Never,Never,Low,4023,Yes,No,No,No,High,4.8,Good,1
4250,61,Female,Non-anginal Pain,128,128,77,284,121,60,266,112,9.5,36.3,101,70,168,No,ST-T Abnormality,0.0,Flat,1,Reversible Defect,Never,Frequent,Low,14717,No,Yes,No,No,High,5.4,Poor,1
4251,75,Female,Atypical Angina,139,139,99,196,86,37,211,123,6.6,32.0,97,96,136,No,ST-T Abnormality,1.3,Flat,0,Normal,Current,Never,Moderate,4431,No,No,No,No,Low,5.9,Average,1
4252,61,Female,Typical Angina,169,169,77,275,108,48,150,96,8.6,21.0,73,97,162,No,ST-T Abnormality,1.2,Flat,4,Normal,Current,Occasional,High,7266,Yes,No,No,Yes,Low,5.1,Average,0
4253,42,Female,Non-anginal Pain,104,104,98,289,139,77,133,165,5.7,39.2,128,85,184,No,Normal,1.1,Flat,4,Normal,Never,Occasional,Low,11007,Yes,Yes,No,No,Low,6.3,Average,0
4254,56,Male,Typical Angina,149,149,100,317,173,76,108,155,9.4,35.4,121,55,172,No,ST-T Abnormality,3.5,Upsloping,1,Normal,Former,Frequent,Moderate,7477,No,No,No,No,Medium,4.5,Good,0
4255,28,Female,Asymptomatic,173,173,79,318,128,79,92,86,5.5,23.2,123,73,179,No,ST-T Abnormality,0.4,Downsloping,1,Reversible Defect,Former,Frequent,Low,7999,No,No,No,No,Low,7.9,Average,0
4256,35,Female,Non-anginal Pain,114,114,104,337,165,70,147,109,9.3,35.9,78,71,192,No,Normal,0.0,Upsloping,3,Normal,Current,Never,Moderate,3782,No,No,No,Yes,Medium,8.8,Poor,1
4257,55,Female,Non-anginal Pain,141,141,68,255,108,33,115,151,9.0,30.8,123,56,165,No,LVH,1.4,Downsloping,3,Fixed Defect,Current,Frequent,Moderate,10005,No,No,Yes,No,Medium,6.2,Average,1
4258,87,Male,Asymptomatic,147,147,90,213,93,34,72,106,5.7,23.2,113,79,137,Yes,ST-T Abnormality,0.8,Upsloping,2,Reversible Defect,Current,Frequent,High,11749,Yes,No,Yes,No,Medium,5.5,Good,1
4259,73,Female,Non-anginal Pain,118,118,70,338,204,31,147,85,6.6,30.8,127,64,138,No,ST-T Abnormality,1.6,Upsloping,2,Reversible Defect,Former,Occasional,Moderate,2835,No,Yes,Yes,No,Medium,8.3,Average,1
4260,56,Female,Asymptomatic,108,108,72,228,134,46,218,89,9.5,23.0,113,67,155,No,ST-T Abnormality,1.6,Downsloping,1,Fixed Defect,Current,Occasional,High,9625,No,No,No,Yes,Low,6.5,Good,0
4261,29,Male,Asymptomatic,161,161,91,274,122,32,165,100,8.2,27.2,90,67,183,Yes,Normal,1.8,Downsloping,3,Fixed Defect,Never,Frequent,Moderate,13745,Yes,No,Yes,Yes,Medium,5.5,Poor,1
4262,72,Male,Non-anginal Pain,158,158,75,278,96,69,276,147,9.1,31.9,124,84,140,Yes,LVH,0.6,Downsloping,3,Normal,Former,Occasional,Low,13225,Yes,No,No,No,High,5.4,Good,1
4263,26,Female,Atypical Angina,131,131,69,303,199,50,183,152,8.5,32.7,78,89,180,No,LVH,0.6,Flat,1,Fixed Defect,Never,Frequent,Low,3825,Yes,No,No,No,High,6.7,Good,0
4264,43,Male,Typical Angina,151,151,99,368,208,61,194,114,9.1,21.4,90,92,166,No,ST-T Abnormality,2.7,Upsloping,1,Fixed Defect,Current,Never,Moderate,11241,No,No,No,Yes,High,6.5,Average,0
4265,80,Male,Typical Angina,110,110,85,232,112,73,153,168,8.0,33.2,95,78,134,No,ST-T Abnormality,2.7,Upsloping,0,Reversible Defect,Former,Never,Moderate,2427,No,Yes,Yes,Yes,Low,6.8,Average,1
4266,84,Female,Atypical Angina,120,120,103,308,160,38,100,121,5.3,29.5,105,98,142,No,Normal,0.0,Downsloping,1,Normal,Never,Never,Moderate,6269,No,No,Yes,Yes,Low,8.8,Good,0
4267,70,Male,Asymptomatic,133,133,78,221,78,78,95,143,9.2,38.5,76,82,146,No,ST-T Abnormality,1.8,Upsloping,2,Reversible Defect,Never,Occasional,Moderate,11832,No,Yes,No,Yes,Medium,9.0,Good,1
4268,73,Female,Atypical Angina,177,177,106,241,148,42,291,164,7.3,34.4,91,90,157,No,ST-T Abnormality,1.5,Upsloping,4,Normal,Never,Frequent,High,14626,No,Yes,No,Yes,Medium,8.3,Good,1
4269,31,Male,Non-anginal Pain,128,128,71,248,124,61,237,178,8.8,32.4,93,61,198,Yes,Normal,1.7,Flat,1,Fixed Defect,Former,Never,High,10498,No,No,Yes,Yes,Medium,5.6,Good,1
4270,62,Male,Asymptomatic,117,117,97,198,102,35,160,120,6.5,26.4,110,64,163,No,Normal,0.0,Upsloping,2,Fixed Defect,Current,Frequent,Low,9422,Yes,No,No,No,Medium,6.1,Good,1
4271,75,Male,Typical Angina,176,176,110,187,86,35,117,100,4.8,27.6,121,69,130,No,LVH,2.4,Flat,1,Reversible Defect,Former,Never,High,4457,Yes,No,No,Yes,Medium,5.6,Average,0
4272,35,Female,Asymptomatic,115,115,69,287,99,75,266,153,9.5,31.2,100,100,173,No,LVH,1.2,Upsloping,0,Fixed Defect,Current,Occasional,Moderate,5681,No,No,No,No,Medium,5.1,Good,0
4273,88,Female,Asymptomatic,123,123,101,276,182,47,209,95,5.8,31.0,81,66,134,No,ST-T Abnormality,1.5,Flat,1,Reversible Defect,Never,Occasional,Moderate,13352,No,Yes,Yes,No,High,8.1,Good,1
4274,60,Female,Atypical Angina,145,145,97,170,83,30,235,109,6.4,23.5,117,63,157,No,LVH,0.3,Downsloping,3,Normal,Never,Occasional,Moderate,3382,No,No,Yes,Yes,Low,8.6,Good,1
4275,49,Female,Asymptomatic,113,113,68,311,151,47,89,160,8.8,36.8,81,67,173,Yes,ST-T Abnormality,0.6,Downsloping,4,Fixed Defect,Current,Never,Low,5682,No,No,Yes,No,Low,7.7,Average,1
4276,28,Female,Non-anginal Pain,150,150,101,241,72,66,296,111,8.9,37.7,84,61,197,No,Normal,2.1,Upsloping,4,Fixed Defect,Never,Occasional,Moderate,3040,No,No,No,Yes,Low,6.4,Good,0
4277,54,Male,Typical Angina,113,113,91,278,136,74,117,154,6.7,36.6,75,100,175,Yes,ST-T Abnormality,0.5,Downsloping,1,Normal,Never,Frequent,High,9696,Yes,No,No,No,Low,7.7,Poor,0
4278,55,Male,Atypical Angina,115,115,106,256,102,40,182,125,8.6,33.3,90,87,165,No,LVH,1.8,Downsloping,4,Normal,Current,Occasional,High,9229,No,Yes,Yes,Yes,High,5.4,Good,1
4279,35,Female,Typical Angina,161,161,60,322,207,56,172,93,5.9,34.3,95,60,175,Yes,LVH,1.1,Flat,4,Reversible Defect,Current,Occasional,Moderate,2656,No,Yes,No,No,Low,7.5,Good,1
4280,31,Female,Atypical Angina,158,158,63,248,122,39,119,150,6.3,39.2,107,64,193,No,Normal,0.0,Flat,3,Fixed Defect,Current,Never,Low,11331,No,No,No,No,High,6.1,Average,1
4281,41,Male,Atypical Angina,134,134,107,324,204,75,95,93,8.8,28.6,87,65,177,Yes,LVH,1.9,Upsloping,2,Normal,Never,Frequent,Moderate,6539,No,No,Yes,Yes,High,7.3,Poor,1
4282,41,Male,Atypical Angina,100,100,63,299,202,34,244,98,5.0,32.5,72,55,164,Yes,LVH,0.0,Flat,4,Fixed Defect,Never,Never,Moderate,5596,Yes,No,No,Yes,Medium,4.7,Poor,1
4283,31,Male,Atypical Angina,141,141,78,334,173,72,261,172,9.1,30.7,76,88,197,No,ST-T Abnormality,0.2,Upsloping,4,Reversible Defect,Never,Occasional,Low,3865,No,No,No,Yes,Low,8.0,Good,1
4284,46,Female,Asymptomatic,128,128,82,329,195,64,163,170,7.9,20.2,92,65,168,No,Normal,1.3,Upsloping,2,Reversible Defect,Current,Frequent,Moderate,13215,No,No,Yes,Yes,High,5.7,Poor,1
4285,40,Female,Typical Angina,111,111,110,219,76,37,74,176,7.3,26.2,127,86,166,No,ST-T Abnormality,2.2,Downsloping,1,Fixed Defect,Former,Never,Moderate,8539,No,No,Yes,No,High,7.2,Poor,0
4286,84,Male,Non-anginal Pain,130,130,79,294,180,45,242,169,5.7,24.6,109,72,140,No,Normal,1.1,Downsloping,2,Fixed Defect,Current,Occasional,High,11121,Yes,No,Yes,Yes,Medium,6.5,Average,1
4287,78,Male,Typical Angina,116,116,79,229,71,54,82,140,8.3,25.5,95,96,131,Yes,Normal,0.7,Flat,4,Reversible Defect,Current,Frequent,Low,7355,Yes,No,Yes,No,Medium,7.8,Poor,1
4288,25,Female,Typical Angina,147,147,72,185,96,40,220,159,8.5,33.1,81,73,200,No,LVH,0.8,Flat,2,Fixed Defect,Former,Occasional,High,4308,No,No,No,Yes,Medium,8.8,Good,0
4289,59,Female,Asymptomatic,108,108,102,334,178,36,187,155,5.8,23.4,81,60,171,No,LVH,2.2,Downsloping,0,Normal,Current,Frequent,Low,5270,No,No,No,Yes,High,4.6,Average,1
4290,25,Male,Typical Angina,119,119,68,351,208,52,285,180,8.7,27.6,124,97,200,No,LVH,0.8,Flat,1,Fixed Defect,Former,Occasional,Moderate,11390,No,No,No,No,High,8.3,Good,0
4291,79,Male,Typical Angina,177,177,91,263,106,79,83,95,7.7,23.6,128,87,132,No,ST-T Abnormality,0.1,Upsloping,2,Reversible Defect,Current,Never,High,4829,Yes,No,Yes,No,Medium,7.8,Average,1
4292,58,Male,Atypical Angina,163,163,102,216,99,39,196,122,7.3,19.2,128,92,158,No,LVH,2.6,Flat,4,Reversible Defect,Never,Frequent,High,8827,Yes,No,No,Yes,Low,7.8,Average,0
4293,28,Female,Typical Angina,151,151,104,286,152,49,93,133,5.9,29.6,116,94,190,No,Normal,1.4,Downsloping,1,Reversible Defect,Never,Never,Moderate,7945,No,No,Yes,Yes,High,5.6,Average,0
4294,90,Male,Typical Angina,147,147,61,208,72,60,199,97,7.4,36.0,114,57,130,Yes,ST-T Abnormality,0.8,Upsloping,0,Fixed Defect,Former,Frequent,Moderate,6589,Yes,No,No,Yes,Medium,4.6,Good,0
4295,68,Male,Non-anginal Pain,125,125,108,153,73,33,145,90,8.2,29.2,81,57,159,No,ST-T Abnormality,0.9,Downsloping,1,Fixed Defect,Current,Never,High,7883,Yes,No,Yes,No,Medium,6.7,Poor,1
4296,52,Female,Atypical Angina,146,146,99,250,175,31,96,148,6.2,25.7,103,74,166,No,Normal,1.8,Flat,4,Fixed Defect,Never,Occasional,High,8949,No,No,No,Yes,High,6.2,Average,0
4297,86,Male,Non-anginal Pain,137,137,100,202,117,45,262,164,5.4,26.4,112,95,140,No,Normal,0.2,Downsloping,0,Reversible Defect,Never,Frequent,High,9577,Yes,Yes,No,No,High,6.9,Poor,0
4298,25,Male,Typical Angina,174,174,103,343,164,72,260,110,7.1,39.8,101,89,185,Yes,LVH,1.5,Flat,3,Fixed Defect,Never,Never,Moderate,14201,Yes,Yes,No,Yes,Medium,5.1,Poor,1
4299,41,Male,Atypical Angina,119,119,65,334,167,54,179,140,5.4,27.6,85,88,174,Yes,LVH,1.6,Flat,4,Reversible Defect,Current,Occasional,Low,4278,Yes,No,No,Yes,High,7.2,Poor,1
4300,66,Female,Atypical Angina,123,123,76,237,92,65,106,144,8.4,37.4,73,63,147,No,ST-T Abnormality,1.0,Upsloping,4,Fixed Defect,Never,Never,Moderate,5034,Yes,No,Yes,No,Low,5.7,Average,1
4301,63,Male,Typical Angina,177,177,60,251,131,66,92,133,5.0,36.5,87,90,165,No,LVH,1.7,Downsloping,2,Fixed Defect,Never,Frequent,Moderate,14539,No,No,Yes,No,Medium,7.3,Average,0
4302,42,Female,Atypical Angina,155,155,71,311,207,54,193,102,7.8,34.3,123,80,171,No,LVH,0.0,Flat,4,Normal,Never,Frequent,Low,13594,No,No,No,No,Medium,4.9,Good,1
4303,85,Male,Typical Angina,116,116,60,337,204,35,284,80,8.6,34.7,125,84,144,No,LVH,2.5,Upsloping,0,Reversible Defect,Former,Occasional,Moderate,10655,No,No,No,No,Medium,4.8,Poor,1
4304,72,Male,Non-anginal Pain,169,169,76,294,170,68,200,94,7.3,18.3,108,94,139,No,ST-T Abnormality,2.4,Upsloping,1,Normal,Current,Occasional,Moderate,5222,No,No,No,Yes,Low,6.1,Average,1
4305,57,Male,Atypical Angina,145,145,66,250,110,47,267,98,4.9,23.1,125,57,153,No,Normal,0.0,Downsloping,0,Fixed Defect,Never,Occasional,Moderate,10663,No,No,No,No,High,6.0,Poor,0
4306,47,Female,Asymptomatic,119,119,63,353,198,59,137,126,7.4,24.5,108,79,161,No,Normal,0.0,Flat,1,Fixed Defect,Current,Occasional,Low,10450,No,No,No,Yes,High,8.5,Poor,1
4307,45,Female,Atypical Angina,176,176,65,292,139,69,270,142,7.0,28.6,104,72,183,No,ST-T Abnormality,0.0,Upsloping,1,Normal,Never,Never,Low,6416,Yes,No,Yes,No,Low,9.0,Poor,0
4308,52,Male,Typical Angina,166,166,105,210,88,37,185,169,7.7,19.4,94,89,159,No,Normal,2.4,Flat,0,Normal,Never,Occasional,Moderate,13168,Yes,Yes,No,No,High,8.6,Good,0
4309,74,Female,Atypical Angina,120,120,68,238,113,58,75,166,6.9,18.5,109,56,144,Yes,ST-T Abnormality,0.0,Upsloping,2,Reversible Defect,Never,Never,Moderate,2279,Yes,No,Yes,Yes,High,5.6,Poor,1
4310,57,Female,Non-anginal Pain,133,133,104,304,121,71,211,82,8.7,26.4,101,71,158,Yes,Normal,1.6,Flat,2,Normal,Former,Never,Moderate,10803,Yes,No,Yes,Yes,Medium,6.0,Average,1
4311,57,Male,Asymptomatic,100,100,73,209,75,63,249,173,8.1,21.4,86,84,173,No,Normal,2.5,Upsloping,2,Normal,Current,Frequent,Low,6155,Yes,No,Yes,Yes,High,5.2,Average,1
4312,46,Male,Atypical Angina,153,153,105,219,90,44,233,175,7.8,37.4,124,89,162,Yes,LVH,1.6,Upsloping,3,Fixed Defect,Current,Never,Low,10995,Yes,Yes,Yes,Yes,Low,9.0,Average,1
4313,58,Female,Atypical Angina,155,155,80,263,119,74,252,94,8.0,38.8,70,91,168,Yes,LVH,0.8,Flat,4,Fixed Defect,Current,Never,Low,2852,Yes,Yes,Yes,Yes,Low,7.1,Poor,1
4314,71,Female,Atypical Angina,116,116,91,334,193,31,259,91,8.4,35.7,89,79,137,No,Normal,1.0,Upsloping,3,Reversible Defect,Former,Frequent,Low,14170,Yes,No,Yes,Yes,High,6.6,Poor,1
4315,67,Female,Typical Angina,137,137,80,292,190,48,245,146,7.1,25.5,120,86,160,Yes,Normal,2.2,Upsloping,3,Reversible Defect,Former,Frequent,Moderate,14900,Yes,No,No,No,Low,5.6,Average,1
4316,57,Female,Non-anginal Pain,167,167,63,206,71,76,83,88,8.7,38.3,122,75,159,Yes,LVH,2.5,Downsloping,1,Normal,Former,Frequent,Moderate,6506,No,Yes,Yes,Yes,Low,5.0,Average,1
4317,62,Male,Non-anginal Pain,141,141,86,251,105,44,127,178,7.1,24.8,102,63,167,No,LVH,1.7,Upsloping,4,Fixed Defect,Current,Occasional,Moderate,13207,No,No,No,Yes,Medium,5.7,Average,1
4318,53,Female,Asymptomatic,131,131,94,317,161,56,280,110,5.9,33.9,92,73,168,Yes,Normal,0.6,Upsloping,3,Normal,Current,Never,Low,9436,Yes,Yes,Yes,No,High,6.8,Poor,1
4319,59,Female,Atypical Angina,116,116,95,277,102,55,298,99,8.1,31.5,78,92,151,No,ST-T Abnormality,1.5,Upsloping,0,Fixed Defect,Never,Never,Low,7543,Yes,Yes,No,No,Medium,5.3,Good,0
4320,62,Male,Asymptomatic,104,104,78,232,136,55,149,138,4.8,27.8,105,57,159,No,Normal,2.7,Flat,4,Normal,Former,Never,Low,9191,No,Yes,No,Yes,Low,7.7,Poor,1
4321,79,Male,Atypical Angina,128,128,74,256,88,80,181,112,5.5,39.8,71,55,136,Yes,ST-T Abnormality,1.6,Upsloping,2,Fixed Defect,Never,Never,Moderate,10404,No,No,Yes,No,Medium,7.1,Good,1
4322,89,Female,Asymptomatic,165,165,103,243,91,62,214,133,5.5,34.0,115,56,131,No,Normal,0.8,Upsloping,3,Fixed Defect,Current,Never,Low,13188,No,Yes,Yes,Yes,Medium,6.6,Average,1
4323,54,Female,Non-anginal Pain,108,108,87,197,77,71,253,88,8.0,25.6,125,68,151,Yes,ST-T Abnormality,2.0,Upsloping,2,Normal,Current,Never,High,7753,Yes,No,Yes,Yes,Low,6.8,Poor,1
4324,26,Female,Atypical Angina,133,133,79,334,191,63,178,92,5.3,31.7,121,67,187,No,LVH,2.4,Downsloping,2,Reversible Defect,Never,Frequent,Low,3279,Yes,Yes,No,Yes,High,6.9,Poor,1
4325,31,Male,Non-anginal Pain,131,131,101,340,214,63,115,158,6.6,35.0,88,58,192,No,ST-T Abnormality,1.2,Flat,1,Normal,Former,Frequent,High,7872,No,No,No,No,High,5.5,Poor,0
4326,28,Female,Non-anginal Pain,118,118,81,191,84,49,100,100,7.9,33.7,76,83,185,No,LVH,0.0,Flat,0,Reversible Defect,Current,Never,Moderate,2103,Yes,No,Yes,No,High,6.2,Good,1
4327,82,Female,Asymptomatic,163,163,71,247,154,43,128,147,7.5,22.9,113,69,136,No,Normal,1.6,Downsloping,2,Normal,Never,Frequent,Moderate,4788,Yes,No,Yes,No,High,8.7,Average,1
4328,29,Female,Asymptomatic,102,102,62,332,201,62,195,126,5.5,33.8,96,67,176,No,Normal,0.0,Downsloping,2,Fixed Defect,Current,Frequent,High,8662,No,No,No,Yes,Low,8.9,Average,1
4329,74,Female,Typical Angina,101,101,72,225,87,72,99,122,7.2,23.5,106,86,137,Yes,Normal,0.5,Downsloping,1,Fixed Defect,Current,Occasional,Moderate,3846,Yes,Yes,No,No,Low,9.0,Good,1
4330,50,Female,Typical Angina,100,100,70,276,127,58,158,129,6.2,25.9,97,66,177,Yes,ST-T Abnormality,2.6,Downsloping,2,Normal,Never,Never,Moderate,6065,No,No,Yes,No,High,6.0,Average,1
4331,50,Male,Non-anginal Pain,113,113,107,302,147,70,105,87,8.6,18.7,125,89,168,No,ST-T Abnormality,3.0,Downsloping,1,Fixed Defect,Current,Never,High,5645,Yes,No,Yes,Yes,Medium,5.9,Poor,0
4332,43,Male,Atypical Angina,179,179,69,319,152,70,251,107,6.2,28.9,119,98,171,No,LVH,1.1,Flat,3,Reversible Defect,Former,Occasional,Low,8048,No,No,No,Yes,High,6.6,Good,0
4333,70,Female,Atypical Angina,136,136,92,232,76,58,159,94,4.9,32.9,116,55,155,No,Normal,0.0,Upsloping,4,Normal,Former,Occasional,Moderate,7727,Yes,No,Yes,Yes,Low,8.4,Good,0
4334,62,Male,Asymptomatic,128,128,85,321,193,50,286,135,5.1,32.1,76,86,166,No,ST-T Abnormality,0.0,Upsloping,0,Fixed Defect,Never,Never,Low,11988,Yes,No,Yes,No,Medium,5.2,Average,1
4335,63,Male,Non-anginal Pain,150,150,79,303,191,62,230,89,6.9,38.2,88,86,164,No,ST-T Abnormality,0.8,Upsloping,1,Fixed Defect,Current,Never,High,11911,No,No,Yes,Yes,Medium,8.6,Good,1
4336,40,Female,Asymptomatic,101,101,98,256,110,63,298,158,7.9,28.4,105,75,171,No,ST-T Abnormality,1.5,Flat,0,Fixed Defect,Never,Never,High,4702,No,No,Yes,No,High,8.6,Good,0
4337,36,Male,Asymptomatic,147,147,66,347,172,68,280,83,7.9,36.7,122,66,173,No,LVH,0.4,Downsloping,1,Normal,Never,Occasional,High,5188,Yes,No,No,Yes,Low,5.6,Average,0
4338,25,Male,Atypical Angina,139,139,65,241,73,65,253,148,5.3,20.1,74,80,191,No,LVH,1.5,Downsloping,3,Normal,Never,Never,Low,3041,No,No,No,Yes,High,7.5,Average,0
4339,82,Male,Asymptomatic,161,161,96,330,166,44,81,95,6.9,21.6,106,100,147,No,LVH,0.1,Upsloping,3,Normal,Never,Frequent,High,13517,No,No,No,No,High,7.7,Poor,0
4340,83,Male,Asymptomatic,150,150,77,363,203,42,225,167,9.3,28.6,108,79,140,No,Normal,0.5,Upsloping,2,Reversible Defect,Current,Never,Moderate,12656,Yes,No,Yes,Yes,Low,5.8,Poor,1
4341,79,Female,Atypical Angina,173,173,86,268,189,31,286,125,6.8,39.4,82,92,139,No,Normal,1.2,Downsloping,2,Normal,Former,Never,High,11920,No,No,Yes,No,High,8.7,Good,1
4342,62,Female,Asymptomatic,119,119,62,317,164,38,289,100,4.8,32.5,81,60,151,Yes,Normal,0.0,Flat,1,Reversible Defect,Former,Frequent,Moderate,7969,No,No,No,No,Low,6.0,Good,1
4343,26,Male,Non-anginal Pain,167,167,109,285,151,45,237,116,6.3,35.1,77,63,179,No,Normal,0.9,Flat,1,Reversible Defect,Never,Occasional,Low,10532,No,No,Yes,Yes,High,8.1,Poor,0
4344,79,Male,Typical Angina,105,105,75,285,173,72,143,120,6.3,36.2,74,62,140,No,LVH,1.9,Downsloping,2,Reversible Defect,Never,Occasional,Low,14334,No,No,Yes,No,Medium,5.0,Average,1
4345,58,Female,Asymptomatic,125,125,60,214,106,61,72,149,7.8,28.9,130,89,164,No,Normal,2.5,Downsloping,3,Normal,Never,Frequent,Moderate,8374,Yes,No,No,No,Medium,8.4,Good,0
4346,52,Male,Non-anginal Pain,139,139,107,346,215,44,139,143,6.5,24.4,112,78,174,Yes,LVH,1.3,Downsloping,3,Reversible Defect,Current,Frequent,Low,9454,No,No,No,No,Low,7.5,Good,1
4347,85,Male,Atypical Angina,175,175,69,354,192,54,143,91,4.8,38.4,87,75,137,Yes,ST-T Abnormality,2.0,Flat,3,Fixed Defect,Never,Never,Moderate,6961,No,No,No,Yes,High,4.7,Poor,1
4348,85,Female,Asymptomatic,169,169,60,347,212,35,204,141,8.6,30.5,91,68,127,No,ST-T Abnormality,2.0,Upsloping,4,Reversible Defect,Current,Frequent,Moderate,13695,Yes,No,No,No,Low,6.3,Good,1
4349,33,Male,Typical Angina,113,113,94,353,215,67,98,169,6.1,38.2,114,92,176,No,ST-T Abnormality,0.9,Flat,1,Fixed Defect,Never,Frequent,Low,9412,No,Yes,No,No,Low,7.9,Good,0
4350,76,Male,Asymptomatic,116,116,81,189,84,39,158,123,8.3,28.1,94,92,140,Yes,ST-T Abnormality,1.1,Upsloping,3,Normal,Never,Frequent,Moderate,13235,Yes,No,No,No,Low,9.0,Average,0
4351,89,Male,Atypical Angina,135,135,83,280,142,70,295,92,7.4,38.9,116,83,116,No,Normal,1.9,Upsloping,3,Reversible Defect,Never,Never,Moderate,4469,No,Yes,No,No,Medium,8.7,Average,1
4352,73,Female,Atypical Angina,122,122,61,351,206,37,289,120,8.9,38.7,71,98,151,No,Normal,0.0,Downsloping,3,Fixed Defect,Never,Occasional,Moderate,5087,No,Yes,No,Yes,Medium,7.6,Good,1
4353,43,Female,Non-anginal Pain,102,102,97,228,100,57,120,99,5.4,26.0,91,99,187,No,LVH,0.0,Flat,4,Normal,Current,Never,Moderate,3761,Yes,No,No,Yes,High,6.9,Good,0
4354,53,Female,Typical Angina,148,148,100,176,92,42,163,116,5.3,34.2,93,68,175,No,LVH,0.9,Upsloping,1,Reversible Defect,Former,Occasional,Low,10719,No,Yes,Yes,Yes,Low,8.8,Average,1
4355,43,Male,Non-anginal Pain,154,154,98,302,121,69,261,88,9.3,31.7,120,89,187,No,Normal,2.9,Flat,2,Fixed Defect,Former,Never,High,4713,Yes,Yes,No,No,Medium,5.3,Good,1
4356,62,Female,Atypical Angina,113,113,105,317,166,32,151,173,9.1,24.7,75,98,162,No,Normal,1.4,Upsloping,4,Normal,Never,Occasional,Low,11990,No,Yes,No,Yes,High,4.9,Poor,1
4357,34,Male,Asymptomatic,150,150,109,401,218,67,227,146,7.3,19.5,79,87,196,Yes,LVH,1.0,Upsloping,1,Fixed Defect,Former,Frequent,High,6884,Yes,No,No,Yes,Medium,6.6,Poor,0
4358,80,Female,Asymptomatic,158,158,74,232,125,50,249,161,8.5,37.9,75,61,139,No,LVH,0.4,Upsloping,4,Fixed Defect,Never,Occasional,Low,4064,Yes,No,Yes,No,Medium,6.3,Average,1
4359,36,Female,Non-anginal Pain,116,116,60,326,157,70,227,162,5.4,28.6,128,92,174,No,Normal,1.0,Flat,0,Reversible Defect,Never,Frequent,Moderate,3291,No,No,No,Yes,Low,4.8,Average,0
4360,75,Male,Atypical Angina,113,113,61,203,78,50,105,129,5.9,23.4,78,89,134,No,LVH,2.5,Upsloping,4,Reversible Defect,Current,Frequent,Low,7972,No,No,Yes,No,Medium,8.1,Poor,1
4361,87,Male,Atypical Angina,155,155,84,288,156,35,166,154,6.4,28.8,112,70,123,No,Normal,0.0,Upsloping,3,Reversible Defect,Never,Occasional,Moderate,8063,No,No,No,Yes,High,5.5,Good,0
4362,73,Male,Non-anginal Pain,154,154,95,269,131,74,275,101,5.0,29.7,90,75,147,No,Normal,0.5,Upsloping,0,Fixed Defect,Current,Never,Moderate,11059,No,No,No,Yes,High,5.6,Good,0
4363,52,Male,Atypical Angina,126,126,103,184,72,70,252,157,9.2,25.1,86,67,172,Yes,LVH,2.9,Flat,3,Reversible Defect,Current,Occasional,Moderate,7298,No,No,No,Yes,Low,7.6,Average,1
4364,58,Male,Asymptomatic,113,113,79,241,126,47,100,158,6.5,18.9,121,68,153,No,LVH,0.7,Flat,2,Normal,Current,Occasional,Low,7172,Yes,No,Yes,No,Low,5.3,Good,1
4365,38,Male,Asymptomatic,161,161,87,318,164,49,275,146,8.0,27.0,119,64,180,No,ST-T Abnormality,0.1,Flat,3,Fixed Defect,Never,Occasional,Moderate,10088,Yes,No,No,No,High,8.8,Good,0
4366,30,Male,Typical Angina,126,126,90,297,134,66,120,88,8.1,36.1,110,90,197,No,LVH,0.0,Flat,1,Fixed Defect,Former,Frequent,High,6154,No,No,No,No,Medium,5.6,Good,0
4367,76,Male,Non-anginal Pain,105,105,77,292,179,37,98,113,9.4,23.0,77,80,134,No,ST-T Abnormality,2.7,Flat,2,Reversible Defect,Current,Occasional,Moderate,3968,Yes,Yes,Yes,Yes,High,8.0,Good,1
4368,77,Female,Asymptomatic,124,124,71,315,160,71,90,109,7.1,28.4,74,95,134,No,Normal,0.0,Flat,4,Normal,Current,Occasional,Moderate,5247,No,No,Yes,No,Medium,7.2,Good,1
4369,37,Female,Non-anginal Pain,168,168,72,296,148,68,78,134,8.4,36.9,106,100,183,No,Normal,1.6,Downsloping,2,Normal,Current,Never,Moderate,10035,No,No,No,No,Medium,8.1,Average,1
4370,28,Female,Typical Angina,135,135,74,303,182,46,154,94,5.8,22.1,87,59,196,No,LVH,1.0,Upsloping,0,Reversible Defect,Former,Occasional,High,4300,No,No,No,No,Low,5.9,Average,0
4371,26,Male,Non-anginal Pain,154,154,65,357,176,77,121,169,8.4,19.6,87,71,200,No,LVH,0.7,Flat,0,Normal,Current,Never,Low,12720,Yes,No,No,No,Medium,6.9,Average,1
4372,41,Female,Asymptomatic,133,133,99,257,91,78,261,162,5.7,39.8,106,85,173,No,Normal,2.5,Flat,4,Fixed Defect,Never,Occasional,Moderate,9004,Yes,No,No,No,Low,5.2,Poor,0
4373,75,Male,Typical Angina,119,119,75,255,152,51,114,145,9.0,26.3,108,74,147,No,ST-T Abnormality,2.4,Downsloping,1,Normal,Never,Frequent,Moderate,5108,Yes,Yes,No,No,Medium,4.5,Average,1
4374,25,Female,Atypical Angina,159,159,66,234,124,37,250,180,6.8,22.4,129,78,188,No,Normal,2.5,Downsloping,4,Reversible Defect,Current,Never,High,13923,Yes,Yes,Yes,Yes,Low,5.6,Poor,1
4375,68,Female,Non-anginal Pain,177,177,105,244,93,41,206,143,8.0,29.8,122,61,157,No,Normal,1.8,Flat,4,Reversible Defect,Former,Never,Low,5773,No,Yes,Yes,Yes,High,7.6,Good,1
4376,74,Male,Non-anginal Pain,154,154,91,269,98,51,200,170,8.4,30.2,74,74,133,Yes,LVH,0.0,Upsloping,2,Fixed Defect,Former,Occasional,Low,5581,No,Yes,Yes,No,Low,8.0,Good,1
4377,33,Female,Asymptomatic,138,138,63,209,70,45,298,146,5.4,26.6,83,79,192,No,Normal,1.3,Downsloping,3,Fixed Defect,Current,Frequent,Low,6159,No,No,No,No,Medium,8.7,Average,0
4378,32,Male,Atypical Angina,137,137,73,300,204,44,73,122,8.9,24.1,102,92,193,Yes,ST-T Abnormality,1.1,Flat,4,Reversible Defect,Current,Never,Low,3533,Yes,No,No,Yes,High,5.5,Average,1
4379,50,Male,Asymptomatic,109,109,67,237,108,42,264,158,6.6,31.1,111,77,167,Yes,ST-T Abnormality,1.1,Upsloping,4,Reversible Defect,Current,Never,Low,13507,Yes,No,No,No,Medium,6.9,Good,1
4380,44,Male,Non-anginal Pain,170,170,80,284,159,75,271,143,5.5,34.1,104,83,173,No,LVH,4.3,Flat,3,Reversible Defect,Former,Occasional,Low,14991,Yes,No,No,No,Medium,5.8,Poor,1
4381,41,Female,Typical Angina,175,175,82,197,111,35,107,100,4.9,33.1,92,68,179,No,LVH,1.2,Flat,0,Fixed Defect,Current,Occasional,High,4113,Yes,No,No,No,High,7.9,Poor,1
4382,64,Female,Atypical Angina,143,143,80,256,172,43,187,132,5.6,22.9,119,79,146,Yes,LVH,1.1,Flat,0,Fixed Defect,Never,Occasional,High,3631,No,No,No,Yes,Medium,8.5,Average,1
4383,62,Female,Asymptomatic,112,112,108,280,134,66,272,167,8.2,27.6,94,63,164,No,Normal,0.4,Downsloping,2,Fixed Defect,Never,Occasional,Low,12426,Yes,Yes,Yes,Yes,High,8.6,Poor,1
4384,25,Male,Non-anginal Pain,126,126,85,232,123,34,143,169,7.5,26.1,128,75,182,No,ST-T Abnormality,3.3,Downsloping,1,Reversible Defect,Former,Never,High,11216,No,No,Yes,Yes,High,7.7,Average,1
4385,78,Female,Non-anginal Pain,128,128,94,286,186,57,92,91,8.2,25.7,75,69,129,Yes,Normal,0.4,Downsloping,3,Normal,Never,Frequent,Moderate,8079,Yes,No,No,Yes,Low,7.0,Poor,1
4386,36,Male,Typical Angina,173,173,60,391,206,67,249,114,5.2,20.0,99,72,183,Yes,LVH,2.6,Upsloping,0,Reversible Defect,Never,Frequent,Low,12836,No,No,No,No,Medium,7.8,Average,1
4387,28,Female,Typical Angina,101,101,74,213,133,34,141,161,5.9,31.3,117,93,181,No,ST-T Abnormality,1.2,Upsloping,0,Fixed Defect,Former,Occasional,Low,9989,No,No,No,No,Low,8.7,Poor,0
4388,52,Male,Atypical Angina,149,149,106,297,180,57,275,140,6.6,22.9,83,97,163,Yes,Normal,2.2,Upsloping,0,Reversible Defect,Never,Occasional,Moderate,2340,No,No,No,No,Low,8.7,Poor,1
4389,72,Male,Asymptomatic,171,171,65,242,127,45,256,156,5.1,20.6,75,80,142,Yes,Normal,2.1,Flat,2,Normal,Never,Frequent,Low,7772,Yes,No,No,Yes,Low,6.8,Average,1
4390,37,Female,Atypical Angina,101,101,100,279,109,61,241,152,8.4,22.6,116,91,180,No,LVH,1.0,Flat,1,Fixed Defect,Current,Frequent,Low,9658,No,No,No,Yes,Low,8.8,Poor,0
4391,67,Female,Asymptomatic,161,161,110,257,175,31,77,117,8.6,36.5,75,56,151,No,LVH,2.8,Upsloping,1,Normal,Never,Frequent,Low,4301,Yes,No,No,No,High,5.9,Average,1
4392,88,Female,Typical Angina,100,100,74,253,116,70,90,179,8.8,31.6,112,70,132,No,ST-T Abnormality,0.9,Downsloping,2,Fixed Defect,Former,Occasional,Moderate,2107,Yes,No,No,Yes,High,6.8,Good,0
4393,45,Female,Typical Angina,170,170,91,246,100,64,125,95,7.7,24.2,103,59,175,No,Normal,0.0,Upsloping,0,Reversible Defect,Never,Frequent,Low,14222,Yes,No,Yes,No,Medium,8.3,Poor,0
4394,51,Male,Non-anginal Pain,136,136,86,263,120,80,195,126,8.3,33.3,83,92,156,No,Normal,0.0,Flat,4,Reversible Defect,Never,Never,Moderate,12871,Yes,No,No,No,Low,7.4,Good,0
4395,61,Female,Atypical Angina,148,148,110,214,82,77,190,126,9.2,33.3,87,57,150,Yes,Normal,1.6,Downsloping,2,Normal,Never,Occasional,Moderate,11180,No,No,No,No,Medium,8.5,Average,1
4396,78,Male,Non-anginal Pain,172,172,74,286,169,52,270,163,8.2,38.2,81,91,138,Yes,LVH,1.0,Flat,1,Normal,Never,Occasional,Moderate,11199,No,Yes,No,No,High,6.6,Average,1
4397,70,Female,Typical Angina,100,100,79,267,91,79,92,170,8.7,27.5,93,90,135,No,LVH,1.9,Flat,2,Reversible Defect,Never,Never,High,14191,No,No,No,Yes,Medium,5.9,Poor,0
4398,25,Female,Atypical Angina,175,175,90,220,107,36,242,99,8.6,21.5,95,80,190,No,Normal,4.1,Downsloping,3,Reversible Defect,Former,Occasional,High,2174,Yes,No,No,Yes,Medium,8.2,Poor,0
4399,80,Male,Non-anginal Pain,108,108,95,217,127,46,164,166,8.0,28.3,122,76,139,No,LVH,0.0,Flat,2,Reversible Defect,Current,Occasional,Moderate,10871,Yes,Yes,Yes,No,Medium,5.5,Good,1
4400,65,Male,Typical Angina,143,143,79,230,118,37,92,139,5.1,18.9,93,92,156,No,ST-T Abnormality,0.6,Downsloping,2,Normal,Former,Frequent,High,14991,No,No,No,No,Low,7.7,Poor,0
4401,52,Female,Asymptomatic,156,156,72,294,178,43,262,148,8.0,27.4,97,86,158,No,ST-T Abnormality,1.6,Flat,3,Reversible Defect,Never,Frequent,Moderate,11054,Yes,No,No,Yes,High,6.9,Average,0
4402,38,Female,Atypical Angina,171,171,73,325,184,55,241,165,7.5,25.7,116,73,189,Yes,Normal,2.0,Upsloping,3,Normal,Never,Frequent,High,11107,No,No,No,No,High,7.5,Poor,0
4403,47,Female,Non-anginal Pain,138,138,74,208,97,48,206,176,8.4,32.5,103,89,159,No,ST-T Abnormality,2.2,Downsloping,4,Fixed Defect,Current,Never,Moderate,5551,Yes,Yes,Yes,Yes,Medium,7.3,Poor,1
4404,34,Male,Typical Angina,118,118,94,307,195,34,83,154,4.8,18.2,112,83,172,No,ST-T Abnormality,0.0,Downsloping,2,Normal,Current,Frequent,Moderate,11448,No,No,No,No,High,6.8,Average,1
4405,59,Male,Non-anginal Pain,149,149,104,375,201,71,279,120,6.8,20.9,106,71,164,No,LVH,1.2,Downsloping,2,Reversible Defect,Former,Frequent,Moderate,10654,No,Yes,Yes,No,High,7.3,Good,1
4406,67,Female,Atypical Angina,119,119,79,186,76,46,294,166,6.7,39.0,86,99,153,No,LVH,1.6,Upsloping,4,Fixed Defect,Former,Occasional,Moderate,12840,Yes,Yes,Yes,No,High,7.7,Poor,1
4407,67,Male,Atypical Angina,118,118,94,376,190,70,257,110,6.5,38.8,104,66,152,Yes,ST-T Abnormality,0.5,Upsloping,4,Fixed Defect,Current,Frequent,Low,9643,Yes,No,No,No,High,4.9,Average,1
4408,40,Female,Non-anginal Pain,140,140,85,229,124,64,269,152,5.4,19.7,107,67,178,Yes,LVH,2.1,Upsloping,2,Normal,Former,Occasional,Moderate,7496,Yes,No,No,No,High,6.9,Average,0
4409,86,Female,Non-anginal Pain,174,174,88,338,206,32,276,142,6.2,25.2,81,63,135,No,ST-T Abnormality,0.0,Downsloping,0,Normal,Never,Frequent,High,13000,Yes,No,No,Yes,Low,5.0,Average,0
4410,32,Male,Atypical Angina,122,122,87,265,181,37,102,149,7.8,32.1,101,76,184,Yes,LVH,1.1,Downsloping,2,Normal,Current,Frequent,Moderate,13661,Yes,No,No,Yes,Medium,6.6,Good,1
4411,38,Female,Typical Angina,123,123,67,297,159,43,194,86,7.9,19.9,107,56,176,No,Normal,0.0,Flat,3,Normal,Former,Occasional,Moderate,12846,No,No,No,No,Low,5.6,Good,0
4412,65,Female,Asymptomatic,149,149,94,188,84,51,207,176,9.2,39.0,105,74,159,No,ST-T Abnormality,1.8,Upsloping,3,Fixed Defect,Current,Never,Moderate,11150,No,No,No,Yes,High,7.8,Good,1
4413,73,Male,Non-anginal Pain,102,102,82,244,120,80,133,138,7.6,35.7,76,71,153,Yes,ST-T Abnormality,2.1,Upsloping,3,Fixed Defect,Never,Frequent,High,12444,Yes,No,No,Yes,Medium,6.5,Poor,1
4414,69,Male,Non-anginal Pain,157,157,89,267,134,76,140,133,6.7,21.6,70,91,136,No,ST-T Abnormality,1.0,Flat,1,Normal,Former,Never,Moderate,5479,No,No,No,Yes,Medium,7.6,Average,0
4415,83,Female,Atypical Angina,133,133,103,285,172,36,254,135,9.3,30.8,92,97,131,Yes,ST-T Abnormality,2.6,Downsloping,0,Normal,Former,Never,High,9997,No,No,Yes,No,High,4.6,Good,1
4416,60,Female,Atypical Angina,163,163,92,304,117,73,219,95,5.6,32.5,78,86,150,No,LVH,1.9,Downsloping,4,Reversible Defect,Former,Frequent,Low,6057,Yes,No,No,No,Low,5.9,Average,0
4417,53,Female,Non-anginal Pain,113,113,94,230,80,31,109,93,8.2,30.3,95,63,167,No,LVH,1.5,Downsloping,2,Normal,Never,Frequent,Moderate,14478,No,No,Yes,No,Low,6.5,Good,1
4418,81,Female,Typical Angina,170,170,70,215,77,68,280,150,8.4,24.2,92,58,126,Yes,Normal,1.6,Flat,3,Fixed Defect,Current,Frequent,Moderate,11740,No,No,No,No,High,7.3,Average,1
4419,50,Female,Typical Angina,100,100,110,306,173,73,166,169,9.2,18.2,70,59,179,No,ST-T Abnormality,1.3,Flat,3,Normal,Never,Occasional,Low,3991,No,Yes,No,No,Low,4.6,Poor,0
4420,85,Male,Asymptomatic,121,121,61,265,138,65,196,147,9.5,20.0,77,65,131,No,Normal,0.2,Downsloping,1,Fixed Defect,Never,Frequent,High,11584,No,Yes,No,No,High,7.7,Average,0
4421,44,Male,Atypical Angina,177,177,62,338,219,74,249,112,6.8,20.8,111,75,168,No,Normal,1.5,Downsloping,4,Fixed Defect,Current,Never,Moderate,8761,No,No,No,No,Medium,9.0,Good,1
4422,35,Female,Non-anginal Pain,179,179,95,272,125,49,242,132,6.2,39.2,73,68,178,Yes,Normal,0.0,Downsloping,0,Fixed Defect,Never,Frequent,High,4072,No,No,No,No,High,8.3,Good,0
4423,31,Male,Asymptomatic,138,138,87,226,92,54,220,134,6.5,34.0,117,70,191,No,ST-T Abnormality,1.4,Upsloping,2,Fixed Defect,Current,Frequent,High,13821,Yes,No,No,Yes,Low,7.0,Average,0
4424,71,Female,Asymptomatic,105,105,99,209,80,47,124,174,8.3,27.1,127,81,138,No,ST-T Abnormality,1.9,Downsloping,3,Reversible Defect,Never,Frequent,High,8433,No,Yes,Yes,Yes,High,6.5,Good,1
4425,52,Male,Asymptomatic,177,177,101,226,79,45,185,171,5.6,29.0,109,71,170,Yes,ST-T Abnormality,0.2,Flat,3,Normal,Never,Frequent,Moderate,6488,No,No,No,No,High,7.7,Average,0
4426,43,Female,Atypical Angina,133,133,82,270,137,49,272,135,8.6,34.2,88,86,185,No,LVH,1.4,Upsloping,0,Fixed Defect,Never,Never,Low,4655,Yes,No,No,Yes,Medium,8.5,Good,0
4427,56,Female,Atypical Angina,127,127,105,289,136,59,268,178,7.3,37.6,92,74,172,No,ST-T Abnormality,2.1,Downsloping,3,Reversible Defect,Current,Never,Low,2111,No,No,Yes,Yes,Medium,7.6,Poor,1
4428,39,Female,Non-anginal Pain,133,133,75,235,82,33,124,93,7.2,35.4,116,97,185,Yes,LVH,0.4,Flat,3,Reversible Defect,Current,Frequent,Moderate,7447,No,No,No,Yes,High,7.6,Average,1
4429,34,Male,Atypical Angina,133,133,69,209,89,72,288,179,7.8,25.0,98,76,193,No,LVH,1.7,Downsloping,2,Reversible Defect,Former,Never,Moderate,8009,No,No,No,Yes,Medium,7.3,Good,0
4430,87,Male,Atypical Angina,136,136,73,244,133,70,170,126,5.7,20.0,126,76,122,Yes,ST-T Abnormality,0.9,Flat,0,Fixed Defect,Former,Frequent,High,4161,Yes,No,Yes,No,High,8.6,Poor,1
4431,68,Female,Atypical Angina,121,121,81,257,90,59,160,169,8.9,37.2,73,60,157,No,ST-T Abnormality,0.5,Downsloping,0,Reversible Defect,Never,Occasional,Moderate,13772,No,No,No,Yes,High,5.5,Good,0
4432,36,Male,Atypical Angina,178,178,78,225,101,71,183,179,6.4,33.0,106,91,186,No,LVH,0.7,Downsloping,4,Fixed Defect,Current,Never,Moderate,2390,No,No,No,Yes,High,7.6,Average,0
4433,62,Male,Non-anginal Pain,165,165,87,266,160,54,109,93,4.8,27.0,107,60,165,No,Normal,2.1,Flat,3,Reversible Defect,Current,Frequent,Moderate,9097,No,Yes,Yes,No,Low,8.0,Poor,1
4434,36,Female,Non-anginal Pain,100,100,92,264,157,33,141,171,8.4,26.3,114,55,186,Yes,Normal,0.3,Upsloping,3,Normal,Former,Never,Low,12488,Yes,No,No,No,High,5.4,Average,0
4435,52,Male,Atypical Angina,144,144,72,260,134,78,84,82,5.8,39.4,123,56,157,No,ST-T Abnormality,2.8,Flat,4,Reversible Defect,Current,Never,Low,14802,Yes,Yes,Yes,Yes,High,6.4,Good,1
4436,47,Female,Atypical Angina,154,154,64,233,118,31,228,91,6.1,34.5,126,61,169,No,LVH,0.1,Downsloping,1,Reversible Defect,Current,Never,Moderate,3644,No,Yes,Yes,No,Medium,7.1,Average,1
4437,39,Female,Atypical Angina,156,156,84,269,142,30,218,101,5.7,38.4,113,59,181,No,Normal,0.6,Flat,0,Fixed Defect,Current,Never,Moderate,14722,No,No,Yes,No,Low,5.8,Poor,1
4438,83,Male,Typical Angina,176,176,60,311,160,78,273,100,9.0,19.5,79,58,134,No,ST-T Abnormality,0.8,Upsloping,3,Reversible Defect,Never,Occasional,High,14522,No,No,No,No,Low,6.0,Average,0
4439,42,Female,Non-anginal Pain,122,122,86,358,196,58,208,162,9.2,37.0,79,87,170,No,Normal,2.4,Upsloping,4,Reversible Defect,Former,Occasional,High,11257,Yes,No,Yes,Yes,Medium,8.2,Average,1
4440,73,Female,Typical Angina,162,162,101,260,162,50,100,169,7.3,21.2,128,66,150,Yes,Normal,2.5,Upsloping,1,Fixed Defect,Current,Occasional,Moderate,3651,No,No,Yes,Yes,High,8.4,Average,1
4441,75,Female,Atypical Angina,108,108,65,227,121,64,166,162,4.9,24.0,84,73,139,No,ST-T Abnormality,1.8,Downsloping,0,Normal,Former,Frequent,Moderate,10025,No,No,No,No,High,4.6,Good,0
4442,53,Male,Typical Angina,135,135,98,329,203,41,248,171,5.0,29.0,111,84,158,Yes,ST-T Abnormality,1.7,Flat,3,Fixed Defect,Former,Never,Moderate,13861,Yes,No,Yes,Yes,Medium,6.7,Average,1
4443,26,Female,Asymptomatic,156,156,104,225,122,32,158,82,7.6,27.6,95,78,198,No,LVH,1.7,Downsloping,2,Normal,Never,Occasional,Moderate,13429,No,No,No,Yes,High,8.2,Good,0
4444,38,Male,Typical Angina,108,108,65,293,199,45,78,106,8.9,25.8,72,57,174,Yes,Normal,1.0,Upsloping,3,Normal,Current,Frequent,Low,2887,No,No,No,No,Medium,7.4,Average,1
4445,29,Male,Non-anginal Pain,174,174,61,325,206,65,284,174,6.5,25.1,119,85,187,No,LVH,1.6,Upsloping,2,Reversible Defect,Never,Never,Low,12838,No,No,No,Yes,Low,5.5,Good,0
4446,62,Female,Atypical Angina,145,145,76,297,170,79,192,118,7.4,35.5,83,56,144,No,Normal,2.0,Upsloping,3,Normal,Former,Frequent,Moderate,10445,Yes,No,No,Yes,Low,5.6,Good,0
4447,54,Male,Typical Angina,160,160,102,256,118,35,172,110,6.2,36.4,80,59,169,No,Normal,0.6,Downsloping,4,Normal,Former,Frequent,Moderate,14077,No,No,Yes,No,Low,7.0,Poor,1
4448,41,Female,Typical Angina,135,135,72,380,201,79,278,179,5.4,19.6,91,92,186,No,ST-T Abnormality,0.7,Downsloping,3,Reversible Defect,Current,Never,Low,6965,Yes,No,No,Yes,Low,5.0,Poor,1
4449,38,Female,Typical Angina,138,138,83,292,138,38,116,137,6.6,35.0,128,79,187,No,ST-T Abnormality,1.8,Upsloping,4,Reversible Defect,Former,Occasional,Low,2341,No,No,No,No,High,7.9,Average,1
4450,64,Female,Typical Angina,150,150,90,347,199,66,295,155,8.2,33.8,78,77,159,No,LVH,0.0,Upsloping,2,Reversible Defect,Never,Never,High,14995,No,Yes,No,Yes,Low,5.4,Average,1
4451,81,Female,Non-anginal Pain,131,131,81,328,217,71,77,104,8.0,37.3,81,58,138,No,Normal,0.0,Flat,4,Normal,Former,Never,Low,7982,No,No,No,No,High,4.6,Good,1
4452,50,Male,Typical Angina,160,160,77,344,216,68,272,165,6.0,21.2,116,98,164,No,ST-T Abnormality,1.9,Flat,0,Normal,Never,Frequent,Moderate,8608,No,Yes,No,No,Medium,6.6,Poor,0
4453,40,Male,Typical Angina,132,132,82,248,137,52,275,163,6.7,36.6,96,68,186,No,ST-T Abnormality,1.1,Flat,4,Fixed Defect,Current,Never,Low,6027,Yes,No,No,Yes,Medium,7.2,Poor,0
4454,75,Male,Atypical Angina,115,115,61,344,201,47,127,172,4.8,24.6,119,85,154,No,LVH,1.7,Flat,2,Reversible Defect,Current,Occasional,Low,14775,Yes,No,Yes,Yes,Medium,6.0,Poor,1
4455,37,Female,Asymptomatic,118,118,90,339,202,61,144,142,8.3,20.3,92,56,173,No,Normal,0.5,Downsloping,4,Reversible Defect,Current,Frequent,Low,7408,Yes,No,No,No,Medium,7.0,Poor,0
4456,53,Male,Atypical Angina,137,137,109,247,106,49,178,135,5.6,26.7,129,83,175,Yes,Normal,2.7,Flat,1,Reversible Defect,Never,Never,High,10695,Yes,Yes,No,Yes,High,7.7,Poor,0
4457,56,Female,Asymptomatic,110,110,93,253,134,63,109,81,6.8,35.9,94,87,167,Yes,Normal,1.6,Downsloping,0,Reversible Defect,Former,Never,Low,8323,Yes,No,No,Yes,Low,6.7,Average,1
4458,84,Male,Typical Angina,163,163,83,253,157,32,96,115,8.6,20.6,88,71,132,No,ST-T Abnormality,3.3,Upsloping,2,Normal,Current,Occasional,Moderate,9078,Yes,No,No,Yes,High,7.5,Poor,1
4459,41,Female,Atypical Angina,115,115,79,236,108,33,78,133,8.8,29.9,74,59,183,No,ST-T Abnormality,1.9,Upsloping,1,Normal,Current,Never,Moderate,9122,Yes,No,No,Yes,Medium,7.9,Poor,0
4460,87,Female,Non-anginal Pain,171,171,88,223,122,48,191,94,6.2,23.0,77,78,143,No,ST-T Abnormality,1.7,Upsloping,1,Normal,Former,Never,Low,9214,Yes,No,Yes,Yes,Medium,8.0,Poor,0
4461,63,Female,Asymptomatic,160,160,76,199,73,36,141,83,7.7,31.3,107,62,162,Yes,ST-T Abnormality,3.0,Upsloping,4,Fixed Defect,Former,Never,Low,9751,No,Yes,No,Yes,Low,4.7,Average,1
4462,78,Male,Asymptomatic,161,161,109,234,142,38,299,149,7.6,24.0,121,78,151,Yes,ST-T Abnormality,0.0,Downsloping,2,Fixed Defect,Current,Never,Moderate,12383,No,No,No,Yes,Medium,7.9,Poor,1
4463,56,Female,Asymptomatic,120,120,75,176,88,38,72,104,6.2,30.7,88,87,156,No,LVH,0.0,Downsloping,4,Normal,Never,Occasional,Moderate,3056,Yes,No,No,No,High,6.0,Average,0
4464,35,Male,Non-anginal Pain,109,109,66,260,124,45,156,156,6.4,34.1,113,96,172,No,LVH,1.8,Flat,3,Normal,Current,Frequent,Low,6576,Yes,No,No,Yes,Low,8.3,Poor,0
4465,27,Male,Asymptomatic,115,115,104,282,136,76,287,146,6.8,22.3,84,95,178,No,LVH,0.9,Flat,2,Reversible Defect,Former,Never,High,11762,Yes,No,No,No,High,7.8,Average,0
4466,26,Female,Typical Angina,121,121,66,268,142,65,144,124,6.0,22.3,119,95,195,No,LVH,0.9,Flat,3,Fixed Defect,Current,Never,Low,14493,No,Yes,No,No,Medium,6.7,Good,1
4467,46,Female,Asymptomatic,130,130,102,268,141,31,113,150,9.0,22.1,102,78,172,No,LVH,0.0,Flat,4,Reversible Defect,Current,Occasional,Low,5620,No,No,Yes,Yes,Medium,8.8,Good,1
4468,60,Male,Atypical Angina,179,179,95,174,76,30,274,96,9.2,27.8,117,57,169,Yes,Normal,2.2,Flat,3,Normal,Never,Never,Moderate,5572,No,Yes,Yes,No,Medium,7.4,Good,1
4469,63,Female,Non-anginal Pain,117,117,87,319,184,79,216,100,6.4,33.1,90,75,159,Yes,LVH,1.7,Downsloping,0,Reversible Defect,Never,Never,Moderate,8201,Yes,No,Yes,Yes,High,8.2,Average,1
4470,53,Male,Non-anginal Pain,153,153,109,255,111,58,95,157,8.5,38.4,95,100,160,Yes,LVH,0.1,Upsloping,1,Normal,Current,Occasional,Low,9960,Yes,Yes,Yes,No,Medium,4.6,Poor,1
4471,87,Male,Typical Angina,140,140,67,244,102,33,164,161,5.0,29.2,81,73,120,Yes,LVH,0.0,Downsloping,0,Normal,Former,Occasional,Low,13693,No,Yes,No,Yes,Low,4.5,Average,1
4472,89,Female,Asymptomatic,130,130,82,383,208,75,190,114,6.9,39.2,101,98,138,No,LVH,1.8,Upsloping,4,Fixed Defect,Former,Frequent,Moderate,4193,Yes,Yes,No,Yes,Medium,5.6,Poor,1
4473,49,Male,Typical Angina,125,125,92,255,70,77,149,136,7.2,23.4,94,96,169,Yes,Normal,1.2,Flat,0,Fixed Defect,Former,Occasional,Moderate,5550,No,No,Yes,Yes,Low,5.2,Poor,0
4474,46,Female,Typical Angina,146,146,75,327,192,49,298,147,8.9,22.0,117,88,159,Yes,LVH,0.0,Flat,1,Reversible Defect,Never,Never,Moderate,3875,No,No,Yes,Yes,Low,8.1,Average,1
4475,31,Female,Non-anginal Pain,106,106,94,232,74,58,207,107,7.3,38.2,129,99,185,Yes,LVH,2.2,Downsloping,4,Reversible Defect,Never,Never,Moderate,2880,No,No,No,Yes,Low,8.5,Average,0
4476,33,Female,Typical Angina,179,179,108,238,73,63,110,89,5.4,24.4,108,96,174,No,Normal,0.3,Downsloping,2,Reversible Defect,Never,Never,High,12020,Yes,No,No,Yes,Medium,6.3,Average,0
4477,26,Male,Atypical Angina,140,140,68,277,177,43,121,116,8.7,36.4,80,90,200,No,ST-T Abnormality,0.4,Flat,4,Fixed Defect,Former,Never,High,9879,Yes,Yes,No,No,Medium,6.6,Good,1
4478,63,Male,Atypical Angina,128,128,78,312,211,59,107,115,9.2,39.9,89,87,150,No,Normal,0.0,Downsloping,2,Normal,Former,Frequent,Low,3162,Yes,No,Yes,No,Medium,5.5,Good,1
4479,89,Male,Atypical Angina,155,155,90,287,130,59,158,95,5.1,23.9,127,72,119,No,ST-T Abnormality,0.0,Upsloping,3,Reversible Defect,Current,Frequent,Low,6331,Yes,No,No,No,Low,5.9,Good,0
4480,28,Male,Typical Angina,155,155,82,242,88,75,265,135,9.2,35.7,91,66,199,Yes,LVH,2.2,Flat,0,Normal,Never,Never,Moderate,6140,Yes,No,No,No,High,6.5,Good,0
4481,40,Female,Asymptomatic,131,131,88,302,169,65,160,108,7.1,23.1,110,71,176,Yes,LVH,0.0,Upsloping,0,Reversible Defect,Never,Never,Moderate,10778,No,No,No,No,Medium,8.2,Good,0
4482,44,Female,Non-anginal Pain,154,154,81,236,110,54,111,175,5.8,24.8,126,62,177,No,LVH,0.1,Downsloping,4,Fixed Defect,Current,Never,Low,7242,Yes,No,No,No,Medium,5.3,Good,1
4483,79,Male,Asymptomatic,125,125,66,255,108,34,143,80,7.4,21.3,107,69,129,No,Normal,1.8,Flat,0,Reversible Defect,Current,Frequent,Moderate,11252,No,No,No,No,Low,5.9,Average,1
4484,65,Female,Typical Angina,136,136,82,227,71,64,91,99,6.6,26.7,105,70,148,No,LVH,0.8,Flat,4,Fixed Defect,Current,Never,High,8428,Yes,No,No,Yes,High,7.3,Average,0
4485,75,Female,Atypical Angina,122,122,71,301,177,78,277,93,8.0,33.5,94,94,137,No,LVH,1.5,Flat,0,Normal,Never,Frequent,Moderate,12385,Yes,No,No,Yes,Low,5.7,Average,0
4486,55,Female,Non-anginal Pain,108,108,78,246,126,34,88,135,5.2,29.7,88,95,174,No,ST-T Abnormality,2.3,Flat,4,Normal,Never,Occasional,Low,13145,No,No,No,No,Medium,8.6,Good,1
4487,47,Male,Typical Angina,158,158,87,256,144,49,156,129,6.5,21.1,116,60,182,No,LVH,0.4,Downsloping,4,Normal,Current,Never,Moderate,9178,No,Yes,Yes,Yes,High,5.2,Good,1
4488,66,Male,Asymptomatic,151,151,66,239,139,43,121,116,8.8,30.5,87,89,153,No,ST-T Abnormality,0.5,Flat,1,Fixed Defect,Current,Never,Moderate,10493,Yes,No,Yes,Yes,Medium,4.5,Good,1
4489,27,Female,Typical Angina,159,159,100,267,105,71,182,168,9.3,24.8,75,66,200,No,Normal,1.0,Downsloping,4,Fixed Defect,Former,Occasional,High,9901,Yes,No,No,No,Low,6.5,Good,0
4490,28,Female,Non-anginal Pain,104,104,110,254,122,55,202,159,5.9,28.8,102,91,192,No,Normal,1.4,Downsloping,0,Reversible Defect,Current,Never,Moderate,4291,No,No,No,No,Low,6.6,Good,0
4491,48,Male,Non-anginal Pain,158,158,98,373,193,80,118,162,7.5,32.8,89,65,157,No,LVH,1.8,Upsloping,1,Normal,Former,Never,Moderate,9280,Yes,No,Yes,No,Low,8.2,Average,1
4492,34,Female,Asymptomatic,159,159,94,337,202,78,295,138,7.3,28.4,121,95,186,No,Normal,1.9,Downsloping,4,Fixed Defect,Never,Never,Moderate,4704,Yes,No,Yes,Yes,Low,5.3,Good,0
4493,55,Male,Asymptomatic,108,108,68,289,193,48,181,138,6.6,23.9,119,68,175,No,LVH,2.6,Upsloping,4,Normal,Never,Frequent,Moderate,7709,No,No,No,Yes,Medium,8.7,Poor,0
4494,90,Male,Non-anginal Pain,168,168,75,232,106,46,218,99,5.2,19.1,86,87,140,Yes,Normal,0.7,Upsloping,3,Fixed Defect,Current,Occasional,Moderate,11359,No,Yes,Yes,Yes,High,8.2,Poor,1
4495,34,Female,Non-anginal Pain,147,147,87,288,102,66,91,138,9.4,38.0,102,82,192,No,LVH,0.9,Upsloping,3,Fixed Defect,Current,Occasional,High,10403,Yes,Yes,No,Yes,Medium,5.3,Poor,1
4496,30,Male,Non-anginal Pain,153,153,99,168,83,31,278,167,7.3,29.6,96,55,175,No,ST-T Abnormality,1.2,Upsloping,2,Normal,Former,Frequent,Moderate,8485,No,No,No,Yes,Medium,7.4,Average,0
4497,54,Female,Atypical Angina,105,105,66,277,184,45,76,157,8.1,37.2,102,70,153,No,ST-T Abnormality,1.2,Downsloping,2,Normal,Current,Never,High,12078,No,No,Yes,No,Low,6.2,Average,1
4498,29,Male,Atypical Angina,145,145,65,313,169,31,106,125,7.5,37.6,89,91,186,Yes,Normal,2.2,Downsloping,4,Fixed Defect,Former,Never,High,4539,No,No,No,Yes,High,9.0,Average,1
4499,27,Male,Typical Angina,124,124,87,248,153,33,151,111,7.6,34.7,91,61,195,No,ST-T Abnormality,1.4,Downsloping,3,Normal,Never,Frequent,Moderate,3768,Yes,No,No,Yes,Medium,5.6,Average,0
4500,44,Male,Atypical Angina,124,124,83,212,131,37,74,131,6.5,30.1,125,73,175,No,Normal,2.0,Downsloping,1,Normal,Current,Never,Low,2340,Yes,No,No,Yes,High,7.2,Poor,0
4501,46,Male,Non-anginal Pain,121,121,64,230,131,35,228,144,5.0,36.0,76,81,180,No,Normal,1.3,Upsloping,2,Fixed Defect,Former,Frequent,Low,3165,No,No,Yes,Yes,Medium,8.6,Average,1
4502,83,Female,Non-anginal Pain,116,116,99,279,151,61,293,123,8.2,38.7,112,74,131,No,Normal,2.6,Downsloping,2,Reversible Defect,Never,Never,High,4369,Yes,No,No,No,High,9.0,Poor,0
4503,90,Male,Non-anginal Pain,104,104,95,167,73,43,204,170,5.0,26.6,125,91,124,Yes,ST-T Abnormality,1.9,Downsloping,2,Normal,Former,Occasional,Moderate,10800,Yes,Yes,No,Yes,Low,6.0,Good,1
4504,72,Female,Atypical Angina,137,137,79,338,182,51,128,157,5.5,26.4,81,86,142,No,LVH,1.2,Flat,0,Reversible Defect,Current,Frequent,Moderate,5043,Yes,No,No,Yes,High,5.0,Average,1
4505,32,Male,Non-anginal Pain,111,111,82,321,177,65,169,151,9.1,24.7,105,59,173,No,Normal,3.4,Downsloping,0,Fixed Defect,Former,Occasional,Moderate,7239,Yes,No,No,No,Medium,6.5,Poor,0
4506,73,Male,Asymptomatic,159,159,74,354,188,47,163,136,8.2,35.7,98,88,138,No,LVH,2.5,Upsloping,0,Reversible Defect,Current,Never,Moderate,4028,No,No,Yes,Yes,Medium,5.8,Average,1
4507,81,Female,Non-anginal Pain,166,166,80,265,170,36,248,92,7.4,33.9,74,89,125,Yes,ST-T Abnormality,1.6,Upsloping,1,Fixed Defect,Current,Never,Moderate,6318,Yes,No,Yes,Yes,High,4.5,Good,1
4508,83,Female,Non-anginal Pain,148,148,83,270,172,36,298,105,5.4,36.6,81,61,135,No,Normal,2.7,Flat,2,Reversible Defect,Current,Frequent,High,6067,No,Yes,No,No,Medium,6.3,Good,1
4509,78,Female,Typical Angina,136,136,82,266,106,74,88,100,7.4,39.0,115,96,148,No,LVH,2.4,Downsloping,3,Fixed Defect,Current,Occasional,Moderate,13698,Yes,Yes,No,No,Low,7.9,Good,1
4510,42,Female,Typical Angina,177,177,94,383,205,69,134,167,5.0,26.7,108,63,181,No,Normal,0.5,Downsloping,3,Fixed Defect,Former,Frequent,Moderate,11405,No,No,No,No,Medium,5.3,Good,0
4511,65,Male,Atypical Angina,118,118,84,235,79,60,244,104,7.1,24.4,113,70,146,No,ST-T Abnormality,0.0,Flat,4,Fixed Defect,Current,Never,High,2814,No,Yes,Yes,No,Low,7.9,Average,1
4512,46,Male,Atypical Angina,108,108,72,216,104,39,165,94,9.0,30.4,91,100,165,No,Normal,2.2,Upsloping,2,Fixed Defect,Current,Never,Moderate,6669,Yes,No,No,Yes,Low,4.7,Poor,1
4513,87,Male,Atypical Angina,159,159,92,292,123,70,275,167,8.6,31.8,112,76,118,No,Normal,0.0,Upsloping,2,Reversible Defect,Never,Frequent,High,14930,Yes,No,Yes,No,High,9.0,Average,1
4514,27,Male,Asymptomatic,117,117,61,251,93,61,160,178,5.4,24.6,103,93,200,No,Normal,0.0,Downsloping,2,Normal,Former,Frequent,High,9711,Yes,No,No,No,High,7.4,Good,0
4515,86,Female,Asymptomatic,126,126,98,191,77,56,88,108,5.6,20.4,83,72,131,No,Normal,3.0,Downsloping,1,Normal,Current,Occasional,High,10551,Yes,Yes,No,No,High,6.3,Average,1
4516,30,Female,Asymptomatic,132,132,60,189,104,40,285,89,6.4,34.8,109,55,186,Yes,ST-T Abnormality,2.9,Upsloping,2,Fixed Defect,Current,Never,Moderate,8974,No,No,No,Yes,Low,7.2,Good,1
4517,86,Male,Atypical Angina,160,160,106,196,86,32,194,140,5.1,39.7,92,63,131,No,LVH,1.3,Downsloping,1,Reversible Defect,Never,Occasional,High,8630,Yes,Yes,Yes,No,Medium,8.0,Good,1
4518,40,Female,Atypical Angina,135,135,101,329,217,62,178,163,6.8,29.6,83,80,177,No,Normal,1.7,Downsloping,1,Fixed Defect,Never,Never,High,2553,No,No,No,No,High,5.6,Poor,0
4519,39,Female,Non-anginal Pain,172,172,92,234,90,63,205,142,5.1,37.0,120,90,190,No,ST-T Abnormality,0.0,Upsloping,4,Fixed Defect,Never,Frequent,Moderate,2220,Yes,No,No,Yes,Medium,5.4,Poor,0
4520,31,Female,Asymptomatic,143,143,106,327,176,64,238,129,7.6,39.2,116,57,196,No,LVH,0.1,Downsloping,0,Fixed Defect,Never,Never,Moderate,8967,Yes,No,No,Yes,Medium,8.1,Poor,0
4521,83,Female,Atypical Angina,154,154,79,273,164,62,269,102,5.9,36.9,112,70,122,Yes,ST-T Abnormality,1.0,Downsloping,0,Normal,Never,Never,Low,12454,No,No,Yes,Yes,Low,6.0,Average,1
4522,50,Male,Asymptomatic,138,138,106,313,175,78,163,85,5.2,27.1,122,93,171,No,LVH,0.0,Upsloping,0,Normal,Current,Occasional,Moderate,13465,Yes,No,Yes,Yes,Medium,7.9,Average,0
4523,85,Male,Non-anginal Pain,118,118,85,356,190,73,226,165,6.4,31.8,97,89,127,No,LVH,2.5,Upsloping,0,Reversible Defect,Never,Never,Low,2862,Yes,No,No,Yes,High,8.8,Good,1
4524,59,Female,Asymptomatic,133,133,100,275,127,67,270,160,7.2,25.5,89,57,161,No,ST-T Abnormality,0.4,Downsloping,0,Normal,Never,Never,High,13019,Yes,No,Yes,Yes,High,5.6,Good,0
4525,57,Male,Non-anginal Pain,172,172,84,171,88,31,296,173,5.5,30.0,82,99,157,Yes,ST-T Abnormality,2.8,Downsloping,0,Fixed Defect,Never,Never,Moderate,4188,Yes,No,Yes,Yes,Low,8.8,Good,1
4526,88,Male,Atypical Angina,160,160,103,304,175,77,120,150,8.4,24.0,72,71,127,No,LVH,1.5,Downsloping,2,Reversible Defect,Current,Frequent,High,4862,Yes,Yes,Yes,Yes,Low,5.6,Average,1
4527,38,Male,Asymptomatic,165,165,75,383,202,80,84,157,5.8,32.2,108,85,174,No,LVH,0.2,Upsloping,1,Fixed Defect,Current,Never,High,4732,Yes,No,No,No,Low,7.1,Average,1
4528,79,Male,Atypical Angina,102,102,102,336,165,74,229,98,5.7,19.6,121,66,143,Yes,Normal,2.3,Flat,0,Fixed Defect,Former,Never,Moderate,5266,No,No,Yes,No,Low,7.3,Good,1
4529,56,Female,Asymptomatic,172,172,87,319,192,36,274,80,7.0,27.7,116,100,151,Yes,Normal,1.4,Flat,1,Reversible Defect,Never,Never,Low,10973,No,Yes,No,Yes,Medium,5.5,Good,1
4530,68,Female,Asymptomatic,114,114,109,277,136,70,80,148,5.3,36.3,90,56,150,No,Normal,0.9,Flat,4,Reversible Defect,Former,Frequent,Low,2275,Yes,No,Yes,Yes,High,4.9,Good,1
4531,38,Female,Asymptomatic,101,101,97,348,204,36,201,128,6.5,28.9,103,68,178,No,ST-T Abnormality,0.1,Downsloping,3,Normal,Current,Frequent,Low,14719,Yes,No,Yes,No,High,5.0,Average,1
4532,46,Female,Typical Angina,156,156,79,350,171,78,271,94,5.8,19.0,89,89,167,No,Normal,2.1,Upsloping,3,Fixed Defect,Current,Never,Moderate,8694,Yes,No,Yes,No,Low,5.3,Average,1
4533,64,Female,Non-anginal Pain,166,166,63,322,188,51,300,145,8.9,19.5,94,80,164,No,LVH,0.7,Flat,4,Reversible Defect,Current,Never,Moderate,11099,Yes,No,Yes,Yes,Low,8.6,Average,1
4534,52,Female,Non-anginal Pain,178,178,93,321,179,58,203,147,9.1,34.6,126,84,163,No,Normal,1.7,Upsloping,4,Reversible Defect,Current,Occasional,High,4430,Yes,No,Yes,No,Low,8.5,Poor,1
4535,81,Male,Atypical Angina,125,125,93,322,140,74,300,174,9.1,29.2,97,55,136,No,Normal,0.7,Upsloping,2,Normal,Current,Occasional,Moderate,10869,No,Yes,Yes,Yes,Low,4.9,Average,1
4536,80,Male,Asymptomatic,172,172,71,278,112,80,71,152,6.7,25.6,102,71,128,No,LVH,0.0,Flat,1,Reversible Defect,Former,Frequent,Moderate,10330,Yes,No,Yes,Yes,Low,8.2,Poor,0
4537,36,Male,Atypical Angina,131,131,65,286,121,47,179,125,5.0,29.0,90,100,176,Yes,Normal,1.8,Flat,4,Normal,Current,Frequent,Moderate,10566,Yes,No,No,Yes,High,8.7,Poor,1
4538,82,Female,Typical Angina,138,138,87,332,172,42,223,118,5.1,23.1,101,93,127,No,Normal,1.6,Flat,3,Reversible Defect,Never,Never,Low,10037,Yes,No,No,Yes,Low,6.3,Poor,0
4539,86,Male,Typical Angina,148,148,91,300,132,58,98,100,6.9,23.1,71,58,137,Yes,ST-T Abnormality,2.3,Upsloping,3,Fixed Defect,Former,Frequent,Low,6150,No,Yes,Yes,Yes,High,6.1,Good,1
4540,83,Female,Typical Angina,108,108,66,338,188,74,165,176,5.7,26.1,101,74,141,No,ST-T Abnormality,3.3,Flat,2,Normal,Former,Occasional,High,12731,Yes,Yes,Yes,Yes,High,6.6,Average,1
4541,65,Female,Non-anginal Pain,101,101,68,237,94,58,85,95,6.1,31.3,106,77,160,Yes,ST-T Abnormality,1.4,Flat,1,Fixed Defect,Never,Occasional,Low,5702,No,No,No,No,Low,8.2,Good,0
4542,63,Male,Atypical Angina,139,139,88,232,84,42,247,121,5.0,37.8,110,73,165,Yes,LVH,0.6,Flat,3,Normal,Current,Never,Moderate,2845,No,No,No,No,Medium,7.5,Average,1
4543,30,Male,Atypical Angina,180,180,74,323,171,69,233,96,7.5,37.8,84,81,191,No,ST-T Abnormality,1.7,Flat,3,Fixed Defect,Never,Occasional,Moderate,11618,No,Yes,No,No,Low,8.9,Average,0
4544,79,Male,Non-anginal Pain,119,119,110,341,155,79,268,165,5.3,18.8,94,76,148,No,Normal,1.6,Upsloping,1,Fixed Defect,Former,Never,High,3320,Yes,No,Yes,No,Low,7.8,Good,0
4545,32,Female,Asymptomatic,121,121,90,333,175,62,176,91,5.1,32.3,110,73,184,No,LVH,4.3,Flat,2,Reversible Defect,Former,Occasional,High,5392,Yes,No,No,No,Medium,6.9,Average,0
4546,64,Male,Asymptomatic,126,126,92,297,144,47,75,98,7.1,24.9,112,86,141,No,LVH,0.7,Downsloping,3,Normal,Current,Frequent,High,7894,Yes,Yes,Yes,No,Medium,4.9,Poor,1
4547,36,Female,Asymptomatic,137,137,102,279,151,74,105,91,9.5,32.9,70,80,187,Yes,ST-T Abnormality,2.9,Flat,1,Reversible Defect,Never,Frequent,Moderate,9875,Yes,No,Yes,No,Low,7.0,Average,1
4548,83,Female,Asymptomatic,142,142,91,305,137,67,79,160,6.0,19.9,90,73,129,No,Normal,2.4,Flat,2,Reversible Defect,Never,Never,Low,2946,No,No,Yes,No,Medium,5.5,Good,1
4549,72,Male,Non-anginal Pain,129,129,87,327,219,63,218,145,5.1,26.6,100,78,141,No,Normal,0.0,Upsloping,2,Normal,Never,Occasional,Low,2479,No,No,Yes,Yes,Low,7.9,Poor,1
4550,55,Female,Non-anginal Pain,100,100,98,317,179,31,255,114,6.8,30.5,114,60,156,No,Normal,1.0,Downsloping,4,Normal,Never,Never,Moderate,3784,Yes,No,Yes,No,Low,4.8,Good,1
4551,29,Male,Atypical Angina,161,161,110,332,216,69,179,89,5.9,31.8,100,85,178,No,LVH,1.8,Upsloping,4,Fixed Defect,Current,Never,High,10508,Yes,No,No,Yes,Low,5.8,Good,1
4552,35,Male,Atypical Angina,156,156,83,343,185,47,160,172,7.7,27.6,102,76,174,No,LVH,1.4,Upsloping,4,Normal,Former,Frequent,Moderate,9416,No,No,No,Yes,Low,5.8,Poor,0
4553,44,Male,Atypical Angina,116,116,66,210,91,40,267,148,5.0,34.9,130,81,162,No,Normal,1.4,Downsloping,3,Reversible Defect,Former,Occasional,Moderate,8352,No,No,No,No,Low,7.5,Poor,0
4554,61,Female,Typical Angina,143,143,66,386,220,80,77,87,4.9,32.4,102,68,149,Yes,Normal,0.9,Upsloping,1,Fixed Defect,Never,Occasional,Low,12404,No,Yes,No,Yes,Medium,8.8,Good,1
4555,75,Male,Non-anginal Pain,136,136,90,387,199,71,109,122,5.5,20.7,104,78,153,No,LVH,0.0,Upsloping,1,Normal,Never,Occasional,Low,3200,Yes,No,Yes,Yes,High,4.8,Average,1
4556,67,Male,Atypical Angina,169,169,94,258,123,47,216,101,7.6,33.9,95,56,157,No,ST-T Abnormality,1.9,Flat,4,Fixed Defect,Never,Frequent,Low,12482,Yes,No,Yes,Yes,Medium,7.8,Average,1
4557,34,Female,Typical Angina,150,150,93,407,212,77,271,174,6.5,24.4,80,95,187,Yes,LVH,0.1,Flat,2,Normal,Never,Frequent,Moderate,5415,Yes,No,No,Yes,High,6.4,Poor,1
4558,86,Male,Atypical Angina,152,152,81,307,138,67,244,142,5.8,25.2,90,66,135,No,LVH,3.4,Upsloping,0,Fixed Defect,Current,Frequent,Moderate,5859,No,No,No,Yes,Low,8.2,Poor,1
4559,71,Male,Non-anginal Pain,140,140,89,291,215,35,176,112,8.4,19.4,117,64,139,No,Normal,1.9,Upsloping,3,Reversible Defect,Current,Occasional,High,10154,Yes,Yes,No,Yes,Medium,5.8,Good,1
4560,52,Female,Non-anginal Pain,100,100,62,252,102,31,75,126,5.3,20.4,87,98,173,No,LVH,0.2,Flat,1,Reversible Defect,Never,Occasional,High,6652,Yes,No,No,Yes,Low,6.6,Poor,0
4561,70,Female,Atypical Angina,157,157,93,325,161,56,94,95,8.6,18.3,121,95,146,No,LVH,1.9,Downsloping,0,Normal,Former,Occasional,Low,4239,Yes,No,Yes,Yes,Low,7.3,Average,0
4562,66,Male,Non-anginal Pain,178,178,103,291,127,68,276,146,5.7,39.2,84,65,145,No,ST-T Abnormality,0.1,Downsloping,2,Fixed Defect,Current,Occasional,High,10002,Yes,No,Yes,No,Medium,5.0,Good,1
4563,34,Female,Asymptomatic,167,167,61,279,159,46,290,141,5.0,37.1,127,86,190,Yes,Normal,1.9,Flat,3,Fixed Defect,Never,Never,Low,13512,Yes,No,No,No,Low,6.2,Poor,0
4564,34,Female,Atypical Angina,104,104,60,306,183,50,287,105,9.4,19.8,124,86,188,Yes,LVH,0.7,Upsloping,0,Reversible Defect,Never,Frequent,Moderate,4001,No,No,Yes,No,High,8.0,Poor,0
4565,87,Female,Typical Angina,138,138,81,320,217,61,99,174,6.5,29.4,103,65,131,Yes,Normal,1.7,Upsloping,2,Normal,Current,Never,High,13842,No,No,No,Yes,High,4.8,Poor,1
4566,75,Male,Non-anginal Pain,103,103,60,201,85,71,175,145,5.8,38.3,78,83,146,No,ST-T Abnormality,0.4,Flat,2,Normal,Never,Frequent,High,2122,No,No,No,No,Medium,6.1,Good,0
4567,75,Male,Typical Angina,149,149,110,311,170,58,180,101,8.3,33.7,99,94,145,No,Normal,0.4,Flat,0,Normal,Never,Frequent,Low,5377,No,No,Yes,Yes,Medium,7.2,Good,1
4568,25,Male,Typical Angina,135,135,101,316,174,38,240,101,7.5,26.4,115,81,191,Yes,LVH,0.6,Flat,4,Fixed Defect,Current,Frequent,Moderate,8875,Yes,Yes,No,Yes,High,7.4,Poor,1
4569,68,Female,Non-anginal Pain,145,145,105,263,97,73,210,92,7.7,27.9,75,94,148,No,ST-T Abnormality,2.9,Upsloping,2,Normal,Current,Frequent,Moderate,9505,No,No,Yes,No,Low,5.3,Average,1
4570,63,Female,Asymptomatic,102,102,91,252,126,44,163,81,9.3,25.1,79,75,157,No,ST-T Abnormality,1.6,Flat,3,Fixed Defect,Never,Occasional,High,10694,Yes,No,Yes,Yes,Low,5.8,Good,1
4571,89,Male,Asymptomatic,146,146,90,223,72,34,218,159,6.8,31.0,78,85,141,No,LVH,1.2,Upsloping,2,Fixed Defect,Never,Frequent,Low,6219,Yes,No,No,Yes,Medium,5.3,Average,0
4572,26,Female,Typical Angina,162,162,83,290,134,57,85,123,8.5,36.6,85,60,198,No,Normal,1.3,Downsloping,4,Fixed Defect,Current,Never,Low,2839,No,No,Yes,Yes,Medium,7.0,Poor,1
4573,25,Male,Atypical Angina,151,151,101,226,129,43,77,133,9.2,28.5,116,85,192,No,ST-T Abnormality,0.5,Downsloping,4,Fixed Defect,Never,Occasional,Moderate,13616,No,No,No,No,Low,7.1,Good,0
4574,39,Female,Atypical Angina,131,131,77,357,217,41,111,131,6.8,21.9,126,99,183,No,Normal,2.1,Downsloping,4,Fixed Defect,Former,Occasional,High,7297,No,No,No,No,Low,7.8,Good,0
4575,28,Female,Asymptomatic,155,155,94,305,207,58,272,114,8.0,39.2,71,87,197,No,Normal,2.5,Upsloping,3,Reversible Defect,Never,Occasional,Low,8795,Yes,No,No,No,Medium,4.7,Good,0
4576,51,Female,Asymptomatic,157,157,109,207,112,50,238,135,7.8,22.5,82,61,175,No,Normal,0.3,Flat,1,Normal,Current,Occasional,High,8103,Yes,No,No,Yes,Low,8.0,Good,0
4577,47,Female,Asymptomatic,104,104,90,300,188,69,223,165,5.6,28.8,118,69,161,No,ST-T Abnormality,2.1,Downsloping,4,Normal,Current,Never,Low,11127,No,No,Yes,No,Low,6.5,Average,1
4578,33,Female,Non-anginal Pain,146,146,109,292,160,74,127,140,6.1,18.3,95,91,183,No,ST-T Abnormality,3.1,Downsloping,2,Reversible Defect,Former,Frequent,High,8941,Yes,No,No,Yes,Low,8.3,Poor,0
4579,58,Female,Asymptomatic,125,125,89,239,130,69,100,94,5.9,38.8,96,90,164,No,ST-T Abnormality,1.1,Flat,0,Normal,Never,Never,Moderate,3428,No,No,No,Yes,High,7.4,Good,0
4580,84,Male,Non-anginal Pain,128,128,79,226,96,43,152,152,5.8,20.9,71,100,135,No,Normal,1.6,Downsloping,4,Fixed Defect,Current,Never,High,10385,Yes,No,No,Yes,High,5.1,Good,0
4581,88,Female,Atypical Angina,148,148,97,308,139,68,287,137,5.3,27.1,105,71,119,No,ST-T Abnormality,0.5,Flat,2,Reversible Defect,Never,Frequent,Moderate,4883,No,Yes,Yes,No,Low,8.9,Good,1
4582,67,Female,Asymptomatic,106,106,95,231,107,75,168,95,8.8,27.8,74,75,157,No,Normal,1.9,Upsloping,0,Normal,Never,Frequent,Moderate,4198,Yes,No,Yes,No,High,6.8,Average,0
4583,29,Female,Non-anginal Pain,108,108,67,282,155,74,168,96,6.7,38.7,106,58,179,No,ST-T Abnormality,2.8,Upsloping,2,Normal,Current,Occasional,Moderate,7895,No,No,Yes,No,High,6.8,Average,1
4584,73,Male,Non-anginal Pain,111,111,110,353,215,40,93,114,5.2,27.7,100,60,144,No,Normal,2.7,Downsloping,4,Reversible Defect,Never,Frequent,Low,10061,Yes,No,Yes,No,Low,7.3,Average,1
4585,28,Female,Typical Angina,175,175,70,228,107,68,113,122,9.0,27.0,104,69,189,No,LVH,0.9,Upsloping,3,Normal,Former,Occasional,High,9104,Yes,No,Yes,No,High,8.7,Poor,0
4586,80,Male,Atypical Angina,173,173,79,307,187,59,177,167,7.5,37.2,104,75,150,No,LVH,3.4,Downsloping,4,Reversible Defect,Current,Never,High,7288,Yes,Yes,No,Yes,Medium,8.6,Poor,1
4587,52,Male,Asymptomatic,144,144,94,298,149,38,114,172,9.4,25.1,109,60,178,Yes,Normal,2.5,Downsloping,3,Normal,Former,Frequent,Low,7010,Yes,No,No,Yes,High,8.8,Poor,1
4588,41,Female,Atypical Angina,115,115,88,276,127,67,105,96,6.2,24.6,107,76,167,No,ST-T Abnormality,2.2,Flat,0,Normal,Never,Frequent,Moderate,10166,Yes,Yes,No,No,Low,7.3,Average,0
4589,38,Female,Typical Angina,120,120,93,346,209,45,262,175,7.1,19.7,95,93,175,No,LVH,2.0,Flat,0,Normal,Current,Occasional,Low,5427,No,No,No,No,Medium,6.2,Average,0
4590,32,Male,Typical Angina,136,136,87,252,150,52,80,174,6.6,24.0,71,62,179,No,LVH,1.7,Flat,1,Fixed Defect,Former,Never,High,6230,Yes,No,No,Yes,Medium,8.4,Average,0
4591,88,Female,Atypical Angina,137,137,107,304,201,35,280,116,5.8,18.4,108,76,123,No,Normal,0.4,Downsloping,1,Fixed Defect,Current,Occasional,Moderate,6155,Yes,No,Yes,Yes,Medium,5.9,Good,1
4592,49,Male,Atypical Angina,132,132,71,294,170,66,152,93,6.5,21.1,116,83,156,No,ST-T Abnormality,1.6,Downsloping,4,Reversible Defect,Former,Frequent,Moderate,4908,Yes,No,Yes,No,Medium,6.1,Poor,0
4593,25,Female,Atypical Angina,118,118,64,278,127,62,217,179,7.9,31.9,113,75,200,No,LVH,0.7,Downsloping,0,Reversible Defect,Never,Frequent,High,6341,Yes,No,No,Yes,Low,8.7,Average,0
4594,77,Female,Asymptomatic,104,104,64,257,115,50,219,158,7.0,19.7,74,96,142,No,LVH,0.1,Downsloping,4,Normal,Never,Never,Low,4939,No,No,No,Yes,High,4.9,Poor,0
4595,28,Male,Asymptomatic,144,144,74,333,204,62,277,110,5.5,29.1,90,81,194,No,LVH,0.0,Downsloping,3,Normal,Never,Occasional,Low,10280,No,No,No,Yes,Medium,6.6,Poor,0
4596,55,Male,Atypical Angina,156,156,66,340,195,51,207,97,8.8,38.6,130,62,161,No,Normal,1.0,Upsloping,2,Fixed Defect,Never,Never,Moderate,7195,Yes,No,No,No,High,7.5,Average,0
4597,32,Male,Atypical Angina,119,119,76,285,164,31,123,101,9.3,29.6,111,68,181,No,LVH,2.3,Flat,3,Fixed Defect,Never,Occasional,Low,6507,Yes,No,No,No,High,6.8,Average,1
4598,61,Male,Asymptomatic,127,127,68,185,74,58,113,104,5.7,33.3,108,58,151,No,Normal,2.7,Downsloping,0,Reversible Defect,Never,Occasional,High,10792,Yes,Yes,No,No,Medium,6.8,Poor,1
4599,71,Female,Non-anginal Pain,117,117,62,243,84,77,275,115,8.6,32.4,112,55,150,No,ST-T Abnormality,0.1,Flat,3,Reversible Defect,Current,Never,Moderate,10775,Yes,No,No,Yes,Low,5.0,Good,1
4600,59,Male,Atypical Angina,153,153,106,304,182,31,128,95,7.4,33.6,114,62,169,No,LVH,1.5,Upsloping,0,Fixed Defect,Never,Frequent,High,7904,No,No,No,No,Low,7.3,Poor,0
4601,45,Female,Typical Angina,108,108,74,232,112,65,136,93,8.4,35.7,74,86,176,Yes,LVH,1.3,Upsloping,3,Fixed Defect,Never,Frequent,Moderate,4523,No,No,No,No,High,6.6,Poor,0
4602,35,Male,Typical Angina,122,122,89,239,114,43,109,169,5.8,27.3,106,81,180,No,LVH,0.0,Flat,2,Reversible Defect,Current,Never,Moderate,4657,No,No,No,No,Low,8.6,Poor,0
4603,47,Female,Typical Angina,159,159,62,340,174,70,191,140,5.5,25.2,92,90,173,No,ST-T Abnormality,1.4,Flat,4,Normal,Current,Occasional,Low,3451,Yes,No,Yes,No,Medium,6.8,Average,1
4604,37,Male,Atypical Angina,180,180,96,243,134,38,136,102,9.1,27.6,100,74,184,No,Normal,0.5,Downsloping,1,Fixed Defect,Current,Never,High,7877,Yes,No,No,Yes,Medium,8.3,Good,0
4605,40,Male,Atypical Angina,151,151,82,289,188,33,87,142,7.7,33.4,93,68,169,No,LVH,0.9,Flat,2,Normal,Current,Occasional,Moderate,5013,Yes,No,No,Yes,High,5.1,Poor,1
4606,27,Male,Asymptomatic,144,144,65,383,206,61,85,107,7.0,22.2,107,100,196,No,Normal,0.2,Flat,1,Reversible Defect,Current,Frequent,Low,9163,No,No,No,Yes,Low,6.9,Average,1
4607,34,Male,Atypical Angina,180,180,70,329,205,36,204,168,5.5,21.6,104,98,194,No,Normal,2.4,Flat,4,Fixed Defect,Never,Never,Low,5729,Yes,No,Yes,Yes,High,8.6,Average,1
4608,26,Male,Typical Angina,155,155,108,284,189,40,200,125,7.1,36.2,82,94,179,Yes,LVH,1.8,Downsloping,0,Fixed Defect,Never,Frequent,Moderate,6634,Yes,No,No,Yes,High,7.7,Good,1
4609,25,Male,Non-anginal Pain,164,164,106,275,123,41,110,120,6.8,27.2,106,79,185,No,Normal,0.4,Downsloping,0,Fixed Defect,Current,Occasional,Low,10928,No,No,No,No,High,4.8,Good,0
4610,56,Male,Asymptomatic,172,172,73,319,174,70,172,163,5.2,38.4,98,75,165,No,LVH,0.5,Downsloping,1,Reversible Defect,Never,Never,Low,10194,Yes,No,Yes,No,Low,4.8,Average,1
4611,25,Female,Atypical Angina,135,135,79,326,159,75,141,82,6.5,36.0,108,73,181,No,ST-T Abnormality,0.0,Flat,4,Reversible Defect,Former,Never,Moderate,4402,Yes,No,No,Yes,Low,5.4,Good,0
4612,77,Female,Asymptomatic,113,113,65,250,152,58,274,121,8.1,20.8,115,59,133,No,ST-T Abnormality,0.5,Downsloping,0,Normal,Never,Frequent,Moderate,9536,No,No,Yes,No,Medium,5.6,Good,0
4613,89,Male,Atypical Angina,109,109,97,303,158,54,249,81,7.1,27.5,95,87,125,No,ST-T Abnormality,0.0,Downsloping,0,Reversible Defect,Never,Occasional,High,7778,No,No,Yes,Yes,Low,6.5,Good,0
4614,39,Female,Typical Angina,121,121,91,329,220,61,227,94,8.1,31.3,116,81,183,No,ST-T Abnormality,1.3,Flat,2,Fixed Defect,Former,Frequent,Moderate,8792,Yes,No,No,No,High,4.9,Poor,0
4615,50,Female,Atypical Angina,177,177,108,316,155,63,296,113,7.1,28.7,105,95,165,No,ST-T Abnormality,2.6,Downsloping,3,Normal,Former,Frequent,High,5532,Yes,No,No,Yes,High,6.6,Poor,0
4616,39,Male,Non-anginal Pain,134,134,96,216,81,68,274,176,6.9,24.1,79,71,190,No,ST-T Abnormality,0.9,Upsloping,0,Normal,Never,Occasional,High,10001,No,No,Yes,No,Low,8.0,Poor,0
4617,35,Female,Typical Angina,174,174,73,256,168,32,119,89,8.0,35.8,85,94,184,No,ST-T Abnormality,1.6,Flat,2,Reversible Defect,Never,Never,Moderate,6371,No,No,No,Yes,High,4.6,Poor,1
4618,80,Male,Asymptomatic,117,117,66,196,94,51,107,171,5.1,30.4,73,56,150,No,Normal,2.8,Downsloping,0,Reversible Defect,Current,Occasional,Moderate,13501,Yes,No,Yes,Yes,Low,8.4,Average,1
4619,59,Female,Atypical Angina,177,177,78,383,219,53,241,120,6.6,18.5,116,89,164,No,ST-T Abnormality,0.6,Upsloping,0,Normal,Current,Occasional,Moderate,2622,Yes,No,Yes,Yes,Medium,8.6,Average,1
4620,67,Male,Atypical Angina,180,180,104,253,110,68,206,120,8.8,18.0,79,64,161,No,ST-T Abnormality,2.0,Downsloping,1,Reversible Defect,Never,Occasional,Low,10655,No,No,No,No,Medium,7.0,Good,0
4621,72,Female,Atypical Angina,176,176,82,249,97,43,279,130,9.1,27.7,87,74,138,No,ST-T Abnormality,3.2,Downsloping,4,Fixed Defect,Never,Occasional,Moderate,11377,No,Yes,Yes,No,Medium,9.0,Average,1
4622,65,Female,Typical Angina,153,153,91,280,127,69,129,174,7.3,20.9,99,94,147,No,LVH,1.1,Upsloping,2,Reversible Defect,Current,Never,Moderate,13481,No,No,No,No,Low,5.4,Good,1
4623,73,Female,Atypical Angina,157,157,70,251,138,60,290,104,7.5,19.7,106,76,138,No,Normal,2.0,Downsloping,1,Fixed Defect,Current,Occasional,Moderate,4313,No,Yes,Yes,No,High,5.7,Poor,1
4624,43,Male,Typical Angina,114,114,69,237,105,65,99,161,6.4,19.6,104,100,162,No,Normal,0.1,Downsloping,4,Normal,Current,Occasional,Moderate,5771,Yes,No,No,No,Medium,6.3,Good,0
4625,56,Male,Non-anginal Pain,109,109,73,354,199,72,74,117,8.1,31.5,120,59,172,Yes,Normal,2.4,Upsloping,4,Reversible Defect,Current,Frequent,High,9715,No,Yes,Yes,Yes,Medium,7.0,Poor,1
4626,28,Female,Non-anginal Pain,103,103,84,216,79,53,86,101,7.0,32.8,129,57,200,No,ST-T Abnormality,0.8,Downsloping,3,Reversible Defect,Never,Occasional,Low,3686,No,No,Yes,No,Medium,8.9,Good,1
4627,90,Male,Non-anginal Pain,140,140,61,298,210,47,188,106,8.0,34.8,90,72,127,No,ST-T Abnormality,2.0,Flat,1,Reversible Defect,Never,Frequent,Moderate,3729,No,No,Yes,No,Medium,6.4,Poor,0
4628,42,Male,Asymptomatic,171,171,92,246,81,80,167,141,9.0,22.7,116,81,178,No,Normal,0.8,Downsloping,1,Normal,Never,Occasional,Low,4655,Yes,No,No,Yes,Medium,8.9,Average,0
4629,55,Male,Atypical Angina,116,116,100,217,83,48,103,177,6.7,37.9,104,79,165,No,LVH,2.5,Flat,1,Fixed Defect,Current,Occasional,Moderate,11153,No,No,No,No,Low,5.7,Average,0
4630,25,Male,Non-anginal Pain,134,134,107,366,185,80,79,95,7.3,36.6,105,76,190,Yes,ST-T Abnormality,1.6,Downsloping,4,Reversible Defect,Never,Frequent,High,11393,No,No,No,No,High,7.1,Average,1
4631,90,Female,Non-anginal Pain,152,152,92,366,211,54,74,129,6.5,39.3,71,98,115,No,Normal,1.6,Upsloping,2,Normal,Never,Occasional,Low,7658,Yes,No,Yes,No,Medium,8.7,Good,1
4632,36,Male,Non-anginal Pain,159,159,92,223,134,30,214,82,8.6,28.5,95,81,177,Yes,ST-T Abnormality,1.6,Upsloping,3,Normal,Never,Never,Moderate,13438,No,Yes,No,No,Low,8.4,Good,1
4633,61,Male,Non-anginal Pain,141,141,65,208,107,45,112,89,7.3,28.3,126,65,152,No,LVH,1.5,Upsloping,4,Reversible Defect,Never,Occasional,Moderate,4909,Yes,No,No,Yes,Medium,5.1,Poor,0
4634,66,Female,Asymptomatic,123,123,71,204,130,33,137,153,7.7,39.5,72,99,142,No,Normal,0.0,Upsloping,0,Fixed Defect,Former,Occasional,Moderate,11901,Yes,No,Yes,Yes,High,7.8,Average,0
4635,62,Male,Non-anginal Pain,160,160,62,292,201,36,184,180,5.3,36.4,94,90,166,No,Normal,1.2,Upsloping,0,Reversible Defect,Never,Frequent,Moderate,8616,Yes,No,Yes,No,Low,7.5,Good,1
4636,71,Male,Asymptomatic,160,160,75,397,218,65,120,136,8.8,37.9,91,66,145,No,LVH,0.6,Upsloping,4,Fixed Defect,Never,Never,High,8232,No,No,No,Yes,Medium,5.6,Good,0
4637,61,Male,Typical Angina,161,161,103,255,112,32,297,98,8.1,28.9,119,78,147,No,LVH,1.7,Upsloping,0,Normal,Current,Never,Low,14944,Yes,Yes,No,No,High,6.1,Poor,1
4638,62,Female,Non-anginal Pain,145,145,87,327,165,68,275,136,6.4,28.9,125,85,167,Yes,ST-T Abnormality,2.4,Upsloping,4,Normal,Never,Frequent,Low,8585,Yes,No,No,No,Medium,8.9,Poor,1
4639,66,Male,Non-anginal Pain,128,128,98,188,83,39,263,162,7.9,34.1,102,79,145,No,ST-T Abnormality,2.7,Flat,0,Fixed Defect,Never,Occasional,Moderate,3329,No,No,Yes,No,Low,6.2,Average,1
4640,34,Female,Typical Angina,106,106,96,273,151,52,143,84,7.9,22.3,87,74,184,No,Normal,2.2,Flat,0,Reversible Defect,Never,Frequent,Moderate,3731,Yes,No,No,Yes,Low,8.3,Average,0
4641,76,Female,Asymptomatic,152,152,86,265,163,52,184,137,6.8,25.0,95,75,144,No,LVH,0.0,Flat,2,Reversible Defect,Never,Occasional,Low,2298,No,No,Yes,No,High,7.6,Good,1
4642,33,Female,Typical Angina,104,104,103,289,98,80,263,161,8.9,21.7,114,86,183,No,ST-T Abnormality,3.5,Flat,2,Reversible Defect,Current,Frequent,Moderate,9881,Yes,Yes,No,No,High,4.8,Poor,1
4643,58,Female,Typical Angina,160,160,77,206,75,63,113,135,6.5,18.3,73,99,170,No,LVH,2.1,Upsloping,1,Fixed Defect,Never,Occasional,Low,6801,No,No,Yes,Yes,Medium,8.9,Good,1
4644,36,Female,Non-anginal Pain,110,110,97,299,148,41,246,81,6.6,21.5,70,64,172,No,LVH,1.6,Downsloping,3,Normal,Former,Never,Moderate,3997,Yes,No,No,No,Low,5.8,Good,0
4645,49,Male,Non-anginal Pain,107,107,107,302,188,71,160,143,5.1,27.8,73,93,168,No,ST-T Abnormality,0.7,Flat,3,Fixed Defect,Never,Frequent,High,6938,Yes,No,No,Yes,Medium,8.4,Good,0
4646,76,Female,Non-anginal Pain,121,121,88,205,125,38,94,101,9.2,27.2,81,86,147,No,Normal,0.7,Flat,2,Fixed Defect,Never,Never,Moderate,9864,Yes,No,No,Yes,Medium,5.9,Average,0
4647,85,Female,Typical Angina,104,104,110,362,195,57,78,97,6.0,30.1,105,96,120,No,Normal,1.1,Downsloping,0,Reversible Defect,Never,Frequent,Low,8238,No,Yes,Yes,Yes,High,7.1,Average,1
4648,36,Female,Typical Angina,105,105,60,302,149,35,147,168,6.4,27.7,73,99,183,Yes,ST-T Abnormality,0.0,Flat,0,Reversible Defect,Current,Frequent,Moderate,6184,No,No,No,Yes,Medium,5.8,Good,0
4649,60,Female,Non-anginal Pain,100,100,69,341,203,77,284,163,8.7,38.7,88,73,167,Yes,ST-T Abnormality,2.6,Downsloping,1,Normal,Former,Frequent,Moderate,12742,No,Yes,No,Yes,Medium,5.1,Average,1
4650,43,Male,Non-anginal Pain,101,101,71,281,146,36,185,105,6.1,28.2,121,60,167,No,ST-T Abnormality,1.7,Downsloping,2,Normal,Former,Frequent,Moderate,7475,Yes,No,Yes,Yes,Medium,7.2,Poor,0
4651,57,Male,Asymptomatic,144,144,65,363,208,47,248,176,8.4,29.2,110,82,167,No,LVH,1.4,Upsloping,0,Fixed Defect,Never,Frequent,Moderate,7889,Yes,No,Yes,No,Low,5.9,Poor,0
4652,38,Male,Non-anginal Pain,121,121,81,344,210,45,83,106,9.0,20.5,85,56,179,No,ST-T Abnormality,1.2,Flat,2,Reversible Defect,Never,Frequent,Low,6162,Yes,No,Yes,Yes,High,8.7,Good,0
4653,65,Male,Atypical Angina,155,155,60,153,72,39,219,167,9.0,38.2,84,63,147,Yes,ST-T Abnormality,2.2,Flat,4,Reversible Defect,Current,Occasional,High,2848,Yes,No,No,Yes,Low,8.4,Poor,1
4654,46,Female,Non-anginal Pain,171,171,78,309,196,43,199,101,7.5,39.9,89,75,174,No,Normal,1.9,Downsloping,0,Fixed Defect,Current,Occasional,Moderate,12451,No,No,Yes,No,Low,7.6,Average,1
4655,67,Female,Typical Angina,118,118,87,287,165,33,99,139,8.6,30.9,112,81,151,No,Normal,0.0,Downsloping,3,Reversible Defect,Former,Never,Low,3065,No,Yes,Yes,No,High,8.7,Poor,1
4656,39,Male,Atypical Angina,122,122,62,187,82,42,83,125,9.1,23.1,117,80,185,No,ST-T Abnormality,0.9,Downsloping,3,Fixed Defect,Never,Occasional,Low,11688,Yes,No,Yes,Yes,High,7.9,Good,1
4657,79,Male,Asymptomatic,143,143,82,195,93,38,271,139,6.9,18.2,74,93,146,No,ST-T Abnormality,1.0,Flat,1,Fixed Defect,Current,Never,Moderate,12458,Yes,No,No,No,Low,4.9,Good,1
4658,64,Male,Typical Angina,162,162,105,200,93,58,147,177,5.9,19.3,105,83,163,No,LVH,1.6,Downsloping,4,Normal,Never,Never,Moderate,10079,No,No,Yes,Yes,Low,8.0,Average,0
4659,58,Female,Asymptomatic,126,126,105,257,85,61,88,122,7.3,38.7,83,66,152,No,ST-T Abnormality,0.5,Upsloping,2,Fixed Defect,Former,Never,Moderate,5497,Yes,No,Yes,No,Low,5.6,Average,0
4660,82,Female,Typical Angina,179,179,87,372,177,78,186,150,5.9,28.3,86,97,126,Yes,LVH,0.8,Flat,1,Reversible Defect,Never,Never,Low,4909,Yes,Yes,Yes,No,High,5.9,Average,1
4661,70,Female,Asymptomatic,171,171,86,225,108,67,198,166,5.6,34.0,121,72,149,No,Normal,0.8,Upsloping,1,Normal,Current,Frequent,Moderate,9066,Yes,Yes,No,Yes,High,8.1,Good,1
4662,28,Female,Non-anginal Pain,159,159,84,235,123,34,232,154,7.1,25.9,105,82,187,Yes,Normal,3.2,Flat,3,Reversible Defect,Never,Occasional,Low,10047,No,No,No,Yes,High,6.7,Poor,1
4663,25,Female,Non-anginal Pain,166,166,80,295,168,78,181,155,5.3,24.4,116,72,184,Yes,LVH,1.7,Downsloping,2,Reversible Defect,Current,Never,High,13094,Yes,No,No,Yes,High,6.6,Average,1
4664,62,Female,Non-anginal Pain,162,162,68,270,165,43,191,158,8.1,19.1,71,75,151,No,ST-T Abnormality,0.0,Flat,4,Normal,Current,Never,Moderate,4637,No,No,Yes,No,High,5.7,Average,1
4665,65,Female,Atypical Angina,141,141,68,279,140,79,283,152,8.4,24.7,87,62,141,No,LVH,0.3,Downsloping,0,Fixed Defect,Never,Frequent,High,10217,Yes,No,No,No,Low,6.3,Poor,0
4666,80,Male,Asymptomatic,118,118,83,322,169,44,267,160,9.4,28.3,128,90,127,Yes,LVH,2.3,Downsloping,0,Fixed Defect,Former,Occasional,Moderate,12773,No,No,No,Yes,Low,5.1,Poor,1
4667,49,Female,Asymptomatic,139,139,98,239,78,54,229,109,5.8,35.2,81,65,157,No,LVH,1.4,Flat,2,Normal,Current,Occasional,Moderate,10107,No,No,No,Yes,Medium,8.6,Good,1
4668,83,Male,Non-anginal Pain,117,117,96,293,193,55,106,82,8.3,36.0,116,75,128,No,ST-T Abnormality,0.9,Upsloping,3,Reversible Defect,Never,Never,Moderate,8367,Yes,No,No,No,Low,6.0,Average,1
4669,64,Male,Atypical Angina,154,154,83,182,79,40,121,140,8.0,21.6,96,94,147,No,Normal,0.9,Flat,3,Normal,Never,Never,Moderate,13169,No,No,Yes,No,Medium,7.3,Poor,0
4670,55,Female,Asymptomatic,130,130,87,319,190,50,102,123,9.1,26.7,89,57,166,Yes,Normal,0.8,Downsloping,1,Normal,Never,Never,Moderate,7250,No,No,No,Yes,Medium,4.9,Poor,0
4671,38,Male,Typical Angina,103,103,91,345,208,45,208,164,7.1,26.5,120,89,183,Yes,LVH,1.4,Downsloping,2,Normal,Never,Occasional,Low,10568,No,No,No,No,Medium,6.5,Good,1
4672,38,Male,Typical Angina,137,137,110,173,86,43,144,98,9.0,38.4,130,93,171,No,LVH,2.0,Downsloping,0,Fixed Defect,Former,Never,High,11792,Yes,No,No,No,High,7.9,Good,0
4673,39,Female,Asymptomatic,112,112,90,266,145,37,102,162,5.8,29.3,117,86,171,No,Normal,2.4,Upsloping,4,Reversible Defect,Current,Frequent,Moderate,12327,Yes,No,Yes,No,Medium,8.6,Good,1
4674,63,Female,Asymptomatic,122,122,87,268,122,33,147,161,8.6,33.9,122,88,159,No,LVH,2.9,Upsloping,0,Normal,Never,Occasional,Low,11897,No,Yes,No,Yes,Low,6.7,Good,1
4675,51,Female,Non-anginal Pain,173,173,83,268,126,58,176,177,5.3,35.7,120,98,177,No,Normal,1.2,Upsloping,2,Reversible Defect,Never,Occasional,High,14007,No,Yes,Yes,Yes,Low,7.0,Good,1
4676,61,Male,Atypical Angina,146,146,62,232,94,40,199,143,8.3,36.7,83,75,160,No,Normal,2.9,Downsloping,0,Fixed Defect,Never,Occasional,Low,2066,No,Yes,No,Yes,Medium,5.9,Good,1
4677,58,Female,Non-anginal Pain,118,118,67,207,84,41,187,180,5.8,31.2,130,94,170,No,Normal,1.4,Downsloping,0,Reversible Defect,Never,Frequent,Low,8772,No,Yes,Yes,No,Medium,4.7,Average,1
4678,58,Female,Asymptomatic,138,138,71,259,111,79,166,173,5.2,22.5,121,98,149,No,ST-T Abnormality,0.4,Upsloping,3,Reversible Defect,Never,Never,Moderate,4312,No,No,Yes,No,Low,5.3,Good,0
4679,89,Female,Asymptomatic,121,121,104,273,149,48,298,169,6.9,26.4,108,67,130,No,ST-T Abnormality,2.1,Flat,1,Fixed Defect,Former,Never,Moderate,13878,No,No,No,Yes,Medium,5.9,Average,0
4680,77,Female,Typical Angina,166,166,110,297,138,55,255,164,5.9,21.6,105,88,136,No,Normal,0.0,Downsloping,3,Reversible Defect,Current,Never,Low,10532,Yes,No,Yes,Yes,High,7.6,Good,1
4681,61,Male,Atypical Angina,150,150,100,382,205,76,252,90,9.2,38.9,105,60,164,No,Normal,0.7,Flat,0,Reversible Defect,Former,Occasional,High,3079,No,No,No,No,Low,6.1,Poor,0
4682,71,Female,Typical Angina,138,138,80,277,98,67,257,92,8.7,28.9,92,98,144,No,ST-T Abnormality,2.8,Downsloping,3,Reversible Defect,Never,Occasional,High,4493,Yes,No,Yes,No,Low,4.9,Poor,0
4683,32,Male,Asymptomatic,169,169,79,293,164,67,72,142,7.3,31.7,96,83,191,No,ST-T Abnormality,2.5,Downsloping,2,Reversible Defect,Former,Frequent,Low,4596,No,No,No,No,Low,8.0,Good,1
4684,86,Female,Non-anginal Pain,136,136,96,208,91,76,169,161,5.0,25.4,100,96,121,Yes,Normal,2.3,Downsloping,4,Reversible Defect,Never,Frequent,Low,6527,Yes,No,Yes,Yes,Low,5.1,Average,1
4685,59,Male,Non-anginal Pain,157,157,76,248,79,69,128,138,6.3,29.1,83,67,147,Yes,LVH,0.9,Downsloping,4,Normal,Former,Frequent,High,2407,No,No,Yes,No,Medium,8.0,Average,0
4686,42,Female,Non-anginal Pain,155,155,87,240,76,47,264,112,8.3,23.5,119,58,184,Yes,Normal,2.3,Upsloping,3,Normal,Never,Frequent,Low,2211,Yes,No,No,Yes,Medium,7.8,Poor,1
4687,46,Female,Typical Angina,161,161,85,265,109,46,190,136,6.0,25.4,85,82,168,Yes,ST-T Abnormality,1.0,Flat,2,Normal,Never,Occasional,High,13505,No,No,No,No,Low,7.7,Poor,0
4688,87,Female,Typical Angina,159,159,83,312,176,71,170,125,7.2,32.1,116,59,138,Yes,LVH,1.2,Flat,3,Fixed Defect,Never,Never,Moderate,2601,Yes,Yes,No,Yes,Medium,8.5,Poor,1
4689,32,Female,Typical Angina,103,103,62,201,76,70,180,164,7.7,22.7,94,62,175,No,Normal,0.0,Downsloping,0,Reversible Defect,Former,Occasional,Moderate,14797,No,No,No,Yes,Low,6.9,Poor,0
4690,30,Female,Asymptomatic,140,140,68,293,162,44,119,134,5.2,34.8,110,75,189,Yes,LVH,1.1,Upsloping,0,Fixed Defect,Never,Never,High,6226,Yes,No,No,Yes,Low,6.6,Poor,0
4691,71,Female,Non-anginal Pain,158,158,96,223,142,37,195,146,8.6,19.6,90,74,154,No,ST-T Abnormality,2.4,Downsloping,2,Normal,Never,Occasional,Low,10790,No,No,No,No,High,6.4,Good,1
4692,43,Male,Asymptomatic,166,166,81,280,140,72,120,101,9.3,22.3,92,70,186,No,LVH,0.8,Downsloping,0,Normal,Current,Occasional,High,8976,No,No,No,Yes,Low,7.2,Poor,0
4693,67,Male,Typical Angina,104,104,60,317,209,64,283,105,6.5,18.5,117,92,163,No,ST-T Abnormality,2.6,Flat,2,Fixed Defect,Former,Frequent,Moderate,14904,Yes,No,Yes,Yes,Medium,4.6,Good,1
4694,64,Male,Atypical Angina,138,138,106,220,87,67,147,96,6.3,27.6,117,55,166,Yes,LVH,0.7,Upsloping,4,Normal,Never,Never,High,6217,No,No,No,Yes,High,6.6,Poor,1
4695,78,Female,Atypical Angina,140,140,108,358,217,79,182,119,6.7,26.0,89,99,133,No,Normal,2.7,Upsloping,3,Fixed Defect,Never,Occasional,Moderate,10032,No,Yes,No,No,High,7.7,Poor,1
4696,39,Male,Typical Angina,107,107,71,326,190,50,97,104,5.7,19.2,99,89,171,Yes,LVH,1.4,Flat,0,Reversible Defect,Never,Frequent,Low,6758,No,No,No,Yes,Medium,6.5,Average,1
4697,25,Female,Non-anginal Pain,141,141,91,290,165,55,242,179,9.2,27.4,125,81,187,Yes,ST-T Abnormality,1.1,Flat,2,Reversible Defect,Never,Never,Moderate,12515,Yes,No,No,No,Low,8.9,Average,1
4698,41,Female,Asymptomatic,149,149,90,302,171,62,148,162,6.1,26.8,121,89,172,Yes,Normal,0.0,Flat,3,Fixed Defect,Never,Never,Moderate,4499,No,No,Yes,Yes,Low,7.1,Good,1
4699,70,Female,Asymptomatic,176,176,70,184,77,50,279,153,8.0,27.3,83,58,155,No,ST-T Abnormality,1.3,Upsloping,0,Reversible Defect,Current,Occasional,Moderate,3294,Yes,No,Yes,No,Low,7.7,Average,0
4700,26,Female,Atypical Angina,118,118,63,326,186,72,209,111,6.5,19.8,124,71,184,No,ST-T Abnormality,2.4,Downsloping,1,Reversible Defect,Former,Occasional,Moderate,4177,No,No,No,Yes,High,5.8,Good,0
4701,52,Female,Typical Angina,106,106,91,206,89,61,113,180,7.0,26.6,83,86,176,No,ST-T Abnormality,3.4,Downsloping,1,Reversible Defect,Current,Occasional,Moderate,4463,No,No,No,No,Low,5.7,Good,0
4702,80,Female,Atypical Angina,128,128,63,187,90,30,252,140,7.3,39.7,75,93,131,No,ST-T Abnormality,1.2,Downsloping,4,Fixed Defect,Never,Frequent,High,9777,Yes,No,Yes,Yes,High,8.0,Poor,1
4703,27,Female,Typical Angina,131,131,84,280,161,47,238,175,7.1,24.7,119,60,181,No,LVH,1.1,Upsloping,1,Normal,Never,Occasional,Moderate,2419,No,No,No,No,High,6.3,Poor,0
4704,77,Female,Asymptomatic,149,149,63,209,106,30,250,159,9.1,27.6,81,78,148,No,LVH,1.4,Upsloping,4,Normal,Former,Never,High,7657,Yes,No,Yes,Yes,Low,5.0,Good,0
4705,81,Female,Typical Angina,178,178,60,326,160,75,196,175,5.8,24.9,97,69,135,Yes,ST-T Abnormality,2.3,Flat,0,Reversible Defect,Current,Frequent,Moderate,4941,No,No,Yes,Yes,Medium,6.2,Good,1
4706,83,Male,Asymptomatic,145,145,62,255,160,38,210,164,8.9,20.2,81,72,134,No,LVH,0.7,Flat,4,Reversible Defect,Never,Occasional,High,10869,Yes,No,No,Yes,Medium,8.5,Average,0
4707,68,Female,Non-anginal Pain,176,176,108,364,195,75,75,105,7.8,21.1,84,65,160,No,LVH,1.7,Flat,3,Normal,Former,Frequent,Moderate,10538,No,No,No,No,Low,6.5,Average,0
4708,48,Female,Non-anginal Pain,124,124,62,262,177,37,235,119,8.8,23.1,80,63,172,No,LVH,2.0,Downsloping,2,Reversible Defect,Never,Never,Moderate,3405,Yes,No,Yes,Yes,Medium,7.2,Average,0
4709,78,Female,Asymptomatic,129,129,91,246,133,66,246,97,5.6,37.9,116,87,133,No,Normal,2.7,Downsloping,4,Normal,Former,Never,High,12077,No,No,No,No,Medium,8.6,Poor,0
4710,61,Male,Asymptomatic,144,144,87,187,74,39,114,179,9.0,36.7,108,68,164,No,Normal,0.5,Flat,1,Reversible Defect,Never,Occasional,Moderate,6884,No,No,No,Yes,High,7.1,Average,0
4711,59,Male,Typical Angina,124,124,79,302,138,70,114,122,6.5,36.2,76,98,152,No,Normal,2.3,Upsloping,0,Fixed Defect,Current,Frequent,Low,12453,No,No,Yes,No,Medium,7.4,Poor,1
4712,32,Female,Atypical Angina,140,140,69,176,78,40,112,83,7.0,34.9,87,74,192,Yes,Normal,1.5,Downsloping,4,Fixed Defect,Never,Never,High,6058,Yes,No,No,Yes,Low,7.0,Good,0
4713,60,Male,Atypical Angina,150,150,108,245,76,51,166,157,6.1,26.2,105,56,149,No,ST-T Abnormality,3.2,Flat,2,Reversible Defect,Never,Never,Moderate,14245,Yes,Yes,No,No,Low,8.5,Good,1
4714,81,Male,Atypical Angina,158,158,110,337,194,30,73,104,7.6,37.5,130,77,140,Yes,ST-T Abnormality,0.6,Downsloping,1,Normal,Never,Occasional,Low,8206,Yes,Yes,No,No,High,6.1,Average,1
4715,66,Female,Typical Angina,158,158,103,242,147,48,230,120,6.4,21.3,95,80,155,No,ST-T Abnormality,0.0,Flat,1,Normal,Never,Occasional,Low,12731,No,No,Yes,No,Medium,8.7,Good,0
4716,58,Female,Non-anginal Pain,106,106,93,297,109,68,300,86,4.9,31.2,109,96,160,No,Normal,0.4,Flat,4,Reversible Defect,Former,Occasional,High,3972,Yes,No,No,Yes,Medium,5.0,Average,0
4717,38,Female,Typical Angina,171,171,79,344,202,66,132,111,8.0,21.0,117,58,172,No,Normal,1.3,Flat,2,Normal,Never,Occasional,Moderate,7428,No,No,No,No,Low,8.4,Good,0
4718,43,Female,Non-anginal Pain,163,163,60,235,131,51,145,123,5.7,33.5,86,90,175,No,Normal,0.0,Downsloping,2,Normal,Never,Never,Low,7241,No,No,No,No,High,6.5,Average,0
4719,70,Male,Non-anginal Pain,112,112,82,332,208,58,103,126,6.6,20.3,124,96,159,Yes,Normal,1.5,Flat,2,Reversible Defect,Current,Never,Moderate,7968,Yes,Yes,Yes,No,Low,5.3,Good,1
4720,88,Male,Asymptomatic,158,158,83,159,75,33,80,127,9.2,31.8,119,100,117,Yes,LVH,0.0,Flat,0,Fixed Defect,Never,Never,Moderate,8987,Yes,No,No,Yes,Low,8.5,Poor,0
4721,41,Male,Asymptomatic,116,116,64,238,82,56,82,163,7.9,26.0,124,78,176,No,LVH,1.7,Downsloping,0,Reversible Defect,Former,Frequent,Low,5916,No,No,No,Yes,Low,7.3,Average,0
4722,67,Female,Asymptomatic,116,116,102,303,121,67,220,84,8.9,29.1,105,79,144,No,LVH,2.3,Downsloping,0,Normal,Never,Frequent,High,11761,Yes,No,Yes,No,Medium,6.6,Good,0
4723,54,Male,Atypical Angina,177,177,102,286,132,55,162,96,9.0,26.9,129,71,151,No,Normal,0.4,Upsloping,1,Normal,Current,Never,Low,3506,Yes,Yes,No,No,Low,7.2,Average,1
4724,67,Female,Atypical Angina,121,121,109,252,157,51,111,178,9.4,40.0,127,89,139,No,Normal,2.9,Downsloping,4,Fixed Defect,Never,Frequent,Low,3827,No,No,No,Yes,Medium,5.7,Good,1
4725,56,Male,Typical Angina,143,143,99,285,168,56,135,148,5.9,31.8,73,87,167,No,Normal,0.4,Upsloping,2,Normal,Current,Frequent,Moderate,11620,No,No,Yes,Yes,Low,8.7,Average,1
4726,75,Female,Non-anginal Pain,146,146,97,244,149,54,127,178,7.8,35.3,87,85,153,No,LVH,2.7,Flat,3,Fixed Defect,Current,Occasional,Low,13851,No,No,No,No,High,8.8,Good,1
4727,53,Female,Atypical Angina,113,113,77,294,157,66,216,95,8.0,34.9,121,60,153,Yes,ST-T Abnormality,3.1,Upsloping,3,Reversible Defect,Never,Never,High,5456,No,No,Yes,Yes,Low,5.1,Average,1
4728,26,Male,Atypical Angina,139,139,62,288,123,69,85,129,9.0,36.2,70,62,200,No,ST-T Abnormality,0.8,Flat,4,Reversible Defect,Current,Frequent,Moderate,2451,Yes,No,No,Yes,High,6.7,Good,1
4729,26,Female,Typical Angina,155,155,90,219,74,44,275,106,7.4,30.0,81,85,190,No,LVH,1.5,Downsloping,2,Normal,Never,Never,Moderate,13743,No,No,No,No,Low,6.5,Poor,0
4730,81,Female,Non-anginal Pain,109,109,109,284,181,35,114,128,6.4,30.3,92,67,124,No,LVH,1.6,Downsloping,1,Reversible Defect,Former,Frequent,Moderate,3112,No,No,No,No,Low,4.7,Good,0
4731,67,Male,Non-anginal Pain,164,164,69,346,198,73,163,140,6.3,19.4,111,94,154,No,Normal,0.0,Downsloping,2,Fixed Defect,Never,Occasional,Moderate,13177,No,No,No,No,High,9.0,Average,0
4732,32,Male,Typical Angina,170,170,60,325,171,41,256,90,5.7,19.6,112,81,195,No,ST-T Abnormality,1.8,Upsloping,4,Normal,Former,Never,High,6843,Yes,No,No,No,High,5.5,Poor,0
4733,40,Male,Asymptomatic,139,139,103,320,184,70,191,165,7.1,34.0,125,97,179,No,LVH,0.6,Flat,2,Reversible Defect,Never,Never,Moderate,4911,Yes,No,No,Yes,Low,7.3,Poor,0
4734,70,Male,Atypical Angina,175,175,68,348,206,70,118,90,7.1,18.5,130,62,154,No,LVH,2.0,Flat,1,Fixed Defect,Current,Frequent,Moderate,11795,Yes,No,No,No,High,6.6,Good,1
4735,40,Female,Typical Angina,137,137,100,339,181,75,169,178,8.9,38.0,120,84,181,No,Normal,0.3,Upsloping,3,Reversible Defect,Never,Occasional,Moderate,14458,No,No,No,Yes,Medium,8.6,Poor,0
4736,71,Male,Atypical Angina,128,128,60,273,118,63,143,143,7.7,20.3,118,55,146,No,ST-T Abnormality,0.8,Upsloping,0,Reversible Defect,Current,Occasional,Moderate,4724,No,No,No,Yes,High,6.1,Poor,0
4737,38,Female,Typical Angina,152,152,74,295,170,70,254,151,5.6,37.6,77,72,192,No,ST-T Abnormality,1.7,Downsloping,3,Fixed Defect,Never,Frequent,High,11959,Yes,Yes,No,No,High,8.5,Good,0
4738,52,Female,Non-anginal Pain,133,133,91,267,125,79,155,122,7.2,24.1,99,79,169,No,LVH,1.2,Downsloping,4,Reversible Defect,Current,Occasional,High,5334,No,Yes,Yes,No,Low,5.2,Average,1
4739,69,Male,Asymptomatic,108,108,82,263,155,56,102,174,6.4,22.8,105,78,147,No,ST-T Abnormality,3.0,Upsloping,0,Reversible Defect,Never,Frequent,Moderate,13632,No,No,Yes,No,Medium,6.2,Average,0
4740,25,Female,Typical Angina,139,139,77,266,156,59,226,97,5.3,28.2,82,100,200,No,ST-T Abnormality,3.1,Downsloping,1,Normal,Current,Frequent,Low,10153,Yes,No,No,No,Medium,6.4,Poor,1
4741,37,Female,Typical Angina,179,179,71,265,153,59,202,83,4.9,39.9,91,93,183,No,Normal,1.1,Flat,3,Fixed Defect,Former,Occasional,Low,4081,No,No,No,Yes,Medium,4.5,Average,0
4742,29,Male,Atypical Angina,129,129,76,255,95,49,201,99,9.3,18.2,106,60,200,Yes,Normal,3.1,Downsloping,4,Normal,Current,Occasional,Moderate,13395,Yes,Yes,Yes,No,High,6.7,Average,1
4743,85,Female,Asymptomatic,117,117,78,227,128,32,300,106,9.2,18.6,106,98,124,No,Normal,0.7,Upsloping,1,Normal,Former,Never,High,11153,No,Yes,Yes,Yes,Low,6.5,Average,1
4744,32,Female,Typical Angina,140,140,66,287,172,75,91,98,7.6,19.9,124,92,187,No,Normal,2.8,Downsloping,3,Fixed Defect,Never,Occasional,Moderate,12548,No,No,Yes,Yes,High,4.8,Poor,0
4745,53,Female,Non-anginal Pain,175,175,90,346,169,65,243,155,7.2,22.7,90,82,165,No,Normal,0.5,Upsloping,1,Normal,Current,Occasional,Moderate,3727,No,No,No,No,Medium,7.8,Poor,0
4746,37,Female,Atypical Angina,140,140,104,342,170,78,102,145,8.5,30.1,120,63,185,Yes,LVH,0.0,Upsloping,1,Fixed Defect,Current,Occasional,High,13118,Yes,No,No,Yes,Low,6.3,Average,1
4747,34,Female,Typical Angina,179,179,80,299,172,80,293,136,6.3,36.5,121,74,188,No,Normal,0.3,Flat,1,Fixed Defect,Never,Frequent,Moderate,7386,Yes,No,No,Yes,High,7.5,Poor,0
4748,38,Female,Atypical Angina,115,115,65,302,141,74,264,124,7.1,30.3,105,71,170,Yes,LVH,1.4,Upsloping,2,Fixed Defect,Current,Frequent,Low,7327,No,No,Yes,Yes,Medium,5.1,Average,1
4749,74,Male,Asymptomatic,104,104,61,343,217,40,214,105,7.5,25.5,114,76,145,Yes,Normal,0.9,Flat,3,Reversible Defect,Former,Never,High,6988,No,No,Yes,Yes,Low,9.0,Good,1
4750,57,Female,Typical Angina,117,117,107,345,179,46,86,102,5.6,32.9,85,100,149,No,LVH,1.3,Flat,1,Normal,Current,Occasional,Moderate,8785,No,No,Yes,Yes,Medium,6.8,Good,1
4751,60,Male,Typical Angina,101,101,86,184,83,52,235,110,5.7,35.4,85,82,163,Yes,LVH,0.0,Upsloping,0,Reversible Defect,Current,Frequent,High,2667,No,No,No,Yes,Medium,6.2,Good,1
4752,36,Male,Atypical Angina,161,161,99,238,121,42,149,87,7.9,20.7,112,76,170,No,ST-T Abnormality,0.6,Flat,3,Fixed Defect,Never,Occasional,Moderate,6312,Yes,Yes,No,Yes,Medium,6.4,Good,0
4753,81,Female,Non-anginal Pain,170,170,89,248,81,48,276,138,7.3,37.2,79,84,144,No,Normal,0.1,Downsloping,1,Reversible Defect,Never,Occasional,Moderate,6718,No,Yes,No,Yes,Low,8.3,Good,1
4754,31,Female,Asymptomatic,103,103,93,269,84,71,209,144,6.1,24.4,122,76,184,No,LVH,0.3,Flat,1,Normal,Never,Occasional,High,13848,No,No,No,No,Medium,6.7,Poor,0
4755,43,Female,Atypical Angina,145,145,62,323,186,32,238,112,6.3,27.9,82,67,172,Yes,LVH,1.8,Upsloping,2,Fixed Defect,Current,Frequent,Low,12133,Yes,No,No,No,Low,5.7,Average,1
4756,55,Male,Atypical Angina,104,104,67,250,121,46,237,141,5.0,38.2,97,64,160,Yes,ST-T Abnormality,1.2,Downsloping,4,Normal,Current,Frequent,High,2432,Yes,No,No,Yes,High,5.2,Average,1
4757,37,Female,Atypical Angina,178,178,77,284,185,52,271,169,8.7,30.5,79,89,171,No,ST-T Abnormality,0.6,Upsloping,0,Normal,Current,Frequent,Moderate,10527,Yes,No,No,No,Low,4.9,Average,1
4758,83,Male,Asymptomatic,160,160,79,221,119,51,272,172,6.4,39.1,86,74,139,No,LVH,0.0,Upsloping,0,Reversible Defect,Former,Frequent,Low,14227,Yes,Yes,Yes,Yes,High,8.4,Poor,1
4759,32,Male,Non-anginal Pain,175,175,91,306,188,56,177,152,8.9,32.6,80,57,173,No,LVH,0.9,Upsloping,4,Reversible Defect,Current,Never,Moderate,2082,Yes,Yes,No,No,High,7.6,Average,1
4760,88,Male,Non-anginal Pain,129,129,68,309,197,50,134,178,7.0,25.2,107,95,132,No,Normal,2.1,Downsloping,2,Fixed Defect,Never,Frequent,High,6406,Yes,No,No,No,High,7.9,Poor,0
4761,58,Female,Asymptomatic,164,164,108,234,88,76,162,109,8.4,39.0,104,80,148,No,Normal,2.8,Downsloping,0,Fixed Defect,Former,Frequent,Moderate,2775,No,Yes,Yes,Yes,High,8.3,Average,1
4762,81,Male,Typical Angina,162,162,66,300,206,54,143,137,8.6,27.0,99,68,128,No,Normal,1.1,Upsloping,1,Reversible Defect,Former,Occasional,High,7675,No,No,No,No,Low,5.3,Average,0
4763,65,Female,Asymptomatic,109,109,73,291,142,35,73,113,8.7,33.5,84,69,147,Yes,LVH,1.1,Downsloping,4,Reversible Defect,Former,Frequent,Moderate,12620,Yes,No,No,No,Low,8.0,Good,1
4764,25,Female,Non-anginal Pain,171,171,105,297,148,44,237,84,7.4,23.7,99,73,200,Yes,LVH,2.2,Flat,2,Fixed Defect,Never,Occasional,Moderate,13662,No,No,Yes,Yes,Low,8.8,Poor,1
4765,42,Female,Typical Angina,138,138,99,236,109,56,70,142,6.8,32.1,121,86,186,No,ST-T Abnormality,1.0,Flat,2,Reversible Defect,Former,Occasional,Moderate,10293,Yes,No,Yes,Yes,Low,5.1,Poor,1
4766,41,Male,Non-anginal Pain,138,138,87,273,148,66,176,179,5.0,27.5,74,75,170,No,ST-T Abnormality,0.6,Flat,2,Reversible Defect,Former,Never,Moderate,8036,No,No,No,No,Low,4.7,Good,0
4767,26,Female,Asymptomatic,120,120,96,358,183,71,247,148,6.3,26.9,104,77,200,Yes,LVH,1.1,Upsloping,0,Reversible Defect,Former,Never,High,10431,Yes,No,No,Yes,Medium,5.0,Average,0
4768,89,Female,Atypical Angina,120,120,104,351,174,79,89,172,8.6,29.8,110,70,131,Yes,Normal,3.4,Upsloping,3,Normal,Current,Never,Moderate,9361,No,No,Yes,Yes,Low,8.8,Good,1
4769,35,Male,Non-anginal Pain,155,155,108,269,134,63,111,171,5.4,19.5,121,58,190,No,ST-T Abnormality,1.8,Downsloping,2,Fixed Defect,Former,Frequent,High,2167,Yes,No,No,No,High,6.1,Average,0
4770,50,Female,Asymptomatic,140,140,110,301,217,44,272,146,4.9,31.9,104,82,164,No,Normal,2.9,Downsloping,0,Fixed Defect,Former,Occasional,Moderate,13678,No,No,No,Yes,Low,4.8,Good,0
4771,84,Male,Asymptomatic,152,152,84,311,194,48,207,171,6.1,34.2,93,75,143,No,ST-T Abnormality,1.3,Upsloping,3,Reversible Defect,Never,Occasional,Low,6957,No,Yes,No,Yes,Low,8.4,Good,1
4772,75,Female,Atypical Angina,149,149,100,310,167,55,254,155,5.0,20.7,76,57,134,No,ST-T Abnormality,0.2,Downsloping,3,Fixed Defect,Current,Never,Low,8754,Yes,No,Yes,Yes,Low,5.1,Good,1
4773,49,Female,Typical Angina,157,157,95,281,135,55,213,105,8.2,23.6,81,86,177,No,ST-T Abnormality,0.2,Downsloping,2,Fixed Defect,Former,Never,Moderate,11919,No,Yes,No,No,Low,7.1,Good,0
4774,37,Male,Atypical Angina,178,178,106,205,102,63,133,126,5.9,37.7,101,72,182,No,LVH,0.6,Upsloping,3,Reversible Defect,Former,Occasional,High,7065,No,No,No,Yes,Medium,8.1,Good,0
4775,46,Female,Non-anginal Pain,168,168,103,324,133,76,161,101,6.4,33.0,73,99,176,No,LVH,0.8,Flat,1,Normal,Current,Occasional,High,11626,No,No,No,Yes,High,6.9,Poor,0
4776,46,Male,Non-anginal Pain,153,153,98,237,89,66,276,150,6.1,20.3,70,59,174,No,LVH,3.6,Flat,4,Normal,Current,Frequent,Moderate,9407,Yes,No,No,No,Medium,7.8,Good,1
4777,57,Male,Asymptomatic,142,142,92,227,81,48,178,172,5.4,29.9,74,70,157,No,ST-T Abnormality,1.3,Flat,4,Reversible Defect,Never,Frequent,Moderate,8477,Yes,No,No,Yes,High,4.8,Average,0
4778,69,Female,Typical Angina,154,154,92,288,179,37,141,97,6.1,20.8,128,64,137,Yes,Normal,1.0,Downsloping,2,Fixed Defect,Never,Frequent,Low,10893,Yes,No,No,No,Low,6.9,Average,1
4779,64,Female,Typical Angina,140,140,62,332,174,53,210,101,6.7,24.1,126,59,158,No,ST-T Abnormality,1.3,Flat,3,Reversible Defect,Never,Occasional,Moderate,10994,Yes,No,No,No,Medium,7.6,Poor,0
4780,80,Male,Asymptomatic,135,135,73,268,152,70,85,96,5.7,29.4,82,64,139,No,ST-T Abnormality,1.4,Upsloping,1,Normal,Current,Occasional,Moderate,4797,Yes,No,No,Yes,Medium,6.7,Poor,0
4781,70,Female,Non-anginal Pain,149,149,85,203,72,79,278,180,7.5,26.3,111,82,142,No,Normal,0.2,Downsloping,3,Normal,Never,Occasional,High,4026,Yes,Yes,No,No,Medium,5.5,Average,1
4782,61,Male,Atypical Angina,110,110,60,231,89,78,105,153,6.7,38.8,123,98,152,No,ST-T Abnormality,0.7,Upsloping,3,Reversible Defect,Never,Never,High,14867,No,Yes,Yes,No,Low,8.2,Poor,1
4783,34,Male,Asymptomatic,102,102,106,231,125,39,228,143,6.9,32.1,99,72,173,No,LVH,0.4,Flat,4,Reversible Defect,Former,Never,Moderate,12161,No,No,No,Yes,Low,8.4,Poor,0
4784,77,Male,Typical Angina,149,149,100,315,160,71,104,104,8.0,30.0,123,74,134,No,ST-T Abnormality,3.9,Downsloping,3,Fixed Defect,Current,Never,Moderate,9598,Yes,Yes,No,Yes,Low,8.5,Average,1
4785,66,Female,Asymptomatic,151,151,87,324,166,52,267,122,6.5,22.3,99,84,152,No,ST-T Abnormality,0.6,Downsloping,4,Fixed Defect,Current,Occasional,Moderate,13349,Yes,Yes,Yes,No,Low,8.2,Good,1
4786,80,Male,Asymptomatic,145,145,62,335,211,53,262,161,8.2,22.7,84,57,129,No,ST-T Abnormality,0.6,Upsloping,2,Fixed Defect,Current,Occasional,Low,9008,Yes,No,No,No,Medium,7.7,Poor,1
4787,30,Male,Atypical Angina,132,132,65,326,176,37,108,170,5.6,25.6,115,58,179,No,LVH,2.7,Downsloping,4,Reversible Defect,Current,Never,Moderate,3562,Yes,No,No,No,High,5.6,Poor,1
4788,80,Male,Typical Angina,156,156,74,197,82,46,78,83,5.4,31.7,120,79,136,No,LVH,2.0,Flat,0,Reversible Defect,Former,Frequent,Moderate,10342,No,No,Yes,No,Medium,6.6,Good,0
4789,77,Male,Asymptomatic,150,150,64,373,204,59,106,176,7.6,37.0,81,89,132,No,ST-T Abnormality,3.0,Downsloping,2,Reversible Defect,Never,Frequent,High,6288,No,No,No,No,Low,6.7,Good,1
4790,51,Female,Atypical Angina,131,131,75,303,145,54,198,124,4.8,38.6,71,70,155,No,Normal,2.3,Flat,4,Reversible Defect,Never,Never,Moderate,6540,No,No,No,No,Low,5.7,Good,0
4791,34,Male,Typical Angina,111,111,103,198,82,56,195,89,9.5,28.4,82,93,190,No,ST-T Abnormality,2.1,Upsloping,3,Reversible Defect,Never,Frequent,High,14986,No,No,No,Yes,Medium,5.1,Poor,0
4792,26,Female,Asymptomatic,104,104,78,277,173,59,237,140,6.9,34.5,118,58,200,No,ST-T Abnormality,1.2,Downsloping,4,Fixed Defect,Never,Occasional,Low,5186,Yes,No,No,No,Medium,7.6,Average,0
4793,87,Male,Asymptomatic,170,170,102,341,204,44,146,140,6.6,24.7,99,91,139,Yes,ST-T Abnormality,0.3,Flat,4,Reversible Defect,Former,Never,Moderate,12489,Yes,No,No,Yes,Medium,6.1,Average,1
4794,54,Female,Asymptomatic,106,106,73,186,100,41,226,124,5.1,22.7,81,65,175,No,LVH,0.0,Downsloping,2,Normal,Current,Never,Low,5158,No,No,No,No,Medium,8.0,Poor,1
4795,80,Female,Typical Angina,124,124,83,260,180,30,136,89,6.5,39.7,121,88,143,No,Normal,0.4,Upsloping,3,Fixed Defect,Former,Never,High,5884,No,No,Yes,Yes,Medium,6.3,Good,1
4796,40,Male,Asymptomatic,160,160,74,221,109,54,264,139,6.0,30.9,112,95,169,Yes,Normal,0.0,Upsloping,3,Fixed Defect,Former,Frequent,High,12241,Yes,No,No,Yes,Medium,6.1,Poor,0
4797,63,Male,Non-anginal Pain,160,160,75,267,142,61,203,180,5.3,37.6,76,59,153,No,LVH,0.5,Downsloping,3,Normal,Former,Never,Low,2639,No,No,Yes,Yes,Low,5.5,Good,1
4798,47,Male,Atypical Angina,173,173,67,245,110,53,116,176,5.9,26.0,117,100,167,No,ST-T Abnormality,1.5,Flat,2,Normal,Current,Occasional,Moderate,6236,Yes,No,Yes,No,Medium,8.9,Poor,1
4799,84,Male,Typical Angina,135,135,109,316,133,76,208,113,5.6,39.2,74,87,134,No,Normal,1.5,Flat,4,Reversible Defect,Never,Frequent,Moderate,4446,No,No,No,Yes,Medium,9.0,Poor,0
4800,80,Female,Atypical Angina,170,170,69,249,173,31,273,108,5.4,35.5,73,70,129,No,Normal,1.7,Flat,1,Fixed Defect,Never,Frequent,High,10243,Yes,No,No,No,High,7.8,Poor,0
4801,62,Female,Asymptomatic,126,126,77,255,157,38,220,171,8.0,22.7,93,94,149,Yes,ST-T Abnormality,0.6,Downsloping,2,Normal,Never,Occasional,Low,4818,No,Yes,Yes,Yes,High,6.2,Good,1
4802,44,Female,Atypical Angina,145,145,98,281,125,36,190,147,9.3,29.4,71,95,172,Yes,LVH,1.3,Upsloping,4,Reversible Defect,Never,Frequent,Low,8861,Yes,No,No,Yes,Low,6.2,Poor,1
4803,44,Male,Typical Angina,159,159,93,201,130,30,290,81,5.5,37.7,101,66,172,Yes,Normal,0.8,Flat,0,Normal,Never,Occasional,Moderate,6833,Yes,No,No,Yes,High,5.0,Poor,1
4804,90,Male,Typical Angina,113,113,87,264,153,40,281,137,7.9,33.7,95,83,127,Yes,LVH,0.8,Downsloping,3,Reversible Defect,Never,Occasional,Low,5110,Yes,Yes,Yes,No,Medium,7.4,Poor,1
4805,42,Female,Atypical Angina,166,166,79,312,141,69,122,151,9.0,22.4,101,91,174,No,LVH,2.2,Flat,3,Normal,Never,Occasional,High,9385,Yes,No,No,No,High,5.6,Good,0
4806,77,Male,Non-anginal Pain,173,173,103,323,173,30,260,89,5.1,33.6,104,56,136,No,Normal,0.2,Flat,1,Reversible Defect,Never,Never,Moderate,7344,Yes,Yes,No,Yes,Medium,6.8,Good,1
4807,39,Female,Non-anginal Pain,171,171,79,164,75,47,236,92,5.0,31.7,116,63,179,No,Normal,0.4,Downsloping,0,Reversible Defect,Current,Occasional,High,3174,Yes,No,No,No,Low,4.8,Average,0
4808,58,Female,Asymptomatic,164,164,80,366,207,41,242,127,5.9,35.5,95,60,152,Yes,ST-T Abnormality,1.0,Flat,0,Reversible Defect,Never,Never,Low,8545,Yes,No,No,Yes,Medium,7.1,Poor,1
4809,36,Female,Atypical Angina,123,123,110,384,215,69,289,100,7.3,25.6,74,95,188,Yes,ST-T Abnormality,0.7,Upsloping,2,Reversible Defect,Current,Frequent,Low,12302,No,No,No,Yes,Low,7.2,Poor,1
4810,56,Male,Typical Angina,129,129,103,347,193,78,293,148,8.0,25.3,94,67,154,No,Normal,1.9,Flat,4,Reversible Defect,Former,Occasional,Low,6535,Yes,Yes,No,No,Medium,4.7,Poor,1
4811,33,Female,Asymptomatic,136,136,108,371,199,60,182,160,6.3,29.2,93,79,196,No,LVH,0.3,Upsloping,1,Reversible Defect,Never,Never,Low,8137,No,No,Yes,Yes,Low,8.2,Good,1
4812,52,Male,Atypical Angina,165,165,102,340,188,73,151,155,5.8,35.7,130,98,175,No,ST-T Abnormality,2.5,Flat,0,Fixed Defect,Current,Occasional,Low,4020,No,Yes,No,Yes,Low,8.6,Average,1
4813,53,Female,Typical Angina,115,115,108,213,125,41,172,126,7.0,31.5,105,62,152,Yes,ST-T Abnormality,1.6,Upsloping,3,Normal,Never,Never,Moderate,12434,No,No,Yes,No,Medium,5.7,Poor,1
4814,85,Male,Atypical Angina,152,152,83,238,88,76,281,90,7.3,27.1,97,83,134,No,ST-T Abnormality,2.3,Flat,4,Reversible Defect,Never,Frequent,Low,13948,Yes,Yes,No,No,High,7.8,Average,1
4815,75,Male,Atypical Angina,143,143,72,268,89,59,248,127,5.3,36.5,71,95,154,No,ST-T Abnormality,1.6,Flat,1,Normal,Never,Frequent,High,8397,Yes,No,No,No,Medium,7.9,Good,0
4816,90,Female,Atypical Angina,177,177,66,297,120,67,129,178,6.0,33.1,104,89,130,No,ST-T Abnormality,1.5,Downsloping,0,Normal,Current,Never,Low,2518,No,No,No,Yes,Low,7.7,Good,1
4817,77,Female,Typical Angina,139,139,95,304,153,65,196,114,7.1,18.1,95,93,141,No,ST-T Abnormality,0.8,Downsloping,3,Reversible Defect,Current,Frequent,Low,8818,No,No,Yes,No,High,6.5,Poor,1
4818,31,Male,Non-anginal Pain,172,172,72,277,134,52,290,136,9.2,18.2,110,90,178,No,Normal,1.2,Flat,2,Normal,Never,Frequent,Low,7700,No,No,No,No,High,8.0,Poor,0
4819,55,Male,Asymptomatic,166,166,86,317,150,61,284,82,6.7,19.9,79,89,166,No,LVH,1.9,Upsloping,2,Fixed Defect,Never,Occasional,Moderate,11317,Yes,No,Yes,Yes,Low,8.1,Average,0
4820,72,Female,Typical Angina,144,144,78,257,169,32,276,130,7.3,35.4,113,55,138,Yes,Normal,2.1,Downsloping,0,Reversible Defect,Former,Frequent,High,3331,No,No,No,Yes,Low,6.7,Good,1
4821,88,Male,Asymptomatic,114,114,105,227,91,46,118,160,9.1,22.7,80,88,140,Yes,ST-T Abnormality,2.0,Downsloping,3,Normal,Former,Frequent,Moderate,5477,No,No,No,No,Medium,6.4,Good,0
4822,55,Female,Atypical Angina,146,146,67,328,167,43,131,168,9.1,23.5,90,81,162,Yes,LVH,0.4,Upsloping,3,Fixed Defect,Current,Never,Low,13494,No,No,No,No,High,8.1,Good,1
4823,26,Male,Asymptomatic,115,115,103,290,156,47,244,98,5.9,32.7,82,80,193,No,ST-T Abnormality,0.1,Flat,0,Fixed Defect,Former,Occasional,Low,4794,No,No,No,No,Low,6.8,Average,0
4824,76,Male,Atypical Angina,142,142,85,330,192,39,103,124,6.7,35.1,109,77,149,No,LVH,1.5,Downsloping,3,Reversible Defect,Former,Frequent,Low,4218,Yes,No,No,No,Low,8.1,Good,1
4825,84,Female,Asymptomatic,107,107,89,281,154,38,102,173,5.1,29.2,77,93,141,No,Normal,3.5,Downsloping,3,Reversible Defect,Never,Never,Low,7019,Yes,No,No,No,High,7.6,Good,1
4826,78,Male,Typical Angina,149,149,62,287,120,65,260,132,7.3,38.3,91,100,138,Yes,Normal,1.2,Downsloping,3,Fixed Defect,Never,Occasional,Moderate,9325,No,No,Yes,Yes,Low,6.9,Good,1
4827,33,Male,Typical Angina,175,175,93,241,74,76,79,91,5.0,31.3,122,79,189,Yes,Normal,2.6,Upsloping,2,Normal,Never,Frequent,Moderate,11626,No,No,No,Yes,High,8.1,Poor,1
4828,44,Female,Typical Angina,178,178,101,216,88,60,158,84,6.6,26.7,124,75,181,No,ST-T Abnormality,0.6,Downsloping,4,Reversible Defect,Never,Occasional,Moderate,2887,No,No,No,Yes,Low,6.4,Poor,0
4829,46,Male,Typical Angina,161,161,99,303,150,52,103,137,8.1,35.8,88,76,184,No,ST-T Abnormality,2.0,Flat,1,Fixed Defect,Current,Frequent,Moderate,3955,Yes,No,Yes,No,Medium,5.1,Average,1
4830,40,Female,Typical Angina,115,115,76,369,214,75,96,94,5.7,38.3,115,80,171,No,Normal,1.9,Upsloping,1,Normal,Current,Never,Moderate,4358,No,No,No,No,High,6.7,Average,1
4831,89,Male,Atypical Angina,134,134,80,243,75,56,181,93,8.5,26.0,112,77,122,No,ST-T Abnormality,0.8,Upsloping,2,Fixed Defect,Current,Occasional,Moderate,3605,No,No,No,No,High,7.0,Poor,0
4832,41,Female,Atypical Angina,119,119,82,351,211,57,289,162,4.9,32.2,126,62,189,No,LVH,1.2,Upsloping,0,Reversible Defect,Current,Never,High,14290,Yes,Yes,No,No,High,5.1,Good,1
4833,63,Female,Atypical Angina,177,177,76,287,141,78,90,159,6.6,32.0,89,70,150,No,LVH,2.0,Downsloping,3,Normal,Never,Never,Low,8963,No,No,No,No,Low,6.6,Average,0
4834,26,Female,Typical Angina,126,126,63,209,97,42,102,144,8.6,21.9,101,89,187,Yes,Normal,2.6,Flat,0,Reversible Defect,Never,Occasional,Low,3053,Yes,No,No,No,Medium,8.8,Average,0
4835,50,Female,Atypical Angina,143,143,75,242,84,67,84,171,5.2,35.7,121,80,156,Yes,LVH,1.6,Downsloping,4,Fixed Defect,Former,Frequent,Moderate,13279,No,Yes,Yes,Yes,Medium,6.7,Average,1
4836,32,Male,Asymptomatic,134,134,110,248,90,48,299,176,9.1,33.8,71,71,187,No,ST-T Abnormality,0.8,Downsloping,1,Reversible Defect,Former,Never,High,2366,Yes,No,No,Yes,High,8.1,Good,0
4837,41,Male,Typical Angina,152,152,72,329,189,53,165,148,8.6,39.8,74,67,182,No,Normal,1.6,Downsloping,0,Fixed Defect,Never,Frequent,Moderate,6191,Yes,No,No,Yes,Low,8.6,Good,0
4838,27,Male,Atypical Angina,171,171,64,255,125,79,279,149,7.6,37.8,83,85,192,No,LVH,1.0,Downsloping,2,Normal,Current,Occasional,Low,13660,No,No,No,Yes,Medium,6.7,Poor,1
4839,33,Female,Typical Angina,120,120,71,269,126,31,77,99,6.0,21.5,106,81,195,No,LVH,1.7,Downsloping,2,Fixed Defect,Former,Occasional,Moderate,8377,No,No,No,Yes,Medium,4.7,Good,0
4840,54,Male,Atypical Angina,124,124,96,286,183,47,247,104,7.9,26.9,122,57,167,No,LVH,1.6,Upsloping,0,Reversible Defect,Former,Occasional,Moderate,10790,No,Yes,Yes,Yes,Low,7.8,Average,0
4841,52,Female,Asymptomatic,154,154,105,317,167,75,114,180,9.3,25.4,119,76,169,No,Normal,2.0,Upsloping,0,Reversible Defect,Former,Never,Moderate,10138,Yes,No,Yes,No,Medium,5.6,Average,0
4842,78,Male,Non-anginal Pain,168,168,65,293,160,47,213,124,6.8,26.3,105,70,138,No,LVH,0.3,Flat,2,Fixed Defect,Never,Never,Moderate,14770,Yes,No,No,No,Low,7.5,Average,0
4843,85,Male,Non-anginal Pain,162,162,95,287,132,57,233,151,7.6,22.6,120,73,137,Yes,LVH,2.7,Flat,4,Reversible Defect,Former,Occasional,Moderate,6428,Yes,Yes,Yes,Yes,Low,5.4,Poor,1
4844,37,Male,Typical Angina,159,159,86,327,199,44,82,170,6.0,22.2,130,96,184,No,LVH,2.2,Upsloping,0,Fixed Defect,Never,Occasional,Moderate,13201,No,No,No,Yes,High,5.9,Good,0
4845,64,Male,Non-anginal Pain,169,169,93,359,180,80,203,104,8.0,33.3,78,60,154,No,ST-T Abnormality,1.4,Downsloping,1,Reversible Defect,Never,Occasional,High,6925,No,No,No,No,Low,8.6,Poor,0
4846,44,Male,Atypical Angina,113,113,95,272,131,61,126,81,7.1,29.1,122,83,166,No,Normal,0.4,Upsloping,1,Normal,Former,Never,Low,10585,Yes,No,No,Yes,Medium,5.1,Good,0
4847,89,Female,Typical Angina,180,180,67,349,211,79,272,141,5.8,21.5,115,95,137,Yes,LVH,1.0,Flat,3,Normal,Former,Occasional,Low,10751,No,No,No,Yes,High,4.9,Good,1
4848,74,Female,Asymptomatic,165,165,74,250,146,44,129,126,8.2,32.5,81,94,134,No,ST-T Abnormality,1.7,Flat,0,Fixed Defect,Current,Occasional,Moderate,11745,No,No,No,Yes,High,5.3,Poor,0
4849,65,Male,Asymptomatic,138,138,103,300,150,79,279,165,5.6,32.5,107,73,147,Yes,Normal,0.9,Downsloping,4,Fixed Defect,Never,Occasional,Moderate,10753,Yes,No,No,Yes,High,4.6,Average,0
4850,46,Female,Asymptomatic,148,148,94,205,76,36,154,93,6.8,20.0,110,55,184,No,Normal,1.1,Flat,1,Fixed Defect,Never,Frequent,Low,5825,Yes,No,No,No,Medium,7.5,Good,0
4851,81,Male,Typical Angina,171,171,88,286,111,75,198,169,7.3,24.1,84,59,124,No,LVH,0.1,Flat,1,Reversible Defect,Current,Never,Low,11126,No,No,No,No,Medium,7.4,Poor,0
4852,25,Female,Asymptomatic,113,113,103,328,214,51,189,100,8.5,32.5,115,57,200,No,Normal,1.1,Flat,0,Normal,Former,Frequent,Low,8856,Yes,No,No,No,Medium,5.3,Poor,0
4853,83,Male,Typical Angina,117,117,73,253,115,41,206,170,7.0,27.8,130,55,131,No,Normal,1.0,Downsloping,0,Fixed Defect,Former,Frequent,Moderate,11953,Yes,No,Yes,No,Medium,8.6,Average,0
4854,57,Female,Asymptomatic,147,147,105,154,82,31,146,140,8.0,24.7,100,64,172,No,Normal,2.1,Downsloping,3,Fixed Defect,Current,Frequent,Moderate,12372,No,No,No,Yes,High,8.6,Good,1
4855,60,Male,Non-anginal Pain,178,178,87,286,132,72,147,92,7.2,27.0,119,65,168,No,Normal,0.8,Downsloping,4,Fixed Defect,Never,Occasional,Low,4573,No,No,Yes,Yes,High,4.6,Poor,1
4856,38,Female,Non-anginal Pain,138,138,65,309,154,44,201,80,5.8,28.2,126,93,179,No,LVH,1.7,Downsloping,3,Reversible Defect,Former,Frequent,Low,4893,Yes,Yes,No,No,Medium,5.5,Average,1
4857,74,Female,Atypical Angina,100,100,75,227,156,30,147,107,6.3,34.4,86,95,138,No,Normal,1.2,Downsloping,1,Fixed Defect,Former,Occasional,Low,4909,Yes,No,No,No,Low,6.1,Average,0
4858,89,Female,Non-anginal Pain,165,165,96,219,76,78,216,109,4.9,27.1,112,99,132,No,LVH,2.7,Upsloping,4,Fixed Defect,Never,Occasional,Moderate,13359,Yes,Yes,Yes,No,High,6.3,Good,1
4859,38,Female,Asymptomatic,156,156,85,252,98,78,206,117,8.0,32.3,111,99,190,No,LVH,0.7,Downsloping,0,Reversible Defect,Former,Never,Moderate,14592,Yes,No,No,Yes,High,7.1,Poor,0
4860,59,Male,Asymptomatic,114,114,109,192,103,31,173,159,5.5,19.0,116,55,158,Yes,ST-T Abnormality,0.0,Flat,0,Reversible Defect,Former,Frequent,Moderate,4923,Yes,No,No,Yes,Medium,5.6,Average,0
4861,42,Female,Typical Angina,124,124,76,223,77,37,293,91,5.4,30.6,99,84,176,No,Normal,1.1,Flat,4,Normal,Former,Never,Moderate,13908,Yes,No,No,No,Medium,8.3,Good,0
4862,59,Female,Atypical Angina,143,143,71,332,200,61,291,139,8.6,18.9,112,57,154,No,ST-T Abnormality,2.3,Downsloping,0,Normal,Never,Occasional,Low,10736,No,Yes,Yes,No,Low,4.7,Good,1
4863,70,Female,Non-anginal Pain,172,172,70,275,98,75,126,137,7.6,37.9,79,94,145,No,ST-T Abnormality,0.0,Downsloping,2,Normal,Current,Frequent,Low,8327,No,No,Yes,Yes,Medium,8.4,Poor,1
4864,88,Female,Non-anginal Pain,179,179,96,363,180,69,164,81,7.6,28.4,111,73,132,Yes,ST-T Abnormality,2.3,Flat,3,Normal,Never,Never,Moderate,5180,Yes,No,No,Yes,High,8.4,Average,1
4865,45,Male,Atypical Angina,128,128,110,271,175,50,209,107,8.6,32.2,110,87,168,Yes,ST-T Abnormality,0.0,Downsloping,1,Reversible Defect,Former,Frequent,Moderate,5101,No,Yes,Yes,Yes,Medium,5.7,Average,1
4866,27,Male,Non-anginal Pain,136,136,110,236,158,37,242,106,6.5,23.0,123,61,199,No,ST-T Abnormality,2.6,Downsloping,0,Fixed Defect,Never,Frequent,Moderate,4577,No,No,Yes,No,High,8.1,Poor,1
4867,52,Female,Typical Angina,107,107,104,251,99,75,85,156,4.9,23.2,109,70,174,No,LVH,0.3,Flat,3,Fixed Defect,Current,Never,Moderate,3080,Yes,Yes,Yes,No,Medium,7.9,Good,1
4868,71,Female,Atypical Angina,180,180,89,232,113,70,259,93,7.6,26.6,120,81,155,No,ST-T Abnormality,0.6,Flat,3,Normal,Current,Never,High,14674,Yes,Yes,Yes,Yes,Low,8.2,Poor,1
4869,90,Male,Asymptomatic,122,122,98,302,131,62,300,154,9.0,39.2,93,98,120,Yes,Normal,1.8,Downsloping,2,Fixed Defect,Former,Frequent,Moderate,8061,Yes,No,Yes,Yes,Low,5.9,Average,1
4870,72,Male,Atypical Angina,113,113,83,271,177,45,84,108,7.7,26.3,93,71,137,No,LVH,1.7,Flat,3,Normal,Never,Frequent,Moderate,8695,No,No,No,Yes,High,6.6,Poor,0
4871,64,Male,Atypical Angina,110,110,72,296,157,70,259,125,9.3,28.9,75,69,149,No,Normal,1.8,Downsloping,2,Fixed Defect,Current,Frequent,High,2528,Yes,No,No,Yes,High,7.4,Average,1
4872,42,Female,Typical Angina,161,161,65,215,98,66,94,96,6.4,19.5,86,89,163,Yes,Normal,1.6,Upsloping,3,Reversible Defect,Never,Never,Low,2767,Yes,No,No,No,High,7.2,Poor,0
4873,72,Male,Non-anginal Pain,180,180,90,279,116,59,206,112,7.3,32.5,126,73,154,No,Normal,2.3,Downsloping,2,Normal,Never,Occasional,High,13335,No,No,Yes,Yes,High,5.9,Poor,1
4874,31,Male,Atypical Angina,130,130,85,272,109,65,260,151,7.5,39.6,124,94,194,Yes,Normal,1.6,Downsloping,1,Reversible Defect,Former,Occasional,Moderate,14658,Yes,No,No,No,Low,4.6,Poor,0
4875,74,Female,Non-anginal Pain,100,100,73,209,103,44,299,105,7.2,23.4,76,65,147,No,LVH,2.0,Upsloping,4,Normal,Former,Occasional,Low,8694,No,Yes,No,No,Low,6.1,Average,1
4876,82,Female,Typical Angina,139,139,107,294,143,63,233,137,6.9,36.1,108,84,133,No,LVH,2.4,Upsloping,2,Reversible Defect,Never,Never,Low,9701,Yes,No,No,No,Low,5.3,Poor,1
4877,43,Male,Asymptomatic,154,154,86,169,73,34,198,89,7.1,39.2,74,100,175,Yes,Normal,0.6,Upsloping,4,Reversible Defect,Never,Never,Moderate,6618,Yes,No,No,No,High,7.9,Average,1
4878,63,Female,Atypical Angina,168,168,107,221,114,55,209,117,7.0,29.4,83,60,166,Yes,Normal,0.9,Downsloping,1,Fixed Defect,Never,Never,High,8127,No,No,Yes,Yes,High,4.8,Good,0
4879,74,Female,Atypical Angina,140,140,83,277,170,57,271,107,6.1,32.2,120,96,141,Yes,LVH,1.2,Flat,4,Fixed Defect,Current,Occasional,High,11973,Yes,No,Yes,No,Medium,5.7,Average,1
4880,65,Female,Asymptomatic,162,162,110,195,104,35,240,178,8.9,23.0,88,55,141,No,LVH,0.4,Flat,3,Fixed Defect,Never,Frequent,High,9085,Yes,No,No,Yes,Medium,4.8,Good,0
4881,30,Female,Asymptomatic,113,113,107,332,172,45,276,101,9.5,35.4,86,77,178,No,Normal,2.2,Downsloping,3,Normal,Never,Never,High,11339,No,No,No,No,High,7.5,Good,0
4882,71,Male,Asymptomatic,115,115,85,175,83,45,131,90,7.9,24.7,76,73,149,No,LVH,0.0,Downsloping,3,Fixed Defect,Former,Never,Low,14261,No,No,No,Yes,Medium,8.6,Poor,0
4883,31,Male,Non-anginal Pain,134,134,86,321,207,32,166,124,5.1,23.2,90,90,192,No,Normal,0.5,Downsloping,4,Reversible Defect,Never,Occasional,Low,7157,No,No,No,No,Low,6.8,Poor,0
4884,79,Female,Typical Angina,115,115,105,291,158,56,105,133,8.1,24.6,104,80,138,No,ST-T Abnormality,1.5,Upsloping,3,Fixed Defect,Former,Occasional,Low,11130,No,No,No,No,Medium,4.7,Poor,0
4885,65,Male,Atypical Angina,142,142,86,209,74,76,195,136,7.5,33.9,113,90,150,No,Normal,1.1,Upsloping,4,Normal,Never,Frequent,Moderate,10238,Yes,No,No,Yes,Medium,6.6,Average,0
4886,61,Female,Asymptomatic,162,162,70,273,93,64,112,158,6.6,19.2,120,87,144,Yes,Normal,3.0,Flat,4,Normal,Never,Frequent,Low,7266,No,No,Yes,Yes,Medium,7.5,Good,1
4887,58,Female,Asymptomatic,170,170,94,254,140,43,201,175,8.0,18.4,80,61,162,Yes,Normal,2.6,Flat,3,Normal,Current,Never,Low,12591,Yes,Yes,No,Yes,High,5.6,Average,1
4888,54,Male,Atypical Angina,122,122,63,307,187,46,74,170,6.0,27.2,104,60,162,No,ST-T Abnormality,2.7,Flat,4,Reversible Defect,Former,Occasional,Moderate,4655,Yes,No,Yes,Yes,Low,8.8,Average,0
4889,26,Female,Typical Angina,127,127,109,173,83,45,131,162,7.0,32.5,83,78,193,No,Normal,1.4,Flat,4,Reversible Defect,Never,Frequent,High,9446,Yes,No,No,No,High,6.6,Poor,0
4890,29,Male,Typical Angina,132,132,86,232,116,70,173,97,9.0,32.7,122,69,178,No,Normal,1.5,Upsloping,4,Fixed Defect,Never,Occasional,High,3289,Yes,No,No,Yes,Medium,5.8,Average,0
4891,55,Female,Atypical Angina,153,153,61,331,199,67,272,167,7.3,20.4,77,67,155,No,LVH,3.3,Flat,1,Reversible Defect,Never,Never,Low,7203,Yes,No,Yes,No,Medium,7.7,Poor,1
4892,39,Female,Atypical Angina,136,136,80,370,213,64,136,171,5.8,26.7,98,65,188,No,Normal,1.0,Flat,3,Normal,Never,Frequent,Low,5115,No,No,Yes,Yes,Low,4.6,Average,0
4893,71,Female,Asymptomatic,129,129,79,342,219,66,103,122,7.5,22.4,114,66,144,Yes,ST-T Abnormality,0.7,Flat,3,Reversible Defect,Current,Never,Moderate,4158,Yes,Yes,No,No,Medium,8.0,Average,1
4894,28,Female,Atypical Angina,141,141,90,279,129,56,209,167,8.1,19.4,91,73,193,No,ST-T Abnormality,1.2,Flat,1,Fixed Defect,Never,Occasional,Low,14612,No,No,No,Yes,Medium,7.6,Average,0
4895,38,Male,Atypical Angina,100,100,110,278,127,50,82,125,8.0,34.8,123,63,173,Yes,ST-T Abnormality,0.0,Flat,2,Normal,Never,Frequent,Moderate,4847,No,No,No,No,Low,7.6,Good,0
4896,82,Female,Asymptomatic,105,105,65,204,88,43,249,130,7.2,28.6,116,96,143,Yes,ST-T Abnormality,2.0,Downsloping,3,Reversible Defect,Never,Frequent,Moderate,10096,Yes,Yes,Yes,No,High,5.4,Good,1
4897,87,Male,Asymptomatic,109,109,84,202,118,32,105,132,5.8,21.8,71,55,121,No,Normal,1.4,Upsloping,2,Reversible Defect,Never,Never,Moderate,5564,Yes,No,No,Yes,Low,6.6,Good,0
4898,71,Male,Atypical Angina,133,133,76,329,163,76,80,83,6.9,21.7,75,87,135,Yes,ST-T Abnormality,0.7,Downsloping,3,Normal,Former,Occasional,Low,3387,Yes,Yes,Yes,No,High,5.4,Average,1
4899,72,Female,Non-anginal Pain,121,121,66,296,220,36,217,103,6.7,37.8,84,68,139,No,ST-T Abnormality,2.8,Upsloping,3,Fixed Defect,Never,Occasional,Moderate,6900,No,Yes,Yes,No,Low,6.3,Average,1
4900,82,Female,Non-anginal Pain,138,138,93,250,110,37,103,83,7.6,20.5,85,99,133,No,Normal,1.4,Downsloping,0,Normal,Current,Occasional,High,3051,Yes,Yes,Yes,Yes,Medium,8.0,Good,1
4901,66,Male,Asymptomatic,155,155,68,244,95,58,100,123,9.4,30.9,77,90,164,No,ST-T Abnormality,1.2,Upsloping,0,Reversible Defect,Never,Frequent,Moderate,2741,No,No,Yes,No,Medium,5.2,Poor,1
4902,41,Male,Non-anginal Pain,113,113,109,323,148,72,172,138,5.7,35.3,116,65,173,No,LVH,1.3,Flat,1,Normal,Current,Frequent,Moderate,9127,No,No,No,Yes,Low,8.0,Poor,0
4903,27,Female,Atypical Angina,164,164,67,334,217,73,217,83,5.4,31.7,93,67,180,No,LVH,2.3,Flat,2,Reversible Defect,Never,Never,High,11552,Yes,Yes,No,Yes,Low,7.2,Average,1
4904,28,Female,Non-anginal Pain,103,103,62,261,115,75,199,114,8.1,40.0,109,69,200,No,LVH,1.1,Downsloping,0,Normal,Current,Never,Moderate,10806,No,No,No,No,High,5.9,Average,0
4905,48,Male,Typical Angina,133,133,68,222,75,68,216,144,7.9,32.1,101,82,179,No,ST-T Abnormality,1.3,Downsloping,1,Reversible Defect,Never,Never,Moderate,10944,Yes,No,Yes,Yes,High,6.9,Good,0
4906,57,Male,Non-anginal Pain,116,116,80,295,197,33,215,156,6.1,36.7,109,81,156,Yes,Normal,2.0,Downsloping,3,Fixed Defect,Former,Occasional,Moderate,7153,Yes,No,No,No,Low,6.7,Poor,1
4907,47,Female,Typical Angina,178,178,63,213,92,65,247,138,5.7,30.3,103,75,168,No,LVH,0.8,Flat,0,Reversible Defect,Never,Frequent,Low,12386,No,No,Yes,Yes,Low,6.7,Poor,0
4908,31,Female,Asymptomatic,145,145,85,235,113,75,172,148,7.4,19.9,114,83,198,No,Normal,1.1,Downsloping,1,Normal,Never,Frequent,High,14125,Yes,No,No,Yes,High,4.7,Poor,0
4909,28,Male,Atypical Angina,126,126,77,349,206,63,290,136,5.8,18.9,76,60,180,Yes,ST-T Abnormality,0.0,Flat,4,Reversible Defect,Never,Never,High,14777,Yes,No,Yes,No,High,7.4,Poor,1
4910,27,Female,Asymptomatic,146,146,71,238,137,60,219,149,5.9,29.4,80,95,200,No,LVH,0.7,Downsloping,3,Normal,Never,Never,Low,3486,No,No,No,No,Medium,5.8,Good,0
4911,30,Male,Asymptomatic,124,124,103,209,108,48,246,137,7.4,27.4,74,86,185,No,ST-T Abnormality,0.6,Downsloping,4,Reversible Defect,Never,Frequent,Low,3608,Yes,No,No,Yes,Medium,6.0,Poor,0
4912,67,Male,Atypical Angina,102,102,77,325,177,40,133,156,5.0,23.2,98,85,161,No,LVH,0.8,Downsloping,0,Fixed Defect,Never,Never,Low,10874,Yes,No,Yes,No,High,7.5,Poor,0
4913,41,Male,Typical Angina,134,134,85,291,147,44,290,125,7.0,34.6,82,73,166,No,ST-T Abnormality,2.2,Downsloping,2,Reversible Defect,Never,Never,Moderate,7940,Yes,No,No,Yes,Medium,7.8,Good,0
4914,50,Male,Asymptomatic,167,167,93,277,147,62,214,127,5.8,27.4,82,82,158,No,Normal,0.9,Downsloping,2,Normal,Current,Occasional,High,3383,No,No,No,No,High,8.1,Good,0
4915,65,Female,Asymptomatic,160,160,76,262,88,55,198,154,8.7,31.1,73,80,163,No,LVH,0.0,Downsloping,3,Normal,Never,Never,Moderate,14081,Yes,No,Yes,No,Medium,4.8,Good,1
4916,54,Female,Asymptomatic,140,140,100,280,120,43,113,88,6.3,24.2,100,86,155,No,LVH,1.2,Flat,2,Reversible Defect,Former,Never,High,9211,No,Yes,No,Yes,High,6.9,Good,0
4917,75,Male,Atypical Angina,148,148,78,244,122,34,235,101,5.7,34.6,84,60,148,No,ST-T Abnormality,1.4,Upsloping,2,Reversible Defect,Never,Never,High,9384,Yes,No,Yes,No,Low,5.5,Poor,1
4918,40,Male,Typical Angina,113,113,107,341,218,41,213,121,8.5,22.6,123,59,178,Yes,ST-T Abnormality,2.9,Upsloping,4,Reversible Defect,Former,Never,Moderate,2229,Yes,No,No,Yes,Medium,8.2,Good,1
4919,81,Male,Non-anginal Pain,146,146,64,274,153,46,162,128,9.0,36.4,106,84,144,Yes,ST-T Abnormality,1.0,Flat,0,Fixed Defect,Never,Occasional,Moderate,14432,Yes,Yes,No,No,High,6.0,Good,1
4920,90,Female,Asymptomatic,124,124,94,213,77,33,259,87,5.6,18.5,70,85,136,Yes,ST-T Abnormality,0.0,Downsloping,1,Normal,Former,Occasional,Low,4475,Yes,No,No,Yes,Low,7.7,Average,1
4921,86,Female,Typical Angina,173,173,81,240,87,67,263,178,8.6,33.2,72,72,124,No,ST-T Abnormality,0.7,Upsloping,4,Reversible Defect,Never,Occasional,Moderate,10315,No,No,Yes,No,Medium,6.3,Average,1
4922,35,Female,Typical Angina,161,161,73,189,111,33,156,84,8.3,22.4,124,92,188,No,ST-T Abnormality,2.2,Downsloping,4,Fixed Defect,Current,Occasional,Low,10849,No,No,No,No,Low,6.9,Average,1
4923,29,Male,Typical Angina,148,148,105,280,110,54,98,86,5.4,26.8,99,69,178,Yes,LVH,0.4,Downsloping,3,Fixed Defect,Never,Occasional,Low,12003,Yes,No,No,Yes,High,6.8,Good,1
4924,88,Female,Asymptomatic,112,112,78,373,193,71,96,133,7.5,27.7,122,93,117,No,ST-T Abnormality,0.1,Upsloping,3,Reversible Defect,Current,Occasional,High,7769,No,No,No,No,Low,6.2,Good,0
4925,52,Male,Non-anginal Pain,165,165,91,206,94,70,290,149,5.2,32.2,112,73,157,No,Normal,1.0,Upsloping,4,Fixed Defect,Current,Occasional,Low,2282,Yes,Yes,Yes,Yes,Medium,7.0,Poor,1
4926,31,Male,Asymptomatic,108,108,108,297,115,63,284,137,6.8,35.3,86,92,196,No,ST-T Abnormality,2.6,Flat,4,Fixed Defect,Current,Occasional,Moderate,5938,Yes,No,Yes,Yes,Low,8.8,Average,1
4927,58,Female,Typical Angina,124,124,64,302,163,78,143,161,7.9,33.0,112,70,159,No,LVH,1.9,Upsloping,4,Fixed Defect,Former,Frequent,High,12621,Yes,No,No,Yes,Medium,8.1,Poor,0
4928,27,Male,Asymptomatic,125,125,63,270,114,52,118,107,8.1,36.9,124,87,182,No,ST-T Abnormality,2.7,Upsloping,2,Fixed Defect,Current,Frequent,Moderate,3232,No,No,Yes,No,Medium,8.1,Poor,1
4929,80,Male,Asymptomatic,109,109,106,274,153,61,219,160,7.4,35.5,105,65,133,No,ST-T Abnormality,1.8,Upsloping,4,Fixed Defect,Never,Frequent,Moderate,4469,Yes,No,Yes,No,High,8.9,Good,0
4930,78,Female,Atypical Angina,126,126,86,245,80,71,76,170,8.6,31.9,70,75,134,Yes,Normal,2.6,Downsloping,4,Normal,Current,Frequent,Moderate,2409,No,No,No,Yes,Low,5.5,Good,1
4931,49,Male,Asymptomatic,178,178,79,229,94,60,159,170,5.7,36.3,130,55,168,No,LVH,0.8,Flat,2,Normal,Current,Frequent,Moderate,10863,No,No,Yes,Yes,Low,7.2,Poor,1
4932,86,Female,Non-anginal Pain,140,140,87,287,180,39,116,113,7.4,38.4,113,72,141,No,ST-T Abnormality,1.7,Downsloping,3,Fixed Defect,Never,Frequent,Low,14486,No,No,No,Yes,Low,6.8,Good,1
4933,32,Female,Atypical Angina,136,136,109,342,172,74,164,173,7.8,28.1,124,74,173,No,ST-T Abnormality,1.7,Upsloping,2,Normal,Never,Frequent,Moderate,9972,Yes,No,No,Yes,Medium,8.4,Average,0
4934,77,Female,Non-anginal Pain,136,136,96,244,111,77,114,124,5.5,25.4,129,97,128,No,Normal,0.3,Flat,1,Reversible Defect,Never,Frequent,Moderate,2942,No,No,Yes,No,Low,5.1,Poor,0
4935,79,Female,Typical Angina,127,127,76,271,137,58,234,148,4.9,31.9,73,96,127,No,LVH,1.9,Downsloping,1,Reversible Defect,Former,Occasional,High,3570,No,No,Yes,No,High,8.5,Average,0
4936,75,Male,Asymptomatic,178,178,89,208,88,32,292,165,9.1,22.1,81,100,149,No,ST-T Abnormality,0.7,Downsloping,2,Fixed Defect,Former,Occasional,Moderate,8759,No,Yes,No,No,Low,5.0,Average,0
4937,37,Female,Atypical Angina,123,123,65,192,78,61,113,106,8.7,32.7,77,60,180,No,LVH,2.6,Flat,3,Fixed Defect,Former,Frequent,High,6117,No,Yes,No,Yes,High,8.0,Good,1
4938,85,Female,Atypical Angina,153,153,60,344,166,80,131,158,5.4,33.1,101,82,124,No,Normal,2.3,Flat,0,Fixed Defect,Never,Never,Low,9735,No,No,Yes,No,Medium,6.2,Average,1
4939,82,Female,Typical Angina,119,119,89,315,213,62,217,153,5.2,36.5,111,57,131,No,ST-T Abnormality,1.2,Upsloping,3,Normal,Never,Never,Moderate,5550,Yes,No,No,No,Medium,4.9,Poor,1
4940,46,Male,Atypical Angina,137,137,100,259,151,39,261,156,7.6,29.9,104,69,159,No,LVH,0.0,Flat,3,Normal,Former,Occasional,Low,8912,Yes,No,No,No,Medium,5.4,Poor,0
4941,42,Male,Atypical Angina,144,144,62,257,143,41,132,136,8.9,35.1,84,80,170,No,Normal,0.8,Downsloping,0,Fixed Defect,Never,Never,Moderate,3309,Yes,No,No,No,Medium,6.9,Poor,0
4942,46,Male,Non-anginal Pain,101,101,96,377,202,66,215,173,6.4,30.4,85,79,178,No,LVH,1.2,Upsloping,1,Fixed Defect,Former,Never,High,3078,Yes,No,No,Yes,Medium,4.5,Average,0
4943,34,Male,Atypical Angina,102,102,84,327,202,58,126,166,9.4,37.9,81,70,188,No,Normal,1.9,Flat,2,Fixed Defect,Former,Frequent,High,8535,Yes,No,No,No,Medium,7.9,Average,0
4944,71,Male,Typical Angina,166,166,60,332,216,60,270,108,6.2,29.2,75,88,157,No,LVH,0.0,Flat,2,Normal,Never,Occasional,Moderate,13636,No,Yes,No,No,Low,7.5,Average,0
4945,84,Male,Non-anginal Pain,101,101,74,246,105,74,115,112,5.2,24.0,129,77,144,Yes,Normal,1.8,Upsloping,2,Normal,Never,Frequent,Moderate,6751,Yes,Yes,Yes,No,High,5.7,Good,1
4946,83,Female,Non-anginal Pain,112,112,70,374,195,80,82,81,8.0,36.4,80,99,122,No,LVH,1.4,Downsloping,2,Reversible Defect,Never,Never,Moderate,7383,Yes,No,No,Yes,High,6.7,Poor,0
4947,76,Male,Typical Angina,136,136,109,310,140,54,185,178,5.2,26.5,70,73,136,No,ST-T Abnormality,0.1,Upsloping,3,Normal,Never,Occasional,High,5857,Yes,No,Yes,Yes,Medium,5.4,Average,1
4948,33,Male,Non-anginal Pain,179,179,61,194,77,56,101,159,7.9,25.6,112,99,197,No,ST-T Abnormality,0.5,Downsloping,4,Fixed Defect,Former,Never,Moderate,7431,Yes,No,No,Yes,Medium,5.3,Good,0
4949,75,Female,Non-anginal Pain,147,147,61,244,164,33,208,167,9.2,35.8,91,65,135,No,Normal,2.0,Upsloping,3,Normal,Current,Frequent,Moderate,3160,No,No,Yes,No,Medium,8.5,Good,1
4950,55,Male,Non-anginal Pain,137,137,92,304,160,51,247,87,5.7,38.9,113,62,164,No,LVH,2.8,Flat,1,Reversible Defect,Current,Never,High,14255,Yes,Yes,No,Yes,Low,8.3,Poor,1
4951,63,Male,Typical Angina,122,122,88,296,144,54,76,93,6.7,19.6,82,95,158,No,ST-T Abnormality,1.6,Downsloping,0,Normal,Never,Frequent,Moderate,2146,Yes,No,Yes,Yes,Low,7.7,Average,0
4952,61,Female,Atypical Angina,142,142,99,345,173,70,89,165,5.1,21.0,86,63,145,No,Normal,1.8,Upsloping,2,Reversible Defect,Former,Never,Moderate,11384,No,No,No,No,Low,8.8,Average,0
4953,74,Male,Typical Angina,126,126,91,226,74,38,160,170,8.8,27.2,123,97,140,No,LVH,0.0,Upsloping,0,Fixed Defect,Never,Occasional,Low,13452,Yes,No,No,No,Medium,7.7,Good,0
4954,41,Female,Asymptomatic,113,113,76,292,132,57,199,92,6.1,31.6,109,96,177,No,Normal,0.6,Flat,2,Normal,Never,Occasional,Moderate,3771,No,No,No,Yes,High,8.8,Good,0
4955,46,Female,Non-anginal Pain,136,136,106,318,182,79,286,160,5.5,28.2,121,57,161,No,ST-T Abnormality,2.1,Downsloping,0,Normal,Never,Frequent,Moderate,3787,Yes,Yes,Yes,No,Low,5.5,Poor,1
4956,49,Female,Asymptomatic,161,161,71,228,98,52,142,86,7.7,27.3,100,71,159,No,ST-T Abnormality,0.0,Downsloping,1,Normal,Never,Frequent,Moderate,12992,No,No,No,No,Medium,5.4,Good,0
4957,65,Male,Asymptomatic,123,123,83,282,122,74,259,125,5.2,35.6,128,85,161,No,Normal,1.2,Upsloping,1,Normal,Never,Occasional,Moderate,3865,Yes,No,No,No,High,5.1,Good,0
4958,26,Male,Non-anginal Pain,145,145,105,343,177,71,299,96,8.3,36.1,118,84,200,Yes,ST-T Abnormality,1.0,Upsloping,4,Normal,Never,Frequent,Moderate,7226,Yes,Yes,No,No,High,6.4,Average,1
4959,25,Male,Atypical Angina,108,108,109,281,168,49,286,174,8.7,34.0,116,69,200,No,Normal,1.4,Flat,2,Normal,Current,Never,High,11768,Yes,No,Yes,No,Medium,8.8,Good,1
4960,56,Female,Asymptomatic,139,139,110,266,134,76,255,126,9.1,21.1,79,85,162,Yes,LVH,1.3,Downsloping,4,Reversible Defect,Current,Frequent,High,12772,No,No,No,No,High,5.6,Poor,0
4961,70,Male,Asymptomatic,171,171,79,192,83,69,116,121,8.2,23.1,104,79,150,Yes,Normal,1.9,Downsloping,1,Fixed Defect,Never,Occasional,Low,4643,No,No,Yes,Yes,Low,8.5,Poor,1
4962,88,Female,Non-anginal Pain,103,103,91,321,194,39,148,127,8.5,35.9,125,85,125,No,ST-T Abnormality,2.0,Flat,1,Normal,Never,Occasional,Low,7535,No,No,No,Yes,High,5.3,Average,1
4963,62,Male,Typical Angina,153,153,85,287,165,39,223,119,7.5,23.8,104,94,160,No,ST-T Abnormality,0.0,Flat,2,Normal,Never,Never,Moderate,13300,Yes,Yes,No,Yes,Medium,6.4,Good,1
4964,59,Female,Typical Angina,114,114,67,332,154,61,224,121,4.9,28.6,80,88,168,No,ST-T Abnormality,1.7,Downsloping,3,Fixed Defect,Never,Frequent,Moderate,9324,Yes,Yes,No,No,High,6.7,Good,0
4965,60,Female,Typical Angina,169,169,95,385,206,75,246,178,4.9,26.1,112,56,154,No,Normal,1.0,Flat,0,Reversible Defect,Never,Frequent,Moderate,13215,No,No,No,No,Low,6.7,Good,0
4966,47,Male,Atypical Angina,138,138,60,209,70,46,241,171,8.5,19.8,72,72,172,No,ST-T Abnormality,2.4,Downsloping,4,Normal,Never,Occasional,High,3697,No,No,No,No,Low,5.7,Average,0
4967,30,Female,Atypical Angina,167,167,101,310,161,71,137,167,7.0,38.4,83,84,196,No,LVH,0.6,Upsloping,2,Fixed Defect,Never,Frequent,Low,9423,Yes,Yes,No,No,Medium,7.9,Poor,1
4968,70,Male,Non-anginal Pain,124,124,105,242,83,70,86,162,5.9,34.5,105,85,152,No,ST-T Abnormality,1.3,Flat,1,Fixed Defect,Current,Never,Low,7728,No,No,No,Yes,High,4.5,Average,0
4969,30,Male,Atypical Angina,179,179,96,269,175,40,196,111,4.8,34.7,118,96,191,No,ST-T Abnormality,0.1,Flat,2,Normal,Never,Never,Low,12095,Yes,No,No,No,High,9.0,Good,1
4970,56,Male,Asymptomatic,117,117,72,286,183,37,268,84,5.0,31.2,111,63,159,No,ST-T Abnormality,1.5,Upsloping,2,Normal,Former,Frequent,High,3328,No,No,Yes,No,Medium,6.6,Average,1
4971,37,Male,Atypical Angina,111,111,105,335,183,72,276,167,5.8,23.5,71,57,173,No,ST-T Abnormality,0.8,Flat,0,Normal,Current,Never,High,7417,Yes,No,No,Yes,Low,7.7,Average,0
4972,41,Female,Typical Angina,156,156,67,165,71,31,243,177,6.6,24.4,83,76,169,Yes,LVH,2.0,Flat,0,Fixed Defect,Former,Never,Moderate,9652,Yes,No,No,Yes,High,6.1,Good,0
4973,60,Female,Non-anginal Pain,171,171,83,368,184,67,260,175,5.9,32.1,76,69,155,No,LVH,1.6,Upsloping,0,Reversible Defect,Current,Frequent,Low,9767,Yes,Yes,Yes,Yes,Medium,8.1,Poor,1
4974,65,Female,Asymptomatic,176,176,95,252,126,37,74,177,7.5,18.2,118,88,152,No,LVH,0.7,Flat,3,Reversible Defect,Current,Never,Low,3559,Yes,Yes,No,No,Medium,7.5,Average,1
4975,78,Female,Typical Angina,174,174,81,325,206,31,225,118,9.0,19.2,97,67,136,No,ST-T Abnormality,1.8,Upsloping,0,Reversible Defect,Never,Occasional,Moderate,12658,No,Yes,Yes,Yes,Low,8.3,Average,1
4976,70,Male,Asymptomatic,142,142,67,380,216,74,201,165,9.1,39.1,109,96,148,No,Normal,0.3,Downsloping,0,Fixed Defect,Never,Frequent,Moderate,9897,Yes,No,No,No,Low,6.9,Poor,0
4977,70,Female,Asymptomatic,113,113,95,291,143,30,92,140,6.3,29.0,104,81,152,Yes,LVH,1.8,Downsloping,3,Normal,Current,Never,High,6499,No,No,No,Yes,High,5.7,Poor,1
4978,71,Female,Asymptomatic,172,172,92,333,141,79,131,98,9.0,33.8,73,60,159,Yes,LVH,0.8,Downsloping,1,Fixed Defect,Never,Never,Low,7966,No,No,No,No,Low,8.7,Good,1
4979,42,Female,Atypical Angina,114,114,71,320,189,49,179,120,6.6,18.4,116,90,167,No,ST-T Abnormality,0.7,Flat,1,Fixed Defect,Former,Occasional,High,6006,Yes,Yes,No,Yes,High,7.1,Poor,0
4980,75,Female,Non-anginal Pain,179,179,91,357,165,78,249,106,6.9,29.6,120,65,146,No,LVH,1.0,Downsloping,0,Normal,Never,Occasional,Low,5889,Yes,No,No,Yes,Low,4.6,Good,0
4981,68,Female,Typical Angina,129,129,88,276,100,63,258,80,5.3,33.2,90,65,157,No,Normal,2.6,Upsloping,0,Reversible Defect,Never,Frequent,Moderate,5030,No,No,No,Yes,High,4.9,Average,0
4982,41,Female,Typical Angina,121,121,73,217,85,57,277,172,8.6,18.2,118,91,181,No,ST-T Abnormality,1.3,Upsloping,2,Reversible Defect,Current,Never,Moderate,8599,Yes,No,No,No,High,5.9,Average,0
4983,86,Female,Asymptomatic,121,121,86,331,157,56,273,116,8.8,28.7,97,83,141,No,LVH,1.0,Upsloping,2,Normal,Never,Frequent,High,8304,No,Yes,No,Yes,Medium,8.0,Good,1
4984,53,Male,Typical Angina,137,137,87,358,204,70,259,153,9.4,20.2,122,94,173,No,ST-T Abnormality,1.3,Downsloping,1,Fixed Defect,Never,Never,Low,10809,No,No,No,No,Low,8.5,Good,0
4985,50,Female,Atypical Angina,119,119,71,216,76,66,185,116,8.8,36.2,116,80,175,No,ST-T Abnormality,0.0,Upsloping,4,Reversible Defect,Never,Occasional,Low,9242,Yes,No,No,Yes,Low,8.3,Average,0
4986,46,Male,Atypical Angina,125,125,98,349,217,53,210,114,9.3,23.4,103,66,182,No,LVH,0.3,Downsloping,2,Fixed Defect,Never,Occasional,High,13314,No,No,Yes,Yes,Low,8.1,Good,0
4987,48,Female,Typical Angina,171,171,105,237,119,40,264,136,4.9,28.3,103,70,167,No,Normal,1.5,Upsloping,2,Normal,Current,Occasional,High,8564,Yes,Yes,Yes,Yes,High,6.6,Poor,1
4988,79,Female,Typical Angina,105,105,72,229,99,61,147,162,7.8,18.3,121,70,147,No,LVH,0.0,Downsloping,3,Normal,Never,Occasional,Low,11562,Yes,No,Yes,No,High,8.1,Average,0
4989,31,Female,Non-anginal Pain,107,107,98,254,137,69,115,106,9.0,22.3,97,89,196,Yes,LVH,1.2,Upsloping,4,Fixed Defect,Never,Occasional,Low,2336,No,No,No,No,Low,5.3,Good,1
4990,82,Male,Typical Angina,145,145,87,263,135,40,74,148,8.1,21.6,113,67,141,No,ST-T Abnormality,2.9,Flat,0,Normal,Former,Occasional,High,7532,Yes,No,Yes,Yes,Low,6.4,Poor,1
4991,90,Female,Asymptomatic,178,178,89,290,152,64,236,146,5.5,34.5,113,61,120,No,Normal,0.0,Upsloping,1,Reversible Defect,Former,Occasional,Moderate,8372,Yes,Yes,Yes,No,High,8.4,Poor,1
4992,40,Female,Non-anginal Pain,168,168,68,311,152,50,276,122,8.2,38.1,130,100,185,No,ST-T Abnormality,2.6,Upsloping,3,Fixed Defect,Former,Never,High,8689,Yes,No,No,No,High,7.9,Good,0
4993,88,Female,Atypical Angina,135,135,104,259,93,61,221,140,8.6,35.0,109,89,129,Yes,Normal,0.8,Flat,0,Normal,Former,Frequent,Moderate,11085,Yes,No,No,Yes,Low,7.0,Good,1
4994,90,Male,Typical Angina,177,177,81,311,183,75,70,103,9.4,28.4,70,84,124,No,LVH,1.8,Upsloping,3,Fixed Defect,Never,Never,Moderate,9131,Yes,No,Yes,Yes,Low,8.1,Good,0
4995,25,Male,Non-anginal Pain,123,123,102,205,83,76,230,119,6.6,36.5,71,83,196,Yes,ST-T Abnormality,0.4,Flat,2,Reversible Defect,Former,Never,High,10827,No,No,No,Yes,High,7.7,Good,0
4996,28,Female,Typical Angina,123,123,66,345,174,51,238,178,7.2,30.3,123,98,191,No,LVH,0.0,Flat,3,Reversible Defect,Former,Frequent,High,3105,Yes,No,No,No,Low,8.3,Good,0
4997,85,Female,Non-anginal Pain,107,107,73,272,132,56,127,90,8.2,19.2,100,76,132,No,Normal,0.9,Upsloping,2,Reversible Defect,Never,Never,High,6246,Yes,Yes,Yes,No,Medium,7.0,Average,1
4998,84,Male,Asymptomatic,146,146,76,316,194,65,161,99,5.3,33.3,99,59,137,Yes,LVH,0.7,Upsloping,4,Normal,Former,Frequent,Moderate,2867,Yes,No,Yes,Yes,Medium,8.1,Average,1
4999,84,Male,Atypical Angina,166,166,86,235,94,70,178,109,6.8,26.2,83,76,145,No,LVH,1.4,Downsloping,3,Reversible Defect,Current,Occasional,High,8156,Yes,Yes,Yes,No,High,5.6,Average,1
5000,48,Female,Asymptomatic,170,170,78,306,163,31,254,91,8.2,29.5,81,66,181,No,LVH,2.0,Downsloping,0,Normal,Never,Frequent,Low,14256,Yes,No,No,Yes,Medium,8.0,Average,0
